date,open,high,low,close,volume
1990-01-02,479.65,479.65,479.65,479.65,385593
1990-01-03,483.25,483.25,483.25,483.25,866751
1990-01-04,487.75,487.75,487.75,487.75,2778047
1990-01-05,484.15,484.15,484.15,484.15,317809
1990-01-08,485.05,485.05,485.05,485.05,641173
1990-01-09,481.45,481.45,481.45,481.45,1462364
1990-01-10,482.35,482.35,482.35,482.35,257803
1990-01-11,476.95,476.95,476.95,476.95,1444584
1990-01-12,466.15,466.15,466.15,466.15,1222341
1990-01-15,469.75,469.75,469.75,469.75,1021210
1990-01-16,465.25,465.25,465.25,465.25,1845734
1990-01-17,467.95,467.95,467.95,467.95,981206
1990-01-18,463.46,463.46,463.46,463.46,644507
1990-01-19,459.86,459.86,459.86,459.86,1111219
1990-01-22,451.76,451.76,451.76,451.76,1555706
1990-01-23,450.86,450.86,450.86,450.86,1103440
1990-01-24,454.46,454.46,454.46,454.46,1889072
1990-01-25,453.56,453.56,453.56,453.56,434487
1990-01-26,452.66,452.66,452.66,452.66,373370
1990-01-29,454.46,454.46,454.46,454.46,114456
1990-01-30,446.36,446.36,446.36,446.36,618949
1990-01-31,447.26,447.26,447.26,447.26,283361
1990-02-01,450.86,450.86,450.86,450.86,1030100
1990-02-02,451.76,451.76,451.76,451.76,303363
1990-02-05,456.26,456.26,456.26,456.26,692289
1990-02-06,450.86,450.86,450.86,450.86,303363
1990-02-07,446.36,446.36,446.36,446.36,386704
1990-02-08,448.16,448.16,448.16,448.16,555609
1990-02-09,440.96,440.96,440.96,440.96,365591
1990-02-12,439.16,439.16,439.16,439.16,264470
1990-02-13,436.46,436.46,436.46,436.46,173350
1990-02-14,443.66,443.66,443.66,443.66,1067881
1990-02-15,445.46,445.46,445.46,445.46,1555706
1990-02-16,447.26,447.26,447.26,447.26,144458
1990-02-19,440.96,440.96,440.96,440.96,1222341
1990-02-20,439.16,439.16,439.16,439.16,1392357
1990-02-21,437.36,437.36,437.36,437.36,1386801
1990-02-22,440.06,440.06,440.06,440.06,968983
1990-02-23,429.26,429.26,429.26,429.26,1555706
1990-02-26,425.66,425.66,425.66,425.66,328921
1990-02-27,429.26,429.26,429.26,429.26,2659147
1990-02-28,424.76,424.76,424.76,424.76,577834
1990-03-01,422.96,422.96,422.96,422.96,836748
1990-03-02,429.26,429.26,429.26,429.26,696734
1990-03-05,425.66,425.66,425.66,425.66,660064
1990-03-06,422.06,422.06,422.06,422.06,628950
1990-03-07,425.66,425.66,425.66,425.66,1777950
1990-03-08,430.16,430.16,430.16,430.16,1111219
1990-03-09,423.86,423.86,423.86,423.86,696734
1990-03-12,417.56,417.56,417.56,417.56,862306
1990-03-13,416.66,416.66,416.66,416.66,830080
1990-03-14,415.76,415.76,415.76,415.76,1222341
1990-03-15,420.26,420.26,420.26,420.26,932313
1990-03-16,430.16,430.16,430.16,430.16,1333463
1990-03-19,421.16,421.16,421.16,421.16,483380
1990-03-20,425.66,425.66,425.66,425.66,272249
1990-03-21,419.36,419.36,419.36,419.36,653397
1990-03-22,429.26,429.26,429.26,429.26,906755
1990-03-23,428.36,428.36,428.36,428.36,398928
1990-03-26,431.96,431.96,431.96,431.96,330032
1990-03-27,429.26,429.26,429.26,429.26,142236
1990-03-28,433.76,433.76,433.76,433.76,2666925
1990-03-29,431.06,431.06,431.06,431.06,2666925
1990-03-30,437.36,437.36,437.36,437.36,2111316
1990-04-02,434.66,434.66,434.66,434.66,506716
1990-04-03,447.26,447.26,447.26,447.26,2111316
1990-04-04,443.66,443.66,443.66,443.66,262248
1990-04-05,445.46,445.46,445.46,445.46,851194
1990-04-06,447.26,447.26,447.26,447.26,700068
1990-04-09,453.56,453.56,453.56,453.56,1222341
1990-04-10,452.66,452.66,452.66,452.66,793410
1990-04-11,457.16,457.16,457.16,457.16,2111316
1990-04-12,446.36,446.36,446.36,446.36,1057880
1990-04-17,442.76,442.76,442.76,442.76,143347
1990-04-18,441.86,441.86,441.86,441.86,833414
1990-04-19,436.46,436.46,436.46,436.46,482269
1990-04-20,428.36,428.36,428.36,428.36,1023432
1990-04-23,422.06,422.06,422.06,422.06,1077882
1990-04-24,427.46,427.46,427.46,427.46,1020099
1990-04-25,431.06,431.06,431.06,431.06,358924
1990-04-26,433.76,433.76,433.76,433.76,398928
1990-04-27,418.46,418.46,418.46,418.46,2333559
1990-04-30,414.86,414.86,414.86,414.86,847860
1990-05-01,416.66,416.66,416.66,416.66,122234
1990-05-02,418.46,418.46,418.46,418.46,508938
1990-05-03,416.66,416.66,416.66,416.66,183351
1990-05-04,418.46,418.46,418.46,418.46,544497
1990-05-08,423.86,423.86,423.86,423.86,450044
1990-05-09,422.96,422.96,422.96,422.96,174461
1990-05-11,423.86,423.86,423.86,423.86,857861
1990-05-14,425.66,425.66,425.66,425.66,656730
1990-05-15,430.16,430.16,430.16,430.16,1444584
1990-05-16,431.96,431.96,431.96,431.96,1222341
1990-05-17,440.06,440.06,440.06,440.06,1555706
1990-05-18,436.46,436.46,436.46,436.46,702290
1990-05-21,435.56,435.56,435.56,435.56,1222341
1990-05-22,445.46,445.46,445.46,445.46,2555803
1990-05-23,448.16,448.16,448.16,448.16,4000388
1990-05-24,437.36,437.36,437.36,437.36,1111219
1990-05-25,435.56,435.56,435.56,435.56,316697
1990-05-29,449.06,449.06,449.06,449.06,1111219
1990-05-30,455.36,455.36,455.36,455.36,1001208
1990-05-31,456.26,456.26,456.26,456.26,752295
1990-06-01,466.15,466.15,466.15,466.15,745628
1990-06-04,473.35,473.35,473.35,473.35,1111219
1990-06-05,458.06,458.06,458.06,458.06,6889556
1990-06-06,450.86,450.86,450.86,450.86,1777950
1990-06-07,458.06,458.06,458.06,458.06,1889072
1990-06-08,458.96,458.96,458.96,458.96,630061
1990-06-11,450.86,450.86,450.86,450.86,1777950
1990-06-12,453.56,453.56,453.56,453.56,235578
1990-06-13,454.46,454.46,454.46,454.46,224466
1990-06-14,458.06,458.06,458.06,458.06,2222438
1990-06-15,458.06,458.06,458.06,458.06,1953523
1990-06-18,450.86,450.86,450.86,450.86,595613
1990-06-19,452.66,452.66,452.66,452.66,338922
1990-06-20,451.76,451.76,451.76,451.76,440043
1990-06-21,447.26,447.26,447.26,447.26,507827
1990-06-22,445.46,445.46,445.46,445.46,558943
1990-06-25,451.76,451.76,451.76,451.76,426708
1990-06-26,456.71,456.71,456.71,456.71,3222534
1990-06-27,457.16,457.16,457.16,457.16,612282
1990-06-28,456.26,456.26,456.26,456.26,418929
1990-06-29,456.26,467.95,454.46,465.25,2572471
1990-07-02,469.75,469.75,465.25,467.95,644274
1990-07-03,466.15,471.55,466.15,472.45,802943
1990-07-04,474.25,474.25,469.75,471.55,2315477
1990-07-05,469.75,473.35,467.05,468.85,1167096
1990-07-06,465.25,472.45,465.25,468.85,1072883
1990-07-09,471.55,472.45,466.15,468.85,177018
1990-07-10,470.65,470.65,466.15,467.05,580971
1990-07-11,467.05,469.75,464.36,467.95,185884
1990-07-12,472.45,476.95,467.95,472.45,1197548
1990-07-13,470.65,471.55,461.66,465.25,1685778
1990-07-16,470.65,476.95,466.15,472.45,1266859
1990-07-17,470.65,480.55,470.65,476.95,1187871
1990-07-18,474.25,481.45,470.65,472.45,1318407
1990-07-19,475.15,476.95,472.45,474.25,1128559
1990-07-20,476.95,476.95,470.65,473.35,7267035
1990-07-23,473.35,476.95,465.25,469.75,648253
1990-07-24,469.75,478.75,469.75,475.15,616903
1990-07-25,478.75,478.75,472.45,474.25,1043309
1990-07-26,472.45,476.05,470.65,471.1,574562
1990-07-27,470.65,474.25,469.75,472.45,389397
1990-07-30,473.35,474.25,466.15,467.95,561517
1990-07-31,467.95,474.25,467.95,470.65,1065654
1990-08-01,476.95,478.75,472.45,476.95,1008397
1990-08-02,470.65,470.65,458.96,461.66,1490996
1990-08-03,458.96,462.56,456.26,459.41,921885
1990-08-06,452.66,457.16,449.06,452.66,1003234
1990-08-07,452.66,465.25,451.76,461.66,1369716
1990-08-08,459.86,464.36,456.26,459.86,1123104
1990-08-09,464.36,464.36,458.96,460.76,777512
1990-08-10,463.46,463.46,458.96,460.76,1026598
1990-08-13,458.96,458.96,455.36,457.16,214169
1990-08-14,458.06,460.76,452.66,454.46,1633599
1990-08-15,454.46,456.26,452.66,454.46,318090
1990-08-16,450.86,455.36,450.86,451.76,1221429
1990-08-17,447.26,447.26,440.96,444.56,3121116
1990-08-20,443.66,447.26,439.16,441.86,1406696
1990-08-21,440.06,440.96,428.36,431.96,2021870
1990-08-22,435.56,440.96,431.96,435.56,801283
1990-08-23,427.46,437.36,425.66,433.76,1438906
1990-08-24,431.96,438.26,431.96,434.66,942630
1990-08-28,442.76,442.76,434.66,438.26,358584
1990-08-29,435.56,439.16,430.16,430.16,1601843
1990-08-30,427.46,433.76,424.76,431.06,1648849
1990-08-31,432.86,435.11,428.36,433.76,1472040
1990-09-03,436.46,436.46,430.16,433.76,493142
1990-09-04,431.06,434.66,431.06,433.76,581486
1990-09-05,431.96,445.46,431.96,437.36,745343
1990-09-06,435.56,438.26,433.76,435.56,2181249
1990-09-07,431.96,436.46,427.46,431.96,837761
1990-09-10,436.46,438.26,431.96,438.26,780915
1990-09-11,437.36,442.76,435.56,440.06,951447
1990-09-12,444.56,445.46,440.06,442.76,1643640
1990-09-13,445.46,445.46,439.16,438.26,519366
1990-09-14,434.66,438.26,431.06,431.96,712219
1990-09-17,429.26,430.16,424.76,427.46,2271292
1990-09-18,425.66,429.26,421.16,423.86,363315
1990-09-19,422.96,426.56,422.06,424.76,220148
1990-09-20,425.66,425.66,410.36,412.16,2112324
1990-09-21,411.26,421.16,405.86,420.26,1131663
1990-09-24,414.86,417.33,404.06,408.56,1402368
1990-09-25,412.16,412.16,395.96,404.06,987550
1990-09-26,404.96,419.36,402.26,413.96,1728570
1990-09-27,411.26,424.76,410.36,418.46,1226538
1990-09-28,412.16,415.76,408.56,412.16,1354021
1990-10-01,417.56,426.56,415.76,423.86,653098
1990-10-02,422.73,431.96,419.36,421.16,605498
1990-10-03,414.86,423.86,414.86,425.66,715008
1990-10-04,427.46,429.26,422.96,425.66,468153
1990-10-05,422.06,476.95,418.46,445.46,2093428
1990-10-08,484.15,485.95,452.66,458.06,4800991
1990-10-09,454.46,455.36,437.36,438.26,1962988
1990-10-10,435.56,443.66,433.76,443.66,436671
1990-10-11,450.86,450.86,443.66,447.26,543886
1990-10-12,449.06,458.96,443.66,455.36,635576
1990-10-15,460.76,464.36,452.66,455.36,601767
1990-10-16,463.46,463.46,450.86,454.46,416965
1990-10-17,449.96,454.46,447.26,452.66,419847
1990-10-18,452.66,458.96,449.96,457.16,366619
1990-10-19,454.46,458.06,451.76,455.36,995322
1990-10-22,454.46,461.66,454.46,458.96,495144
1990-10-23,462.56,470.65,462.56,467.95,749399
1990-10-24,467.05,469.75,461.66,463.46,1548359
1990-10-25,461.66,466.15,460.76,462.56,239841
1990-10-26,459.86,461.66,446.36,451.76,1498078
1990-10-29,452.66,452.66,445.46,448.16,558927
1990-10-30,445.46,449.06,443.66,446.36,743351
1990-10-31,449.06,456.26,445.46,453.56,411367
1990-11-01,454.91,458.06,451.76,454.46,469048
1990-11-02,452.66,458.06,448.16,452.66,1396942
1990-11-05,456.26,460.76,454.46,458.96,620368
1990-11-06,458.96,467.95,458.96,466.15,782172
1990-11-07,463.46,467.05,458.96,462.56,928109
1990-11-08,461.66,467.05,459.86,465.25,1122123
1990-11-09,464.8,474.25,464.8,468.85,1905537
1990-11-12,472.45,474.25,467.95,470.65,1192038
1990-11-13,473.35,473.35,459.86,465.25,806785
1990-11-14,463.46,476.05,461.66,468.85,2207421
1990-11-15,466.83,469.75,463.46,467.05,1344586
1990-11-16,470.65,475.15,466.15,470.65,1490916
1990-11-19,470.65,475.15,466.15,473.35,1490916
1990-11-20,474.25,483.25,472.45,480.55,1318241
1990-11-21,479.65,485.95,478.75,480.55,1605639
1990-11-22,481.0,485.05,475.15,477.85,1665198
1990-11-23,481.45,488.65,478.75,485.95,1181578
1990-11-26,492.25,494.95,472.45,475.15,878541
1990-11-27,475.15,480.55,473.35,478.75,1068708
1990-11-28,483.25,483.25,467.05,470.65,768743
1990-11-29,467.95,469.75,463.46,466.15,677026
1990-11-30,460.76,469.75,460.76,467.95,1324136
1990-12-03,470.65,483.25,469.75,480.55,1599724
1990-12-04,475.15,480.55,469.75,476.05,2200268
1990-12-05,472.45,481.45,472.45,477.85,623443
1990-12-06,479.65,485.05,476.05,482.35,1278244
1990-12-07,484.15,487.75,479.65,485.05,423830
1990-12-10,485.95,492.25,485.95,489.55,1037989
1990-12-11,492.25,492.25,480.55,483.25,274708
1990-12-12,480.55,485.95,480.55,484.15,2683763
1990-12-13,482.35,487.75,478.75,487.75,1491179
1990-12-14,490.45,490.45,482.35,485.05,613251
1990-12-17,484.15,484.15,474.25,476.95,1165735
1990-12-18,479.65,483.25,474.25,480.55,653143
1990-12-19,484.15,485.95,477.85,482.35,616610
1990-12-20,483.25,483.25,475.15,478.75,955923
1990-12-21,476.95,479.65,474.25,477.85,1260070
1990-12-24,478.75,478.75,473.35,475.15,88600
1990-12-27,475.6,477.85,472.45,475.15,303779
1990-12-28,472.68,476.95,468.85,471.55,305901
1990-12-31,467.95,473.35,467.95,470.65,380921
1991-01-02,466.15,471.55,466.15,470.65,346785
1991-01-03,467.05,471.55,464.36,469.75,358228
1991-01-04,467.05,472.45,467.05,469.75,574183
1991-01-07,466.15,470.65,457.16,461.66,1286662
1991-01-08,458.96,462.56,456.26,459.86,260247
1991-01-09,460.76,470.65,459.86,467.95,319256
1991-01-10,461.66,473.35,461.66,469.75,493597
1991-01-11,471.1,472.45,466.15,467.95,1068131
1991-01-14,463.46,468.85,457.16,462.56,978403
1991-01-15,463.01,467.05,458.06,463.46,706802
1991-01-16,459.86,465.25,459.86,462.56,419233
1991-01-17,468.85,475.14,464.36,468.85,1095667
1991-01-18,463.46,469.75,463.46,468.85,229922
1991-01-21,470.65,475.15,463.79,467.95,1250791
1991-01-22,469.75,471.55,465.25,468.85,342903
1991-01-23,467.95,475.15,465.25,471.55,592158
1991-01-24,469.53,480.55,469.53,479.65,633765
1991-01-25,482.35,483.25,476.95,479.65,2852530
1991-01-28,482.35,484.15,479.65,482.35,850882
1991-01-29,485.05,485.05,476.95,482.35,945348
1991-01-30,480.78,490.45,480.33,488.65,1531671
1991-01-31,490.45,494.95,486.85,492.25,3411463
1991-02-01,494.95,495.85,485.95,489.55,1734302
1991-02-04,491.35,494.95,486.85,490.45,781710
1991-02-05,490.45,494.05,483.25,486.85,2231496
1991-02-06,488.65,490.45,482.35,487.75,2086726
1991-02-07,489.55,494.05,485.05,492.25,1451162
1991-02-08,492.25,494.95,488.65,494.05,735938
1991-02-11,496.75,503.95,495.85,502.15,1716541
1991-02-12,503.95,506.65,494.05,498.55,2397965
1991-02-13,494.95,508.45,494.95,502.15,1159398
1991-02-14,504.85,510.25,501.25,505.75,7830960
1991-02-15,507.55,510.25,500.35,502.15,2696069
1991-02-18,503.95,508.45,501.25,503.95,913372
1991-02-19,507.55,507.55,492.25,494.95,949096
1991-02-20,493.6,497.65,483.25,485.05,2169719
1991-02-21,483.03,496.75,478.98,489.55,2316444
1991-02-22,486.85,494.05,486.85,487.75,595920
1991-02-25,490.45,495.85,488.65,492.25,1196430
1991-02-26,491.13,494.05,486.85,492.25,755332
1991-02-27,493.15,494.05,479.65,485.95,1858636
1991-02-28,486.85,491.69,481.45,484.15,2668226
1991-03-01,484.15,489.55,480.55,485.95,903914
1991-03-04,488.65,488.65,478.75,482.35,1055049
1991-03-05,481.0,492.25,478.75,490.45,1987465
1991-03-06,487.3,504.85,487.3,499.45,1186294
1991-03-07,498.55,501.25,491.35,493.15,402418
1991-03-08,494.05,494.05,485.95,491.35,1216712
1991-03-11,492.25,494.05,485.95,488.65,1018159
1991-03-12,486.52,494.95,482.35,493.15,874195
1991-03-13,494.95,498.55,485.05,491.35,1367757
1991-03-14,494.95,502.15,483.25,500.35,3110675
1991-03-15,498.55,510.25,497.65,504.85,3241952
1991-03-18,501.03,504.85,499.45,503.05,930139
1991-03-19,502.83,505.75,497.65,501.25,677496
1991-03-20,502.15,502.15,491.35,494.05,660621
1991-03-21,492.25,498.55,487.75,497.65,1654526
1991-03-22,497.2,500.35,490.45,493.15,1216308
1991-03-25,487.75,492.25,485.05,487.75,730729
1991-03-26,486.4,488.65,478.75,485.95,1398082
1991-03-27,482.35,490.45,477.85,487.3,569255
1991-03-28,486.63,490.45,476.95,483.25,4076738
1991-04-02,481.45,489.55,481.45,487.75,299837
1991-04-03,487.75,498.55,485.95,492.25,1232731
1991-04-04,490.0,497.65,488.65,492.25,1123393
1991-04-05,490.79,496.75,488.2,494.95,453499
1991-04-08,493.15,497.65,484.15,486.85,1749026
1991-04-09,486.85,489.55,483.25,485.05,854724
1991-04-10,486.85,486.85,478.75,482.35,847727
1991-04-11,485.05,486.85,480.55,484.15,460205
1991-04-12,486.85,486.85,480.55,483.25,624364
1991-04-15,485.95,487.75,483.25,485.05,361558
1991-04-16,487.75,488.65,482.35,484.15,903788
1991-04-17,487.75,488.65,483.25,485.95,1039792
1991-04-18,485.95,489.55,485.05,487.75,2818873
1991-04-19,488.65,488.65,482.35,482.35,1012039
1991-04-22,481.45,483.25,475.15,477.85,633953
1991-04-23,476.95,485.05,473.35,481.45,1280342
1991-04-24,479.65,484.15,477.85,480.55,625664
1991-04-25,483.25,483.25,473.35,476.05,684487
1991-04-26,476.95,477.85,461.66,463.46,1954453
1991-04-29,460.76,472.45,460.76,469.75,1159057
1991-04-30,470.65,473.35,466.15,471.55,783094
1991-05-01,468.85,477.85,468.85,476.05,672043
1991-05-02,475.15,479.65,465.03,467.05,2493098
1991-05-03,469.75,470.65,455.36,458.96,1537913
1991-05-07,457.16,467.95,457.16,462.56,1110888
1991-05-08,457.16,465.25,457.16,464.36,1169693
1991-05-09,467.95,482.35,466.15,476.05,1985490
1991-05-10,478.75,479.65,470.65,473.35,394010
1991-05-13,472.45,472.45,466.15,467.95,593167
1991-05-14,470.65,473.35,466.15,468.85,652237
1991-05-15,466.83,475.15,466.15,475.15,749897
1991-05-16,475.15,477.85,473.35,474.25,1517136
1991-05-17,472.45,475.15,470.65,471.55,764810
1991-05-20,472.45,476.05,472.45,475.15,243272
1991-05-21,476.95,478.75,474.25,476.95,280818
1991-05-22,472.45,478.75,466.15,468.85,1360841
1991-05-23,467.05,470.65,458.96,465.25,1937867
1991-05-24,463.46,466.15,456.26,462.56,1715581
1991-05-28,466.15,467.05,458.96,461.66,790005
1991-05-29,463.01,465.25,457.16,458.96,635473
1991-05-30,457.16,464.36,456.26,458.96,1599602
1991-05-31,460.76,462.56,442.98,459.86,1493620
1991-06-03,449.96,453.56,442.76,445.46,1140567
1991-06-04,446.36,453.56,445.46,450.86,1499280
1991-06-05,455.36,460.76,452.66,457.16,1222992
1991-06-06,458.96,460.76,456.26,458.06,641443
1991-06-07,458.96,458.96,450.41,452.66,978004
1991-06-10,449.96,463.46,449.96,461.66,1716652
1991-06-11,463.46,467.05,461.66,466.15,1936222
1991-06-12,461.66,464.36,456.26,458.96,951861
1991-06-13,458.96,458.96,449.06,450.86,1144175
1991-06-14,449.06,454.46,449.06,452.66,398551
1991-06-17,448.16,452.66,438.93,449.96,927619
1991-06-18,449.06,449.96,440.96,444.56,1411465
1991-06-19,443.43,445.46,437.36,440.06,1100667
1991-06-20,442.76,451.76,435.56,440.96,347293
1991-06-21,439.16,463.46,439.16,445.46,516753
1991-06-24,442.76,445.46,435.56,438.26,973664
1991-06-25,440.06,442.76,435.56,439.16,472557
1991-06-26,436.46,441.86,434.66,436.46,729224
1991-06-27,434.66,439.16,431.96,433.76,527938
1991-06-28,433.76,435.56,430.16,432.86,1260855
1991-07-01,429.26,435.56,427.46,428.36,1038515
1991-07-02,426.56,429.26,424.76,427.46,854059
1991-07-03,427.01,427.46,421.16,424.76,1457231
1991-07-04,424.31,432.86,424.31,429.26,1276605
1991-07-05,428.81,434.66,427.46,433.76,641914
1991-07-08,431.06,440.96,431.06,433.76,727176
1991-07-09,433.76,437.36,432.86,434.66,1025137
1991-07-10,434.66,434.66,428.36,430.16,2497841
1991-07-11,431.06,439.16,430.16,430.61,1553442
1991-07-12,432.86,432.86,428.36,432.41,538750
1991-07-15,437.36,437.36,433.76,435.56,690029
1991-07-16,436.46,439.16,431.96,433.76,839056
1991-07-17,433.76,441.63,427.46,440.06,4876197
1991-07-18,437.36,440.96,434.66,436.46,444483
1991-07-19,437.81,440.06,434.66,438.26,349313
1991-07-22,440.06,443.66,434.66,440.96,825544
1991-07-23,444.56,453.56,440.96,449.96,1542284
1991-07-24,450.86,465.25,450.86,458.06,2111397
1991-07-25,458.96,460.76,454.46,458.96,1120439
1991-07-26,461.66,462.56,449.96,452.66,1028381
1991-07-29,454.46,465.25,454.46,461.66,1070094
1991-07-30,463.46,467.05,457.16,459.86,2932972
1991-07-31,460.76,461.66,450.86,455.36,1836400
1991-08-01,451.76,459.86,451.76,457.16,534283
1991-08-02,458.96,459.86,454.46,458.06,756142
1991-08-05,459.86,460.76,456.26,458.96,806448
1991-08-06,458.96,458.96,452.66,456.26,339522
1991-08-07,456.26,460.76,456.26,458.96,855061
1991-08-08,457.16,458.96,452.66,455.36,506896
1991-08-09,452.66,455.36,446.36,449.06,1146058
1991-08-12,449.96,449.96,443.66,448.16,205813
1991-08-13,451.76,455.36,449.06,452.66,310542
1991-08-14,452.66,464.36,452.66,462.56,805747
1991-08-15,464.36,467.95,460.76,465.25,426579
1991-08-16,467.05,467.95,460.76,463.46,550676
1991-08-19,452.66,454.46,439.16,446.36,1633352
1991-08-20,449.96,456.26,447.26,451.76,327218
1991-08-21,452.66,461.66,451.76,459.86,918926
1991-08-22,465.25,467.95,461.66,466.15,985221
1991-08-23,467.05,474.25,467.05,472.45,1334241
1991-08-27,470.2,474.25,463.46,466.15,427459
1991-08-28,466.15,472.45,464.36,467.05,809084
1991-08-29,470.65,470.65,465.25,467.05,575881
1991-08-30,466.6,467.05,461.66,465.25,386615
1991-09-02,467.95,473.35,466.15,471.55,333295
1991-09-03,473.35,479.65,469.75,476.95,1937148
1991-09-04,477.85,483.25,473.35,476.5,1325558
1991-09-05,476.95,476.95,475.15,476.05,161730
1991-09-06,476.95,479.65,473.35,477.85,2670052
1991-09-09,476.95,481.45,475.15,478.75,629968
1991-09-10,476.05,478.75,472.45,476.95,1047333
1991-09-11,477.85,478.75,473.35,476.05,395309
1991-09-12,474.25,477.85,473.35,475.15,351584
1991-09-13,477.85,477.85,470.65,471.55,299950
1991-09-16,468.63,476.05,466.15,473.35,606178
1991-09-17,471.67,480.55,471.67,478.75,1504322
1991-09-18,480.55,485.05,478.75,481.45,868126
1991-09-19,482.35,482.35,473.35,479.65,863031
1991-09-20,483.25,487.75,477.85,485.05,1970231
1991-09-23,481.45,485.95,477.85,480.55,585160
1991-09-24,483.25,485.95,479.65,481.45,1357957
1991-09-25,484.15,486.85,479.65,485.05,2361742
1991-09-26,483.25,486.85,480.55,482.35,359200
1991-09-27,482.35,487.75,477.85,485.05,1128144
1991-09-30,485.95,490.45,484.15,488.65,734655
1991-10-01,490.45,494.05,486.85,489.55,723030
1991-10-02,489.33,490.45,485.95,488.65,1571190
1991-10-03,485.95,488.65,480.55,482.35,2886364
1991-10-04,475.15,478.75,473.35,476.05,537298
1991-10-07,472.45,474.25,467.95,469.75,336359
1991-10-08,469.75,472.45,464.36,467.05,394950
1991-10-09,461.66,461.66,455.36,456.26,1260779
1991-10-10,456.26,457.16,449.96,450.86,925014
1991-10-11,447.26,455.36,447.26,452.66,1291248
1991-10-14,448.16,463.46,448.16,461.66,1202557
1991-10-15,459.86,463.46,452.66,459.86,672606
1991-10-16,458.96,463.46,457.16,460.76,1142640
1991-10-17,463.46,466.15,461.66,462.56,750207
1991-10-18,463.46,465.25,452.66,457.16,1499582
1991-10-21,458.96,458.96,449.73,453.56,560657
1991-10-22,449.06,458.06,449.06,454.46,827746
1991-10-23,455.36,456.26,450.86,452.66,449327
1991-10-24,451.76,456.26,441.86,444.56,1140492
1991-10-25,441.86,449.06,441.86,444.56,673928
1991-10-28,442.76,456.26,442.76,454.46,309712
1991-10-29,458.06,460.76,449.96,452.66,321311
1991-10-30,453.56,454.46,449.96,452.66,483855
1991-10-31,453.56,454.46,442.76,446.36,1962596
1991-11-01,447.26,451.76,444.56,449.96,276793
1991-11-04,448.16,455.36,448.16,450.86,910429
1991-11-05,450.86,454.46,447.71,451.76,869960
1991-11-06,451.76,456.26,449.06,451.76,1514532
1991-11-07,453.56,457.16,451.76,454.46,715779
1991-11-08,455.36,460.76,451.76,458.06,559961
1991-11-11,463.46,463.46,451.76,457.16,695032
1991-11-12,458.96,459.86,452.66,455.36,472204
1991-11-13,456.26,460.76,450.86,454.46,1990209
1991-11-14,452.66,456.26,450.86,454.46,664818
1991-11-15,455.36,456.26,448.16,450.86,468882
1991-11-18,441.86,449.96,436.46,449.06,1060713
1991-11-19,451.76,451.76,440.06,441.86,1363315
1991-11-20,445.46,449.06,440.51,446.36,958944
1991-11-21,443.66,449.06,442.76,445.46,178156
1991-11-22,442.76,453.56,442.76,449.96,1496854
1991-11-25,440.96,445.46,439.16,443.66,421294
1991-11-26,446.81,453.56,443.66,449.96,528589
1991-11-27,450.86,450.86,440.96,446.36,431030
1991-11-28,445.91,454.46,441.86,443.66,209346
1991-11-29,440.96,442.76,431.96,433.76,1082033
1991-12-02,431.06,433.76,428.36,432.86,1289146
1991-12-03,433.76,436.46,423.86,425.66,1149407
1991-12-04,427.46,427.46,419.36,422.96,466181
1991-12-05,419.58,424.76,412.16,415.76,2230653
1991-12-06,417.56,422.06,413.06,416.66,943011
1991-12-09,414.86,424.76,413.96,422.06,197146
1991-12-10,419.36,425.66,418.46,419.36,261100
1991-12-11,422.06,425.66,416.66,422.96,576726
1991-12-12,425.66,431.96,421.16,429.26,379901
1991-12-13,432.86,433.76,423.86,423.86,745282
1991-12-16,419.36,427.46,418.46,424.76,850109
1991-12-17,424.76,424.76,415.76,417.56,275030
1991-12-18,413.06,418.46,412.16,415.76,388788
1991-12-19,413.96,413.96,406.76,412.16,994281
1991-12-20,410.14,413.06,398.66,401.36,2251825
1991-12-23,396.86,404.06,387.86,402.26,283003
1991-12-24,404.96,407.66,402.26,404.96,58501
1991-12-27,405.86,410.36,404.96,407.66,45099
1991-12-30,405.86,408.56,397.76,400.46,711299
1991-12-31,399.56,406.76,399.56,403.16,411867
1992-01-02,404.96,411.26,398.66,402.26,1171320
1992-01-03,404.06,408.56,398.66,405.86,480383
1992-01-06,409.46,411.26,403.16,405.86,748196
1992-01-07,404.06,406.76,398.66,401.36,326156
1992-01-08,399.56,402.26,396.86,400.46,736608
1992-01-09,402.26,407.66,398.66,404.96,652787
1992-01-10,403.16,409.46,400.91,402.26,1479982
1992-01-13,395.74,400.46,393.26,397.76,706522
1992-01-14,398.66,404.06,396.19,400.46,621982
1992-01-15,399.0,404.96,399.0,403.16,365987
1992-01-16,401.92,415.76,400.46,413.96,911718
1992-01-17,411.71,436.46,410.36,425.66,2928174
1992-01-20,422.96,427.46,421.16,426.56,739336
1992-01-21,426.56,431.06,419.36,425.66,831015
1992-01-22,424.76,426.56,410.36,417.56,408368
1992-01-23,415.76,422.06,411.26,419.36,422605
1992-01-24,418.35,423.86,414.86,422.06,1716636
1992-01-27,421.16,429.26,421.16,427.46,266470
1992-01-28,425.21,432.86,425.21,431.06,341743
1992-01-29,432.86,432.86,422.96,426.56,364150
1992-01-30,426.11,431.06,415.76,426.56,2135481
1992-01-31,429.93,431.06,415.76,422.06,2607969
1992-02-03,419.36,423.86,413.96,419.36,599835
1992-02-04,418.91,428.36,414.86,425.66,1194229
1992-02-05,426.11,426.56,412.16,415.76,976392
1992-02-06,414.41,420.26,413.06,414.86,786525
1992-02-07,415.31,420.03,406.76,413.96,529490
1992-02-10,413.96,415.76,409.46,414.86,151055
1992-02-11,413.96,422.06,413.96,420.26,369021
1992-02-12,419.81,421.16,408.56,411.26,1131814
1992-02-13,410.36,414.86,408.56,412.16,506862
1992-02-14,407.66,412.16,407.66,409.46,883959
1992-02-17,407.66,413.06,407.66,412.16,581482
1992-02-18,410.59,413.96,410.36,413.06,884761
1992-02-19,413.96,414.86,408.56,411.26,390018
1992-02-20,411.26,413.96,408.56,411.26,164736
1992-02-21,410.36,413.96,403.16,405.86,907653
1992-02-24,402.26,407.66,402.26,405.86,314933
1992-02-25,405.86,409.01,394.16,395.96,1088215
1992-02-26,395.51,395.96,390.56,395.06,898341
1992-02-27,394.61,399.56,394.61,398.66,646630
1992-02-28,399.11,400.46,394.16,396.86,466654
1992-03-02,398.66,399.56,394.16,399.56,967585
1992-03-03,399.56,402.26,395.06,396.86,1028874
1992-03-04,396.86,397.76,389.66,392.36,1379681
1992-03-05,392.36,394.16,384.26,386.06,1335597
1992-03-06,392.36,392.36,377.96,380.66,527937
1992-03-09,377.06,389.66,377.06,388.76,1381868
1992-03-10,388.99,395.96,386.96,390.56,467912
1992-03-11,385.16,392.36,378.86,380.66,1190960
1992-03-12,381.11,382.46,371.66,373.46,1544851
1992-03-13,373.46,380.66,371.66,377.06,1001413
1992-03-16,373.46,378.86,373.46,376.16,217031
1992-03-17,376.16,377.96,373.46,375.26,541499
1992-03-18,376.16,377.06,361.76,363.56,1241976
1992-03-19,366.71,370.76,361.76,366.26,857860
1992-03-20,365.14,368.96,359.97,362.66,1190160
1992-03-23,359.07,361.76,348.27,354.57,2501733
1992-03-24,360.87,361.31,352.99,359.97,911907
1992-03-25,358.62,368.96,353.22,367.16,997283
1992-03-26,366.71,371.66,362.66,368.96,1866683
1992-03-27,367.39,372.56,358.17,362.66,1187419
1992-03-30,358.17,363.56,350.07,355.47,1792168
1992-03-31,356.37,358.17,345.57,351.87,1105528
1992-04-01,349.17,356.37,341.07,346.47,2650236
1992-04-02,348.27,350.97,339.27,341.97,2155440
1992-04-03,340.39,345.0,336.57,338.37,1932141
1992-04-06,335.67,341.97,335.67,341.07,672690
1992-04-07,340.17,342.87,337.47,340.17,851029
1992-04-08,339.72,341.07,332.97,337.47,444164
1992-04-09,340.17,343.77,321.27,338.37,1060691
1992-04-10,353.67,355.47,339.27,347.37,4091571
1992-04-13,352.77,358.17,348.27,352.77,799101
1992-04-14,355.47,358.17,350.97,353.67,589727
1992-04-15,353.67,359.97,352.77,356.37,2007993
1992-04-16,353.67,360.87,352.77,359.97,534875
1992-04-21,364.46,372.56,359.97,370.76,1275376
1992-04-22,371.66,379.76,370.31,376.16,2115896
1992-04-23,382.46,391.46,377.96,381.56,1304439
1992-04-24,383.36,393.26,379.76,390.56,1450529
1992-04-27,392.36,393.26,384.26,387.86,822735
1992-04-28,385.16,388.76,371.66,385.16,1698853
1992-04-29,388.76,391.46,382.46,389.66,485581
1992-04-30,391.46,397.76,385.16,386.96,1990424
1992-05-01,391.46,400.46,386.96,398.66,1135942
1992-05-05,404.96,411.26,396.86,399.56,1058783
1992-05-06,397.76,401.36,389.66,392.36,1085225
1992-05-07,394.16,397.76,389.66,395.06,1019172
1992-05-08,393.26,403.16,391.46,400.46,1130472
1992-05-11,404.06,411.26,395.96,409.46,1904158
1992-05-12,409.01,413.06,398.66,400.46,2747274
1992-05-13,398.66,404.96,398.66,403.16,2413843
1992-05-14,404.96,406.76,399.56,401.36,1221572
1992-05-15,395.96,397.76,385.16,390.56,2051419
1992-05-18,389.66,397.76,388.76,395.06,1136309
1992-05-19,392.36,398.66,392.36,395.96,875031
1992-05-20,397.76,413.06,397.76,404.06,5575902
1992-05-21,405.86,408.56,400.91,403.16,3171143
1992-05-22,404.06,406.76,398.66,404.96,907818
1992-05-26,402.26,406.76,395.96,399.56,2225120
1992-05-27,398.44,400.46,394.16,398.66,611349
1992-05-28,394.16,398.66,394.16,395.96,2365940
1992-05-29,395.06,399.56,394.16,397.76,2789344
1992-06-01,380.66,382.46,373.91,378.86,761618
1992-06-02,377.06,391.46,376.16,378.86,1158339
1992-06-03,377.06,396.86,370.76,373.46,1581134
1992-06-04,373.46,375.26,368.96,370.76,892799
1992-06-05,368.96,384.26,364.46,368.06,1620094
1992-06-08,368.06,383.36,364.46,367.16,249708
1992-06-09,368.96,370.76,355.47,357.27,2452642
1992-06-10,358.17,366.26,355.47,362.66,781696
1992-06-11,360.87,368.06,360.87,364.46,1401654
1992-06-12,367.16,367.16,360.87,363.56,270995
1992-06-15,362.66,363.56,356.37,359.07,124545
1992-06-16,356.82,369.41,356.82,368.06,628672
1992-06-17,368.96,368.96,360.87,362.66,2487705
1992-06-18,357.72,363.56,357.72,360.87,1660520
1992-06-19,363.56,366.26,360.87,364.46,445559
1992-06-22,362.66,364.46,359.97,361.76,1176665
1992-06-23,362.21,364.46,360.87,362.66,1559604
1992-06-24,360.98,365.36,357.27,361.76,1963455
1992-06-25,361.76,366.26,361.76,363.56,1275286
1992-06-26,364.01,364.46,360.87,362.66,1544454
1992-06-29,362.66,364.46,360.87,362.66,1296037
1992-06-30,362.66,362.66,358.17,361.76,649391
1992-07-01,359.97,362.66,356.93,360.87,2431773
1992-07-02,360.87,361.76,356.37,357.72,565710
1992-07-03,356.37,361.76,355.47,359.97,604769
1992-07-06,360.87,360.87,356.37,358.17,820215
1992-07-07,358.17,362.66,356.37,361.76,1093070
1992-07-08,362.21,362.21,356.37,359.07,1328046
1992-07-09,361.76,361.76,353.67,355.47,2343105
1992-07-10,356.82,358.62,353.67,355.47,1706540
1992-07-13,353.67,358.17,350.07,351.87,672764
1992-07-14,354.57,355.47,349.17,352.77,2761076
1992-07-15,354.57,356.37,349.17,350.97,356958
1992-07-16,351.87,355.47,349.17,351.87,201556
1992-07-17,354.57,354.57,344.67,347.37,1101018
1992-07-20,341.97,346.47,339.04,341.97,953974
1992-07-21,346.47,346.47,340.17,344.67,580864
1992-07-22,342.87,350.97,341.97,348.27,541404
1992-07-23,346.69,349.17,344.67,346.47,491351
1992-07-24,347.37,350.07,339.27,345.57,797312
1992-07-27,346.47,348.27,340.17,342.87,1108797
1992-07-28,344.67,345.57,335.22,338.37,1435444
1992-07-29,339.04,339.27,333.87,335.67,1058378
1992-07-30,335.67,337.47,332.97,335.67,533241
1992-07-31,334.77,338.82,330.27,338.37,583428
1992-08-03,341.97,341.97,335.67,338.37,326349
1992-08-04,338.37,340.17,334.77,335.67,2264794
1992-08-05,332.97,337.47,325.77,330.27,1663302
1992-08-06,326.67,327.57,319.47,323.07,1525106
1992-08-07,317.67,322.17,317.67,319.47,1191598
1992-08-10,315.87,319.47,314.97,317.67,421571
1992-08-11,318.12,320.37,313.17,318.57,2744090
1992-08-12,320.37,323.97,315.87,317.67,264078
1992-08-13,316.77,323.07,316.77,321.27,482032
1992-08-14,318.68,327.57,318.57,325.77,1063811
1992-08-17,325.77,336.57,323.07,332.97,872637
1992-08-18,330.94,338.37,328.47,330.27,1231793
1992-08-19,328.81,332.97,327.57,332.07,317943
1992-08-20,331.17,332.97,328.47,330.27,899676
1992-08-21,331.17,331.17,326.67,331.17,755775
1992-08-24,325.32,329.37,322.17,323.97,629809
1992-08-25,322.17,325.77,316.77,319.47,1023751
1992-08-26,318.57,323.07,315.87,321.27,1884646
1992-08-27,318.68,323.07,317.67,320.37,1284544
1992-08-28,322.62,323.97,318.57,323.97,678318
1992-09-01,319.47,322.17,317.67,319.47,656809
1992-09-02,318.57,323.52,314.97,322.17,1623993
1992-09-03,322.17,338.37,321.27,335.67,1413753
1992-09-04,334.77,341.07,330.27,331.17,1006952
1992-09-07,330.27,334.77,328.47,331.17,81217
1992-09-08,330.27,332.97,324.87,327.57,218927
1992-09-09,325.54,328.47,318.57,320.37,565189
1992-09-10,318.57,323.97,316.77,322.17,267384
1992-09-11,321.27,323.97,320.37,322.17,451236
1992-09-14,332.07,334.77,322.17,323.97,765728
1992-09-15,326.11,326.11,316.77,319.47,2814595
1992-09-16,317.44,317.67,305.97,319.47,1505751
1992-09-17,331.17,337.47,323.07,332.97,4062708
1992-09-18,341.97,352.09,337.47,350.07,5562337
1992-09-21,344.67,350.97,338.37,341.97,2076350
1992-09-22,340.17,352.77,339.27,345.57,1671568
1992-09-23,350.07,350.07,339.27,345.57,1067003
1992-09-24,346.47,354.57,343.77,355.47,2294523
1992-09-25,359.97,361.76,349.17,355.47,1868134
1992-09-28,356.37,357.27,350.97,352.77,1214658
1992-09-29,353.22,356.03,349.17,354.57,2690658
1992-09-30,355.47,364.46,351.87,362.66,3202550
1992-10-01,359.97,368.06,359.07,364.46,1483756
1992-10-02,361.31,368.96,359.97,362.66,3192545
1992-10-05,355.47,361.76,349.17,350.97,1431259
1992-10-06,355.24,358.17,350.07,354.57,531787
1992-10-07,359.52,359.97,351.87,355.47,343391
1992-10-08,357.27,359.07,352.77,356.37,2037450
1992-10-09,354.57,357.27,351.87,354.57,2117387
1992-10-12,353.67,357.27,351.87,355.47,310329
1992-10-13,354.57,365.36,353.67,363.56,1073557
1992-10-14,362.66,363.56,358.17,361.76,847821
1992-10-15,358.17,359.97,353.67,356.37,2196284
1992-10-16,359.07,364.46,353.67,359.07,1431878
1992-10-19,359.97,361.31,353.67,359.07,901723
1992-10-20,359.97,374.36,359.97,373.46,5179871
1992-10-21,376.16,389.66,374.36,387.86,3981231
1992-10-22,386.96,390.56,373.46,377.96,3303286
1992-10-23,378.41,382.46,364.46,371.66,1587729
1992-10-26,373.46,375.26,367.16,371.66,1013813
1992-10-27,372.56,376.16,367.16,372.56,733843
1992-10-28,368.96,372.56,368.06,370.76,759509
1992-10-29,368.74,371.66,363.56,367.16,694648
1992-10-30,368.96,368.96,359.97,364.46,460367
1992-11-02,365.36,367.16,362.66,365.36,1219446
1992-11-03,363.0,377.96,363.0,373.46,2936772
1992-11-04,375.26,377.06,368.96,373.46,636231
1992-11-05,374.36,380.66,370.76,378.86,628431
1992-11-06,377.51,384.26,376.16,378.86,1160345
1992-11-09,381.56,382.46,374.36,380.66,351607
1992-11-10,380.66,386.06,377.96,382.46,745247
1992-11-11,383.36,383.36,373.46,375.26,3883983
1992-11-12,375.26,384.26,373.46,382.46,1386670
1992-11-13,380.66,391.46,380.66,385.16,4237705
1992-11-16,382.46,384.26,377.96,381.56,797055
1992-11-17,381.11,384.26,378.86,381.56,731418
1992-11-18,381.56,385.16,370.31,380.66,2512939
1992-11-19,381.56,386.06,379.76,382.46,3037363
1992-11-20,383.36,385.16,378.86,381.56,697330
1992-11-23,384.26,386.96,379.76,384.26,471555
1992-11-24,384.26,384.26,377.06,382.46,2244317
1992-11-25,382.24,386.96,380.66,382.46,1005191
1992-11-26,379.76,384.26,370.76,380.66,3116768
1992-11-27,382.46,384.26,373.91,382.46,860346
1992-11-30,377.06,377.96,369.86,373.46,1521723
1992-12-01,371.66,379.76,370.76,377.06,2222908
1992-12-02,377.96,377.96,371.66,375.26,1477125
1992-12-03,374.36,376.16,372.56,374.36,766510
1992-12-04,375.26,377.06,372.56,374.36,1540240
1992-12-07,371.66,379.76,371.66,374.36,780629
1992-12-08,375.26,377.06,372.56,375.26,1239049
1992-12-09,376.16,381.11,371.66,373.46,1231289
1992-12-10,373.46,375.26,368.06,373.46,617191
1992-12-11,372.11,377.96,370.76,375.26,1255277
1992-12-14,377.51,379.76,375.26,377.96,463989
1992-12-15,377.96,386.96,376.16,385.16,810997
1992-12-16,389.66,393.49,382.46,385.16,2109841
1992-12-17,383.14,394.16,382.46,392.36,1146771
1992-12-18,395.06,403.16,393.26,401.36,1902897
1992-12-21,401.36,403.61,397.76,400.46,1674564
1992-12-22,401.81,406.76,398.66,404.96,1104495
1992-12-23,405.86,409.46,403.16,407.66,495366
1992-12-24,407.21,411.26,406.31,409.46,573814
1992-12-29,413.06,413.06,404.96,406.76,205042
1992-12-30,408.11,408.56,400.46,403.16,408604
1992-12-31,403.16,404.96,400.46,403.16,353162
1993-01-04,398.66,402.26,396.86,399.56,590718
1993-01-05,399.56,402.26,391.46,393.26,591795
1993-01-06,392.36,395.96,389.66,394.16,519483
1993-01-07,396.86,402.26,393.26,398.66,235358
1993-01-08,397.76,400.46,394.16,398.66,561274
1993-01-11,400.46,404.96,395.96,398.66,3095282
1993-01-12,398.66,400.46,391.46,395.96,2251380
1993-01-13,394.84,397.76,394.16,396.86,1001648
1993-01-14,397.76,412.16,392.36,394.16,683537
1993-01-15,395.96,395.96,390.56,393.26,745994
1993-01-18,392.36,398.66,391.46,395.06,846408
1993-01-19,395.96,398.66,391.46,395.06,2921585
1993-01-20,396.86,403.16,394.16,401.36,1793510
1993-01-21,401.81,404.96,399.56,404.06,1536543
1993-01-22,404.96,413.06,400.46,404.96,456003
1993-01-25,402.26,406.76,400.46,402.26,903316
1993-01-26,402.04,410.36,399.56,408.56,2168275
1993-01-27,412.16,421.16,412.16,414.86,1760101
1993-01-28,415.31,418.46,412.16,416.66,732565
1993-01-29,414.18,428.36,414.18,426.56,2774519
1993-02-01,423.86,442.76,423.86,437.36,2933518
1993-02-02,434.21,439.16,430.16,432.86,1571982
1993-02-03,432.86,447.26,432.86,445.46,2003524
1993-02-04,444.22,454.46,441.86,440.96,1907908
1993-02-05,443.66,443.66,433.76,436.46,1888237
1993-02-08,438.26,440.96,434.66,437.36,1483509
1993-02-09,435.56,440.96,434.66,436.46,2270761
1993-02-10,434.66,438.26,433.76,436.46,505712
1993-02-11,436.46,440.06,431.96,436.46,664549
1993-02-12,436.12,440.06,431.96,436.46,2951820
1993-02-15,438.26,440.06,430.16,432.86,3130992
1993-02-16,431.06,434.66,420.26,424.76,5911307
1993-02-17,423.18,427.46,419.36,424.76,477276
1993-02-18,425.66,427.46,421.16,425.21,1176065
1993-02-19,425.43,427.46,424.76,426.56,650919
1993-02-22,427.46,437.36,426.56,436.46,2222976
1993-02-23,438.26,439.16,430.16,435.56,1412017
1993-02-24,434.66,436.46,430.16,433.76,937135
1993-02-25,434.66,434.66,429.26,431.96,468755
1993-02-26,431.06,437.36,430.16,433.76,1143115
1993-03-01,431.96,436.46,431.96,435.56,1371703
1993-03-02,436.46,436.46,431.96,435.56,779306
1993-03-03,436.46,440.96,433.76,439.16,1790189
1993-03-04,437.81,442.76,435.56,440.96,2499037
1993-03-05,442.76,444.56,439.61,442.76,5195128
1993-03-08,446.36,449.06,442.76,447.26,514648
1993-03-09,446.36,451.76,444.56,446.36,653522
1993-03-10,445.91,449.96,443.66,449.06,1734561
1993-03-11,449.96,451.76,445.91,447.26,4520142
1993-03-12,449.51,451.76,443.66,446.36,1007933
1993-03-15,445.46,453.56,444.56,450.86,831854
1993-03-16,450.86,458.96,448.16,454.46,2210659
1993-03-17,448.16,458.96,444.56,455.36,5844300
1993-03-18,454.91,467.95,454.23,465.25,9447135
1993-03-19,464.36,469.75,462.56,467.05,3451664
1993-03-22,466.15,467.95,462.56,465.25,930915
1993-03-23,464.13,472.45,463.91,471.55,1834547
1993-03-24,472.0,472.45,460.98,469.75,5848968
1993-03-25,470.65,471.55,461.21,464.36,2701176
1993-03-26,465.25,466.15,460.76,463.46,1093766
1993-03-29,463.46,467.05,461.66,465.25,1431153
1993-03-30,465.25,472.45,463.46,471.55,954530
1993-03-31,470.43,476.95,467.95,473.35,1708909
1993-04-01,473.8,475.15,470.65,473.35,301679
1993-04-02,472.45,483.25,471.33,475.15,1005891
1993-04-05,472.45,476.95,470.65,475.15,508613
1993-04-06,474.7,481.45,472.45,479.65,582469
1993-04-07,479.2,483.25,476.95,481.45,910817
1993-04-08,485.95,485.95,479.65,482.35,728305
1993-04-13,482.35,483.25,476.5,481.45,715892
1993-04-14,482.35,485.05,478.75,482.35,658655
1993-04-15,485.05,485.05,479.65,482.35,553535
1993-04-16,479.65,484.15,477.85,480.55,464936
1993-04-19,483.25,483.25,474.25,481.45,327812
1993-04-20,477.85,481.45,473.35,476.95,952941
1993-04-21,478.75,478.75,468.85,472.45,1896903
1993-04-22,474.25,474.25,466.15,471.55,823330
1993-04-23,472.45,475.15,467.95,472.45,778404
1993-04-26,468.85,478.75,468.85,476.95,421812
1993-04-27,476.95,478.75,472.45,475.15,159575
1993-04-28,476.05,476.95,467.95,470.65,495784
1993-04-29,469.75,469.75,464.36,467.95,511565
1993-04-30,465.93,474.25,465.25,472.45,710410
1993-05-04,473.35,476.95,467.95,475.15,298946
1993-05-05,476.95,476.95,470.65,475.15,769467
1993-05-06,474.25,480.55,472.45,477.85,481591
1993-05-07,473.35,479.2,473.35,477.85,619020
1993-05-10,478.75,487.75,475.15,485.95,823002
1993-05-11,485.95,496.75,485.95,493.15,1606927
1993-05-12,494.95,494.95,486.85,490.45,1055162
1993-05-13,490.45,501.25,472.45,495.85,5815805
1993-05-14,490.9,494.95,473.35,490.45,1812458
1993-05-17,487.75,494.95,467.95,493.15,897711
1993-05-18,497.65,505.75,481.9,503.05,3316382
1993-05-19,502.15,504.85,495.85,497.65,1057380
1993-05-20,499.45,512.05,479.65,508.45,2198282
1993-05-21,511.15,521.05,493.15,516.55,3167360
1993-05-24,501.25,516.55,494.95,506.65,2539783
1993-05-25,508.45,522.85,503.95,507.55,3616053
1993-05-26,507.55,517.9,502.15,508.45,2070267
1993-05-27,506.65,509.35,499.45,503.05,3338423
1993-05-28,499.45,502.15,491.35,496.75,1452302
1993-06-01,498.55,499.45,493.15,497.65,513235
1993-06-02,499.45,530.05,496.75,524.65,5035835
1993-06-03,522.85,536.35,512.05,517.45,2517893
1993-06-04,514.75,521.95,514.75,518.35,1046196
1993-06-07,517.45,548.95,517.45,529.15,1109339
1993-06-08,526.45,533.65,526.45,528.25,997183
1993-06-09,528.25,553.0,521.95,535.45,1239420
1993-06-10,535.45,554.35,527.35,530.05,1522434
1993-06-11,523.75,527.35,519.7,523.75,2177663
1993-06-14,521.05,528.25,520.15,521.95,625922
1993-06-15,520.15,523.75,513.85,521.95,893260
1993-06-16,521.95,530.05,521.05,527.35,2000953
1993-06-17,525.55,534.55,525.55,530.05,1241167
1993-06-18,529.15,532.75,522.85,528.25,2022740
1993-06-21,530.05,532.75,524.65,528.25,1282981
1993-06-22,526.45,530.05,522.85,526.45,1155931
1993-06-23,528.25,533.65,527.35,531.85,1050620
1993-06-24,530.95,531.85,521.95,527.35,1975086
1993-06-25,525.55,530.05,524.65,527.35,463033
1993-06-28,528.25,530.05,524.65,529.15,789643
1993-06-29,531.85,532.75,528.25,530.95,1325672
1993-06-30,530.95,539.05,530.95,537.25,2419472
1993-07-01,536.35,539.05,530.05,532.75,389503
1993-07-02,533.65,533.65,524.65,524.65,1467497
1993-07-05,524.2,526.45,517.45,518.35,564839
1993-07-06,519.25,527.69,515.65,526.45,638906
1993-07-07,520.6,526.45,512.05,521.95,757949
1993-07-08,520.15,526.45,520.15,522.85,965900
1993-07-09,525.55,529.82,521.95,524.65,647906
1993-07-12,526.45,526.45,518.8,523.75,616721
1993-07-13,521.95,530.95,521.95,527.35,582202
1993-07-14,528.25,538.6,525.55,538.15,1283313
1993-07-15,537.25,548.95,536.35,540.85,1532941
1993-07-16,537.25,541.75,537.25,539.05,2999483
1993-07-19,536.35,545.35,536.35,542.65,1146947
1993-07-20,539.95,547.15,539.95,545.35,2390117
1993-07-21,547.15,547.15,539.95,541.75,1311898
1993-07-22,540.85,546.25,539.95,545.35,2292725
1993-07-23,543.55,548.05,540.85,547.15,1497396
1993-07-26,548.95,550.75,543.55,546.25,1025727
1993-07-27,548.95,558.85,546.25,557.05,2162145
1993-07-28,557.95,562.45,556.15,561.55,1943418
1993-07-29,563.35,568.74,556.6,566.05,2522706
1993-07-30,566.05,566.95,557.95,565.15,2081339
1993-08-02,562.45,573.24,561.55,570.54,1024609
1993-08-03,570.54,577.74,566.95,575.04,2943359
1993-08-04,572.34,574.14,566.95,571.44,722686
1993-08-05,569.42,577.74,566.95,575.94,1464079
1993-08-06,574.14,586.74,574.14,584.04,3461847
1993-08-09,581.34,584.94,578.64,580.44,1655469
1993-08-10,578.64,586.74,577.74,580.44,2663885
1993-08-11,581.34,597.54,578.64,593.94,2894610
1993-08-12,592.14,599.34,585.84,593.94,1827734
1993-08-13,593.94,609.24,592.14,606.54,3274098
1993-08-16,605.64,608.23,601.14,602.94,310978
1993-08-17,603.84,608.34,601.82,606.99,2508123
1993-08-18,604.74,615.54,604.74,611.94,2654403
1993-08-19,611.94,611.94,603.84,604.74,1374246
1993-08-20,605.64,606.54,601.14,602.94,1382384
1993-08-23,602.94,604.74,593.94,596.64,1194093
1993-08-24,593.94,600.24,593.94,596.64,1073538
1993-08-25,599.34,607.44,598.44,605.64,2932469
1993-08-26,607.44,609.24,601.14,605.64,1872386
1993-08-27,603.62,611.94,603.62,610.14,1135799
1993-08-31,607.44,610.14,602.94,607.44,557234
1993-09-01,608.34,609.24,599.34,601.14,1800516
1993-09-02,601.59,601.59,595.29,597.54,2744404
1993-09-03,593.04,598.44,590.34,592.14,858249
1993-09-06,596.64,600.24,592.14,596.64,834889
1993-09-07,597.54,597.54,589.44,592.14,430903
1993-09-08,590.34,596.64,587.64,593.94,1152818
1993-09-09,591.24,600.24,587.64,597.54,973832
1993-09-10,596.08,600.24,593.04,598.44,2428126
1993-09-13,596.64,605.64,596.64,604.74,2361728
1993-09-14,601.14,607.44,600.24,603.84,2347295
1993-09-15,602.94,604.74,597.54,600.24,1483992
1993-09-16,598.44,601.14,593.94,596.64,1243589
1993-09-17,598.44,610.14,593.94,601.14,2864709
1993-09-20,599.34,604.74,598.44,602.94,838140
1993-09-21,599.34,604.74,598.44,602.94,1088843
1993-09-22,602.94,604.74,595.74,602.94,1117072
1993-09-23,602.04,604.74,600.24,603.84,620948
1993-09-24,603.84,606.54,601.14,604.74,766528
1993-09-27,606.54,611.94,603.84,610.14,1809650
1993-09-28,611.94,611.94,606.54,609.24,934851
1993-09-29,607.44,611.94,607.44,609.24,390925
1993-09-30,611.04,613.74,608.34,611.94,1727992
1993-10-01,609.24,611.94,607.44,610.14,814663
1993-10-04,611.94,615.54,607.44,614.64,1008958
1993-10-05,612.84,627.24,612.84,622.74,1050011
1993-10-06,621.84,627.24,620.94,624.54,2036551
1993-10-07,622.96,628.14,620.94,624.54,2285165
1993-10-08,622.74,633.54,621.84,632.64,2469280
1993-10-11,634.44,645.24,634.44,642.54,1614933
1993-10-12,638.94,644.34,634.44,640.74,1041879
1993-10-13,642.54,648.84,638.94,644.34,1995278
1993-10-14,642.54,646.14,638.94,640.74,434654
1993-10-15,643.44,643.44,636.24,640.74,802373
1993-10-18,638.94,645.24,637.14,642.54,1281610
1993-10-19,644.34,645.24,637.14,642.54,513019
1993-10-20,644.34,649.74,643.44,647.94,607198
1993-10-21,649.74,656.94,643.44,655.14,1220946
1993-10-22,656.94,663.24,656.94,662.34,560858
1993-10-25,662.34,664.14,657.84,662.34,484165
1993-10-26,659.64,667.74,659.64,662.34,544634
1993-10-27,658.74,665.94,658.74,663.24,839178
1993-10-28,657.84,667.74,656.94,665.04,930858
1993-10-29,665.94,667.74,660.54,663.24,349231
1993-11-01,661.44,661.44,653.34,658.74,1384170
1993-11-02,662.34,663.24,655.14,659.64,308033
1993-11-03,658.74,661.44,652.44,653.34,430115
1993-11-04,647.94,654.24,647.04,652.44,915302
1993-11-05,649.74,652.44,636.24,642.54,1831657
1993-11-08,645.24,649.74,638.94,641.64,1193392
1993-11-09,641.19,645.24,638.94,643.44,580195
1993-11-10,640.74,645.57,637.14,638.94,990110
1993-11-11,641.64,643.44,637.59,639.84,159062
1993-11-12,640.74,640.74,632.64,637.14,576928
1993-11-15,632.64,647.04,632.64,643.44,503000
1993-11-16,640.74,656.94,640.74,655.14,1118565
1993-11-17,657.84,665.04,652.89,660.54,1892260
1993-11-18,660.54,665.04,653.34,655.14,806469
1993-11-19,653.34,655.14,647.94,652.44,707130
1993-11-22,647.94,652.44,634.44,644.34,1126452
1993-11-23,642.54,649.74,638.04,647.94,1152027
1993-11-24,648.84,654.24,644.11,652.44,620136
1993-11-25,653.34,658.74,650.64,655.14,1182541
1993-11-26,656.94,670.44,656.94,665.04,1075339
1993-11-29,656.94,667.74,656.94,665.94,1349265
1993-11-30,665.94,670.44,663.69,668.64,655556
1993-12-01,676.73,692.93,674.93,686.63,3431739
1993-12-02,680.33,690.23,679.43,680.33,1809973
1993-12-03,675.83,681.23,674.93,681.23,513522
1993-12-06,683.03,690.23,680.33,688.43,997984
1993-12-07,689.33,691.13,683.03,690.23,748601
1993-12-08,687.31,706.43,687.31,704.63,1258160
1993-12-09,704.63,719.03,704.63,710.03,2880386
1993-12-10,709.13,720.83,702.83,714.53,1583938
1993-12-13,715.88,717.23,713.63,715.43,1001701
1993-12-14,719.03,719.93,709.13,712.73,1158106
1993-12-15,709.81,715.43,702.83,705.53,1576482
1993-12-16,705.53,715.77,704.18,712.73,738415
1993-12-17,713.63,719.03,710.93,715.43,944603
1993-12-20,713.63,721.73,713.63,719.93,1004088
1993-12-21,721.73,721.73,710.93,713.63,820363
1993-12-22,712.73,718.13,704.63,708.23,1019079
1993-12-23,710.93,711.83,704.63,708.23,483752
1993-12-24,709.13,714.08,706.43,712.73,423371
1993-12-29,712.73,719.93,712.73,718.13,1429516
1993-12-30,718.13,720.83,710.93,713.63,261275
1993-12-31,711.83,715.43,709.13,711.83,328826
1994-01-04,713.63,713.63,700.13,707.33,1025809
1994-01-05,706.43,709.24,691.13,692.93,2138735
1994-01-06,688.43,696.53,683.03,694.73,1394326
1994-01-07,694.28,695.63,690.23,692.93,644519
1994-01-10,693.61,695.63,688.43,691.13,1132691
1994-01-11,691.13,692.93,676.73,679.43,3231449
1994-01-12,678.53,678.53,665.94,670.44,2047238
1994-01-13,667.74,671.33,661.44,665.94,1952374
1994-01-14,667.74,678.53,666.84,670.44,3004640
1994-01-17,672.23,676.73,668.64,670.44,597548
1994-01-18,666.84,680.11,664.59,676.73,3049059
1994-01-19,681.23,692.93,679.43,691.13,2392644
1994-01-20,686.63,697.21,680.33,687.53,1978599
1994-01-21,686.63,690.23,677.63,683.03,1312604
1994-01-24,684.83,684.83,674.93,680.33,868284
1994-01-25,681.23,681.23,668.64,670.44,2015106
1994-01-26,664.14,665.94,653.34,661.44,2394031
1994-01-27,662.34,670.44,629.94,666.84,3409599
1994-01-28,666.84,679.43,662.34,678.53,2660511
1994-01-31,683.93,686.86,635.34,684.83,1925638
1994-02-01,686.63,686.63,679.43,682.13,2305019
1994-02-02,683.03,696.53,678.08,694.73,2060701
1994-02-03,694.73,697.43,680.33,685.73,1826584
1994-02-04,686.63,694.73,683.93,692.03,1624455
1994-02-07,671.33,689.33,671.33,682.13,3423614
1994-02-08,686.63,698.33,647.94,689.33,1141383
1994-02-09,691.13,692.93,681.23,691.13,2141205
1994-02-10,689.33,695.63,680.78,683.93,2394892
1994-02-11,685.73,685.73,672.23,677.63,3703600
1994-02-14,672.23,681.23,671.11,679.43,2152219
1994-02-15,678.98,686.63,678.98,684.83,2213866
1994-02-16,683.26,686.63,673.13,680.33,1509405
1994-02-17,679.43,680.33,665.94,676.73,2382351
1994-02-18,667.74,671.33,660.54,665.94,1655146
1994-02-21,656.94,660.54,648.84,650.64,2175106
1994-02-22,650.19,652.44,638.94,644.34,1358093
1994-02-23,644.34,654.24,642.99,651.54,1706506
1994-02-24,648.84,652.44,636.24,638.04,1207993
1994-02-25,639.16,646.14,629.94,644.34,1166965
1994-02-28,647.04,660.54,642.54,658.74,916261
1994-03-01,656.94,661.44,645.24,647.04,2437024
1994-03-02,645.69,656.04,626.34,637.14,3596534
1994-03-03,637.14,645.24,632.64,637.14,632027
1994-03-04,638.94,647.04,634.44,641.64,860016
1994-03-07,647.04,649.74,641.64,647.94,223101
1994-03-08,647.49,649.74,629.94,632.64,1996753
1994-03-09,632.64,636.24,620.94,625.44,1899676
1994-03-10,624.54,631.74,622.74,627.24,2336123
1994-03-11,629.04,629.94,619.14,620.04,1919158
1994-03-14,627.24,631.74,620.94,625.44,568394
1994-03-15,625.44,635.34,621.84,635.34,520413
1994-03-16,632.64,651.54,629.94,634.44,978623
1994-03-17,635.79,642.88,629.94,632.64,606560
1994-03-18,631.74,634.44,620.94,624.54,1668499
1994-03-21,619.14,623.64,614.64,617.34,822386
1994-03-22,615.2,619.81,608.34,611.94,1579409
1994-03-23,609.24,619.14,599.34,602.94,1729691
1994-03-24,605.64,609.69,587.64,592.14,1525070
1994-03-25,591.24,593.94,584.94,586.74,3498842
1994-03-28,586.74,586.74,578.64,580.44,775403
1994-03-29,579.88,587.64,574.14,576.84,2588425
1994-03-30,576.84,577.07,560.65,566.05,3014855
1994-03-31,568.29,574.14,552.55,564.7,1186613
1994-04-05,561.55,562.45,557.95,560.65,3193428
1994-04-06,561.1,569.64,558.17,566.05,3041160
1994-04-07,564.25,569.64,560.65,566.05,2625640
1994-04-08,565.6,572.79,565.15,571.44,4538116
1994-04-11,577.74,595.74,577.74,591.24,4082151
1994-04-12,595.74,599.34,589.44,593.04,2611142
1994-04-13,591.24,599.34,588.54,597.54,789815
1994-04-14,596.64,602.04,593.94,601.14,1287796
1994-04-15,602.94,611.04,597.54,609.69,820538
1994-04-18,611.94,615.54,594.84,594.39,2364395
1994-04-19,595.74,604.74,593.04,596.64,1242350
1994-04-20,598.44,601.14,589.44,592.14,1099610
1994-04-21,593.04,593.94,584.94,590.34,2623848
1994-04-22,598.44,598.44,587.64,593.04,714996
1994-04-25,591.24,598.44,587.64,595.74,1610979
1994-04-26,599.34,600.24,591.02,598.44,1080532
1994-04-27,598.44,604.74,597.54,601.14,2293519
1994-04-28,602.94,611.94,598.44,602.94,4942074
1994-04-29,603.84,607.44,600.24,602.94,1832911
1994-05-03,602.94,607.44,593.94,594.84,594649
1994-05-04,597.54,597.54,581.12,584.04,1545016
1994-05-05,584.94,589.44,579.54,589.44,724934
1994-05-06,590.34,597.54,584.94,589.44,1473243
1994-05-09,581.34,584.94,576.84,583.14,799833
1994-05-10,584.94,593.94,582.24,590.79,1099988
1994-05-11,591.24,600.24,591.24,595.74,1448165
1994-05-12,590.34,605.64,590.34,603.84,1172361
1994-05-13,607.44,608.34,601.14,603.84,1135947
1994-05-16,606.54,609.24,601.14,602.94,799912
1994-05-17,598.44,611.94,598.44,608.34,688969
1994-05-18,616.44,622.74,610.14,610.59,2782452
1994-05-19,609.24,618.24,607.44,609.24,1806850
1994-05-20,611.94,611.94,596.64,601.14,1898454
1994-05-23,599.34,602.94,592.14,600.24,674501
1994-05-24,599.34,602.04,589.44,594.39,1419109
1994-05-25,611.94,613.74,592.14,596.64,3885190
1994-05-26,602.04,602.04,582.24,589.44,2216695
1994-05-27,593.94,599.34,579.54,582.24,1685197
1994-05-31,582.24,584.94,571.44,580.44,659334
1994-06-01,575.49,582.24,569.64,572.34,1626920
1994-06-02,573.24,577.74,568.74,575.94,1615564
1994-06-03,579.54,629.04,571.44,590.34,3026703
1994-06-06,575.94,578.64,569.64,571.44,352836
1994-06-07,572.34,588.54,565.15,573.24,543642
1994-06-08,574.14,580.44,571.89,575.94,832025
1994-06-09,575.94,595.29,569.64,570.54,3035425
1994-06-10,571.44,573.24,567.84,572.34,612859
1994-06-13,570.54,573.24,560.65,565.15,681043
1994-06-14,562.45,566.95,560.65,563.35,937241
1994-06-15,564.25,584.94,558.85,564.25,2595367
1994-06-16,562.45,564.25,557.95,562.45,1416193
1994-06-17,560.08,565.15,553.45,556.15,1801573
1994-06-20,549.85,554.8,544.45,548.05,1118379
1994-06-21,550.75,550.75,541.75,544.0,681580
1994-06-22,542.2,552.55,541.75,548.05,967434
1994-06-23,546.25,553.45,541.75,543.55,689778
1994-06-24,538.15,539.95,527.35,530.95,1423852
1994-06-27,530.5,535.45,524.65,533.65,1477914
1994-06-28,533.65,549.85,531.17,547.15,1695326
1994-06-29,544.45,581.12,544.45,559.75,1726238
1994-06-30,559.41,578.42,554.35,556.15,1192792
1994-07-01,551.65,568.74,551.65,566.05,1034387
1994-07-04,568.74,579.54,566.05,576.84,1129182
1994-07-05,576.84,601.14,574.14,583.14,1705294
1994-07-06,582.24,591.24,578.64,584.94,1290424
1994-07-07,585.84,591.24,583.14,590.79,2898131
1994-07-08,592.14,597.54,588.54,591.24,1381471
1994-07-11,589.44,618.24,589.44,598.44,2471931
1994-07-12,598.44,604.74,589.44,593.94,1518873
1994-07-13,595.29,602.94,593.83,600.24,1508458
1994-07-14,602.04,609.24,595.74,605.64,1647321
1994-07-15,613.74,614.64,603.84,607.44,1311114
1994-07-18,609.24,609.24,603.17,606.54,671253
1994-07-19,607.44,607.44,594.84,601.14,1313567
1994-07-20,598.44,605.64,597.54,601.14,722916
1994-07-21,602.94,606.54,595.74,603.84,607109
1994-07-22,603.84,609.24,603.84,606.54,926748
1994-07-25,607.44,607.44,598.44,604.74,774463
1994-07-26,606.99,611.04,602.94,607.44,678777
1994-07-27,609.24,609.24,595.74,598.44,1363790
1994-07-28,602.04,602.04,592.14,596.64,1202255
1994-07-29,593.94,599.34,587.64,593.04,329585
1994-08-01,593.94,595.74,587.64,591.24,930757
1994-08-02,593.04,607.44,592.14,605.64,1430464
1994-08-03,606.54,607.44,601.14,602.94,875875
1994-08-04,602.94,606.54,596.64,598.44,1150967
1994-08-05,598.44,606.54,597.54,602.04,477856
1994-08-08,602.94,604.74,599.34,602.94,1698846
1994-08-09,605.64,607.44,598.44,603.84,2219555
1994-08-10,604.74,607.44,601.14,605.64,1255711
1994-08-11,607.44,607.44,590.12,596.64,1048627
1994-08-12,593.94,597.32,589.44,593.94,443739
1994-08-15,590.34,595.74,584.04,584.94,884453
1994-08-16,584.94,586.74,581.34,584.04,849402
1994-08-17,590.34,593.94,584.94,592.14,883042
1994-08-18,591.24,591.24,585.84,589.44,345748
1994-08-19,589.44,593.94,584.94,592.14,1020387
1994-08-22,588.54,593.94,582.24,586.74,884743
1994-08-23,586.74,591.24,582.24,586.74,291227
1994-08-24,590.34,591.24,580.22,584.04,2298416
1994-08-25,587.64,589.44,581.34,584.04,1307766
1994-08-26,584.94,584.94,576.84,583.14,1320151
1994-08-30,588.54,588.54,572.34,575.94,1268600
1994-08-31,575.04,586.74,573.24,583.14,1322418
1994-09-01,584.04,590.34,580.89,587.64,1506084
1994-09-02,590.34,591.24,583.14,584.04,821946
1994-09-05,577.52,584.94,576.84,580.44,1062934
1994-09-06,579.54,582.24,573.02,575.04,1819060
1994-09-07,573.24,578.64,565.6,568.74,1689353
1994-09-08,565.82,568.74,561.55,566.95,2358912
1994-09-09,564.25,566.95,556.15,560.65,1459749
1994-09-12,561.55,563.35,551.65,553.9,3629548
1994-09-13,556.15,557.95,548.95,554.35,2230204
1994-09-14,557.95,557.95,544.45,548.05,1244118
1994-09-15,548.95,552.1,546.25,549.85,1132169
1994-09-16,548.05,555.25,544.45,547.15,343850
1994-09-19,548.95,550.75,542.65,543.1,699819
1994-09-20,544.0,545.35,533.65,538.15,846354
1994-09-21,539.95,546.25,533.65,535.45,713768
1994-09-22,535.45,546.25,535.45,544.45,1716606
1994-09-23,546.25,556.15,541.75,554.35,1695738
1994-09-26,552.55,555.25,547.15,551.65,1918430
1994-09-27,549.85,557.05,547.15,554.8,1645508
1994-09-28,559.75,568.74,555.25,562.45,2609782
1994-09-29,563.35,564.25,557.95,561.55,2709674
1994-09-30,558.85,563.35,554.35,561.55,1806639
1994-10-03,563.35,563.35,548.95,549.85,1930657
1994-10-04,553.45,554.35,548.95,550.75,686384
1994-10-05,547.15,551.65,542.65,546.25,2410359
1994-10-06,550.75,550.75,544.9,547.15,1185926
1994-10-07,546.7,546.7,539.95,543.55,1676600
1994-10-10,548.05,554.35,543.55,550.75,1790921
1994-10-11,552.55,552.55,544.45,550.75,2049303
1994-10-12,549.4,555.25,548.05,552.55,1297591
1994-10-13,550.75,569.64,550.75,563.35,3267583
1994-10-14,561.55,568.74,558.85,564.25,1188691
1994-10-17,564.02,567.4,558.85,564.25,1003485
1994-10-18,564.25,564.25,557.95,561.55,510412
1994-10-19,559.75,566.05,556.15,559.75,822195
1994-10-20,562.45,562.45,554.35,557.95,1135253
1994-10-21,557.05,559.75,547.15,549.85,958672
1994-10-24,551.65,555.25,543.55,544.45,1414762
1994-10-25,543.55,543.55,537.25,539.05,578157
1994-10-26,541.75,542.65,535.45,541.3,2309918
1994-10-27,541.75,541.75,537.25,539.95,972663
1994-10-28,542.65,550.75,538.15,549.85,1227259
1994-10-31,549.85,557.95,548.95,555.25,879853
1994-11-01,554.35,560.2,553.45,558.85,284190
1994-11-02,560.65,566.95,558.85,563.35,1338583
1994-11-03,563.35,563.35,555.25,557.95,1302139
1994-11-04,559.75,562.45,556.15,557.95,916777
1994-11-07,551.65,557.05,548.95,551.65,912238
1994-11-08,550.75,553.45,542.65,551.65,1246710
1994-11-09,556.15,560.65,551.65,554.35,920317
1994-11-10,554.57,558.85,549.85,557.95,1061794
1994-11-11,557.95,559.75,551.65,556.15,834735
1994-11-14,554.35,557.95,551.65,557.05,287536
1994-11-15,559.75,562.0,556.15,560.65,1909302
1994-11-16,551.65,551.65,537.25,545.35,8441759
1994-11-17,545.35,548.95,537.36,543.55,3998270
1994-11-18,539.95,547.15,539.95,544.45,1394138
1994-11-21,541.75,542.65,532.75,538.15,1083678
1994-11-22,533.65,543.55,533.65,540.85,1354946
1994-11-23,534.1,539.05,533.65,536.35,1302295
1994-11-24,536.35,541.75,535.45,537.25,747779
1994-11-25,538.15,539.95,533.65,538.15,651738
1994-11-28,532.75,542.2,529.04,530.05,962304
1994-11-29,529.15,532.75,526.45,529.15,1204790
1994-11-30,529.15,534.55,519.7,532.75,1738206
1994-12-01,529.15,529.15,516.55,518.35,2625177
1994-12-02,515.65,521.05,513.85,516.55,1466081
1994-12-05,520.15,521.05,512.95,517.45,381843
1994-12-06,519.25,519.25,509.35,512.05,2310257
1994-12-07,511.6,515.65,508.45,512.05,368846
1994-12-08,509.8,516.55,508.45,512.95,745373
1994-12-09,506.65,512.95,502.15,503.95,1608284
1994-12-12,499.45,501.25,488.65,492.25,3635263
1994-12-13,494.95,494.95,485.95,490.45,1965670
1994-12-14,489.1,503.5,489.1,503.05,1575900
1994-12-15,507.55,514.75,505.75,507.55,1765690
1994-12-16,504.63,530.05,503.95,527.35,2178129
1994-12-19,526.45,534.55,525.55,530.05,1812576
1994-12-20,531.85,532.75,524.65,527.35,1710756
1994-12-21,526.67,535.45,525.55,529.15,1115684
1994-12-22,526.45,538.15,526.45,536.35,1514846
1994-12-23,534.55,546.25,533.65,543.55,879516
1994-12-28,545.35,548.05,539.95,541.75,336330
1994-12-29,541.3,541.75,535.45,538.15,459782
1994-12-30,536.35,539.95,535.45,536.35,408580
1995-01-03,535.45,537.25,533.65,536.8,564209
1995-01-04,536.35,538.15,533.65,535.45,687065
1995-01-05,534.55,538.15,526.45,530.05,2344425
1995-01-06,530.95,530.95,522.85,527.35,2213290
1995-01-09,520.15,523.75,518.35,521.95,861427
1995-01-10,518.35,527.35,517.45,526.45,405094
1995-01-11,521.95,530.95,521.95,524.65,1303364
1995-01-12,523.75,527.35,516.55,518.35,1182066
1995-01-13,518.8,526.45,515.65,526.45,974462
1995-01-16,530.05,530.05,521.05,524.2,855327
1995-01-17,521.95,524.65,514.75,514.75,1593279
1995-01-18,520.15,520.15,512.95,513.85,1782685
1995-01-19,514.75,514.75,508.45,512.05,463364
1995-01-20,513.4,514.75,504.85,505.75,1432144
1995-01-23,503.05,504.85,495.85,496.75,2289115
1995-01-24,498.55,501.25,492.25,496.75,1804147
1995-01-25,495.18,496.3,488.65,492.25,3158822
1995-01-26,492.25,503.05,490.9,499.45,3313579
1995-01-27,499.0,501.25,495.85,497.65,1212250
1995-01-30,494.95,501.25,494.95,498.55,417352
1995-01-31,499.45,503.95,495.85,499.45,440427
1995-02-01,497.88,512.5,497.2,511.15,2023612
1995-02-02,510.25,521.95,509.8,520.15,1636456
1995-02-03,519.25,521.95,513.85,518.35,2496896
1995-02-06,517.45,521.95,511.15,512.95,1558721
1995-02-07,512.5,523.75,512.05,520.15,1281938
1995-02-08,518.12,521.95,517.45,520.15,1071083
1995-02-09,520.15,529.15,520.15,526.45,1370965
1995-02-10,526.22,527.35,520.15,523.75,2189728
1995-02-13,521.05,526.45,519.25,521.05,1244193
1995-02-14,521.05,523.75,515.65,519.25,1291066
1995-02-15,520.15,520.15,511.15,517.45,1160768
1995-02-16,513.85,521.95,513.85,521.05,1614926
1995-02-17,518.35,523.75,518.35,521.95,1045396
1995-02-20,521.95,521.95,517.45,520.15,1060891
1995-02-21,519.25,523.75,517.45,521.05,670214
1995-02-22,520.6,523.75,518.35,521.95,1100332
1995-02-23,520.82,526.45,520.04,524.65,2428461
1995-02-24,523.3,530.05,521.95,526.45,2979682
1995-02-27,520.15,533.65,520.15,531.85,3064578
1995-02-28,532.75,537.25,526.45,530.05,2266478
1995-03-01,528.25,537.25,527.35,533.65,2469404
1995-03-02,533.87,535.0,524.65,528.25,2641270
1995-03-03,528.7,533.65,525.55,530.95,1256846
1995-03-06,529.15,532.75,527.35,530.95,654862
1995-03-07,530.95,533.65,524.65,527.35,1320857
1995-03-08,524.99,530.95,522.85,530.05,1259618
1995-03-09,528.7,530.95,525.55,527.35,375612
1995-03-10,527.8,535.45,526.45,534.55,1658708
1995-03-13,536.35,537.25,530.95,534.55,1315216
1995-03-14,533.65,538.15,532.75,534.55,1729674
1995-03-15,533.65,537.25,526.45,528.25,2273156
1995-03-16,527.8,534.55,526.45,532.75,1711764
1995-03-17,530.05,535.0,528.25,530.05,1079846
1995-03-20,532.75,539.05,528.25,537.7,1016005
1995-03-21,537.47,547.15,534.55,545.35,1883427
1995-03-22,542.87,546.7,536.35,539.05,2007302
1995-03-23,539.95,541.75,536.35,538.15,1779696
1995-03-24,537.92,539.27,532.75,534.55,1331579
1995-03-27,535.45,536.35,532.75,534.55,340486
1995-03-28,533.2,537.25,529.15,530.95,565455
1995-03-29,532.19,535.45,524.65,531.85,1916958
1995-03-30,530.95,542.65,526.45,538.15,1563449
1995-03-31,535.9,545.35,531.85,534.55,823633
1995-04-03,530.95,535.45,530.95,532.75,2607307
1995-04-04,533.65,536.35,529.15,530.95,1703817
1995-04-05,529.82,533.65,524.65,526.45,1641668
1995-04-06,526.67,528.25,522.85,523.75,1010420
1995-04-07,524.65,524.65,514.08,515.65,1954739
1995-04-10,516.55,521.05,513.85,516.55,1197137
1995-04-11,518.35,521.05,515.65,517.45,564359
1995-04-12,515.65,523.75,515.65,522.85,1452231
1995-04-13,524.65,525.55,519.25,521.05,1066182
1995-04-18,521.05,523.75,515.65,519.25,656795
1995-04-19,521.05,521.05,510.25,512.05,279487
1995-04-20,512.05,512.95,503.95,507.55,872480
1995-04-21,509.35,512.95,506.65,509.35,1087083
1995-04-24,506.65,510.25,503.95,509.35,636118
1995-04-25,508.45,512.95,508.45,511.15,421453
1995-04-26,508.45,511.15,505.08,506.65,1091859
1995-04-27,509.35,509.35,502.15,505.75,901444
1995-04-28,503.05,506.65,497.65,497.65,1260475
1995-05-01,498.55,503.95,494.05,501.25,2007575
1995-05-02,503.95,514.75,503.95,512.05,5016238
1995-05-03,516.55,519.25,514.75,516.55,1296506
1995-05-04,521.95,525.55,520.15,524.65,3834919
1995-05-05,521.95,525.55,521.95,522.85,936361
1995-05-09,526.45,527.35,521.95,524.65,889263
1995-05-10,526.45,541.75,523.75,539.05,3572821
1995-05-11,539.5,546.25,537.25,541.75,1665348
1995-05-12,544.45,544.45,535.45,537.25,3549615
1995-05-15,537.25,538.15,526.45,528.25,3777646
1995-05-16,524.65,529.15,523.75,528.25,1172445
1995-05-17,527.35,530.05,520.6,528.25,795628
1995-05-18,528.7,535.45,526.9,532.75,1364466
1995-05-19,529.15,532.97,522.85,526.45,1834461
1995-05-22,522.85,528.25,522.85,526.45,558174
1995-05-23,525.55,533.65,525.55,532.75,1260821
1995-05-24,543.55,556.15,527.35,555.25,4365486
1995-05-25,557.05,564.25,540.85,557.95,1949702
1995-05-26,556.15,560.65,555.25,558.85,958994
1995-05-30,559.75,561.55,539.05,558.85,745376
1995-05-31,561.55,563.35,557.95,561.55,1202281
1995-06-01,566.95,573.24,562.45,571.44,1446312
1995-06-02,573.24,575.04,549.85,574.14,10653893
1995-06-05,552.55,581.34,551.65,563.35,1558683
1995-06-06,563.35,588.54,562.45,564.25,960913
1995-06-07,565.15,581.34,558.85,563.35,2524148
1995-06-08,561.55,571.44,561.55,566.95,1328935
1995-06-09,567.84,575.04,557.95,559.75,2217792
1995-06-12,557.05,561.55,551.65,553.45,1008567
1995-06-13,549.85,554.35,544.45,546.25,780797
1995-06-14,548.5,550.75,544.45,549.85,877512
1995-06-15,548.5,559.75,548.5,557.05,397502
1995-06-16,557.05,561.55,554.35,557.05,875237
1995-06-19,555.25,562.45,554.35,560.65,1668808
1995-06-20,558.85,566.95,558.85,565.15,813203
1995-06-21,563.35,568.74,563.35,565.15,492769
1995-06-22,566.05,570.54,562.45,569.64,903911
1995-06-23,566.95,571.44,562.45,565.15,1533265
1995-06-26,560.65,565.15,556.15,557.05,796095
1995-06-27,551.65,557.95,551.65,557.05,1158905
1995-06-28,557.05,557.05,545.35,548.05,1129455
1995-06-29,550.75,552.55,545.8,548.05,1327602
1995-06-30,548.05,548.95,545.35,547.15,611419
1995-07-03,544.45,550.75,542.65,548.95,1261762
1995-07-04,547.15,555.25,547.15,553.45,700300
1995-07-05,557.95,564.25,553.45,562.45,961121
1995-07-06,564.25,571.44,561.55,566.05,625132
1995-07-07,570.99,578.64,567.84,571.44,1492245
1995-07-10,575.04,575.94,569.64,571.44,237225
1995-07-11,570.54,572.34,567.84,570.54,338053
1995-07-12,566.95,593.04,566.95,571.44,210897
1995-07-13,575.94,577.74,569.64,573.24,662928
1995-07-14,569.64,573.24,566.95,570.54,441723
1995-07-17,567.84,575.94,567.84,573.24,1268854
1995-07-18,574.14,574.14,565.15,566.95,647042
1995-07-19,566.05,566.95,560.65,566.05,165619
1995-07-20,565.15,570.09,564.25,568.74,1235376
1995-07-21,568.74,571.44,565.15,567.84,857310
1995-07-24,567.84,573.24,567.84,571.44,596200
1995-07-25,571.89,573.24,566.95,572.34,518868
1995-07-26,576.84,582.24,571.44,580.44,1963365
1995-07-27,577.74,581.79,567.84,569.64,2471636
1995-07-28,570.54,576.84,567.84,574.14,656431
1995-07-31,575.04,576.84,572.34,575.94,509765
1995-08-01,575.94,578.64,572.34,574.14,474283
1995-08-02,575.04,575.94,571.44,573.24,2184584
1995-08-03,572.34,573.24,562.45,566.95,1349906
1995-08-04,568.74,571.44,562.45,565.15,981786
1995-08-07,564.25,568.74,560.65,563.35,2003272
1995-08-08,561.55,564.25,559.75,561.55,1388470
1995-08-09,559.97,560.65,557.05,557.95,975221
1995-08-10,557.05,557.95,553.45,557.05,337586
1995-08-11,557.5,559.75,552.55,554.35,593319
1995-08-14,554.35,554.35,546.25,549.85,522239
1995-08-15,551.2,553.45,547.15,548.95,1788857
1995-08-16,545.35,553.45,545.35,551.65,607511
1995-08-17,553.45,555.25,547.15,550.75,731966
1995-08-18,548.05,552.55,547.15,550.75,698292
1995-08-21,551.65,554.35,548.95,552.55,593039
1995-08-22,548.95,554.35,548.95,550.75,308791
1995-08-23,549.85,552.55,547.15,548.05,838638
1995-08-24,548.95,548.95,539.95,541.75,697875
1995-08-25,543.55,544.0,539.95,541.75,973011
1995-08-29,545.35,548.05,543.55,546.25,946029
1995-08-30,545.35,547.15,543.55,546.25,324719
1995-08-31,545.35,545.35,536.35,539.95,1106402
1995-09-01,539.05,548.05,538.15,546.25,987618
1995-09-04,547.15,548.95,542.65,547.15,243629
1995-09-05,548.05,548.95,542.65,546.25,1361293
1995-09-06,546.7,553.45,544.45,551.65,2106111
1995-09-07,550.3,551.65,548.05,550.75,393127
1995-09-08,548.95,557.05,548.95,554.35,1341896
1995-09-11,557.95,559.75,553.45,558.85,1437099
1995-09-12,556.15,563.35,556.15,560.65,1030610
1995-09-13,562.9,562.9,557.95,559.75,1128229
1995-09-14,560.65,560.65,556.15,557.95,219070
1995-09-15,556.48,562.45,555.25,557.05,879786
1995-09-18,555.25,560.65,554.35,557.95,1362642
1995-09-19,559.75,559.75,554.35,556.15,108283
1995-09-20,554.35,561.55,554.35,559.75,503573
1995-09-21,560.65,561.55,556.15,557.95,1717552
1995-09-22,557.05,557.05,549.85,554.35,819866
1995-09-25,553.45,557.95,552.55,556.15,556098
1995-09-26,556.15,559.75,554.35,557.95,246354
1995-09-27,556.6,562.45,551.65,555.25,978713
1995-09-28,554.35,555.25,547.15,550.75,728262
1995-09-29,548.05,555.25,548.05,553.45,1340307
1995-10-02,552.55,557.95,551.65,557.05,225367
1995-10-03,557.05,557.5,551.65,555.25,1053831
1995-10-04,552.55,556.15,548.95,551.2,2962967
1995-10-05,549.85,553.45,548.95,551.65,737306
1995-10-06,550.75,552.55,549.73,551.65,423848
1995-10-09,549.85,549.85,545.35,546.25,1274679
1995-10-10,544.45,546.25,538.15,539.95,595528
1995-10-11,544.0,544.0,538.15,539.05,971875
1995-10-12,537.25,541.75,536.35,539.05,1785086
1995-10-13,539.95,539.95,530.95,532.75,2536100
1995-10-16,528.25,530.95,520.15,529.15,2531936
1995-10-17,525.55,530.95,521.95,523.75,509456
1995-10-18,521.95,526.45,519.25,521.95,1186398
1995-10-19,523.75,524.65,518.35,520.15,1163262
1995-10-20,517.45,523.75,517.45,521.95,510107
1995-10-23,522.85,523.75,512.95,517.45,304094
1995-10-24,515.65,519.25,513.4,515.65,1316976
1995-10-25,514.75,520.15,514.75,517.45,1915833
1995-10-26,519.25,519.25,514.75,517.45,582829
1995-10-27,512.05,517.45,510.25,516.55,757719
1995-10-30,518.8,521.05,515.65,516.55,327225
1995-10-31,518.35,523.75,515.65,522.85,697302
1995-11-01,520.15,529.15,517.9,527.35,999861
1995-11-02,526.45,529.15,524.65,526.45,472657
1995-11-03,528.25,530.05,521.05,524.65,671556
1995-11-06,521.95,526.45,521.95,524.65,691413
1995-11-07,524.65,526.45,521.95,522.85,728526
1995-11-08,521.95,532.3,521.95,528.7,1560642
1995-11-09,528.7,530.95,524.65,526.9,689149
1995-11-10,529.6,529.6,521.95,523.75,338002
1995-11-13,525.55,526.45,520.15,524.65,164114
1995-11-14,524.65,531.85,523.75,526.45,453672
1995-11-15,525.55,530.95,522.85,530.05,810422
1995-11-16,531.85,533.65,528.25,532.75,1733107
1995-11-17,534.55,535.45,531.85,533.65,1202108
1995-11-20,535.45,539.95,531.85,537.25,981877
1995-11-21,538.15,539.05,526.45,536.35,517590
1995-11-22,535.45,543.55,535.45,540.85,1950385
1995-11-23,539.05,541.75,538.15,539.05,230629
1995-11-24,537.25,548.95,537.25,540.85,910187
1995-11-27,530.95,537.25,530.95,534.55,1506443
1995-11-28,532.75,537.25,531.85,535.45,554984
1995-11-29,535.45,537.25,526.9,534.55,1874658
1995-11-30,536.35,537.25,532.75,536.35,629431
1995-12-01,535.45,541.75,534.55,539.95,1325754
1995-12-04,538.15,541.75,538.15,539.95,351943
1995-12-05,538.15,543.55,537.25,539.95,397531
1995-12-06,538.15,541.75,535.45,538.15,316997
1995-12-07,536.35,544.45,536.35,543.55,1458928
1995-12-08,540.85,544.9,539.95,543.55,1180343
1995-12-11,543.55,548.05,541.75,546.25,524605
1995-12-12,543.32,553.45,543.32,549.85,1846469
1995-12-13,547.82,555.25,547.6,551.65,1803744
1995-12-14,549.85,552.55,547.15,548.05,1016525
1995-12-15,548.95,550.75,539.05,539.95,1000345
1995-12-18,539.05,542.65,533.65,535.45,704927
1995-12-19,535.45,537.25,531.85,534.55,1294584
1995-12-20,539.05,541.75,534.55,539.05,1224355
1995-12-21,539.5,539.95,535.45,539.05,409099
1995-12-22,540.85,541.75,538.15,539.95,187616
1995-12-27,538.15,547.15,538.15,547.15,564632
1995-12-28,549.85,554.35,548.95,551.65,207267
1995-12-29,554.35,557.95,553.45,555.25,684445
1996-01-02,554.35,557.95,551.65,557.05,702481
1996-01-03,559.75,570.54,559.75,567.84,814371
1996-01-04,567.84,572.34,566.05,567.84,952184
1996-01-05,565.15,580.44,563.35,579.54,1829888
1996-01-08,577.74,580.44,571.44,576.84,881939
1996-01-09,581.34,582.69,577.74,580.44,1032018
1996-01-10,576.84,581.34,572.34,575.94,1458267
1996-01-11,572.34,574.14,563.35,566.05,646564
1996-01-12,563.35,567.84,563.35,564.25,348772
1996-01-15,561.55,567.84,560.65,566.05,878535
1996-01-16,566.05,568.74,563.35,566.95,1018862
1996-01-17,567.84,570.54,560.65,562.45,828548
1996-01-18,561.55,562.45,557.95,560.65,2405180
1996-01-19,559.75,566.95,559.75,565.15,1860497
1996-01-22,566.95,573.24,564.25,569.64,1859108
1996-01-23,575.94,575.94,567.84,574.14,871292
1996-01-24,575.04,582.24,575.04,580.44,1491739
1996-01-25,575.94,577.74,573.24,576.84,1051709
1996-01-26,574.14,577.74,568.74,569.64,1319798
1996-01-29,568.74,571.44,558.85,561.55,1538369
1996-01-30,562.45,568.74,556.15,558.85,2118436
1996-01-31,558.85,562.45,557.05,561.55,2559488
1996-02-01,558.85,562.45,556.15,557.95,1750605
1996-02-02,559.75,559.75,555.25,557.95,900549
1996-02-05,554.35,558.85,554.35,557.05,1651533
1996-02-06,556.15,559.75,555.25,558.85,1465366
1996-02-07,556.15,559.75,556.15,557.05,1162874
1996-02-08,556.15,559.75,554.35,555.7,3924436
1996-02-09,557.95,558.85,548.05,549.85,2106706
1996-02-12,548.95,552.55,548.95,551.65,620659
1996-02-13,552.55,557.95,551.65,556.15,1745845
1996-02-14,555.25,558.85,553.45,555.25,827390
1996-02-15,553.45,557.95,553.45,557.05,927301
1996-02-16,557.5,557.95,553.45,555.25,168031
1996-02-19,553.45,557.95,551.65,553.45,244416
1996-02-20,551.65,555.25,547.15,549.85,599254
1996-02-21,549.85,553.45,546.25,551.65,1390576
1996-02-22,548.95,553.45,548.95,552.55,318819
1996-02-23,553.45,554.35,550.75,552.55,229752
1996-02-26,553.45,553.45,548.95,550.75,1525233
1996-02-27,551.2,554.55,549.85,553.9,1994966
1996-02-28,554.8,559.75,551.65,557.05,916810
1996-02-29,556.15,556.15,548.95,552.55,1775714
1996-03-01,548.95,555.25,548.95,551.65,356296
1996-03-04,555.25,556.15,548.95,553.45,251385
1996-03-05,551.65,555.25,550.75,552.55,1480413
1996-03-06,551.87,554.35,548.95,551.65,306072
1996-03-07,551.2,555.25,548.95,549.4,584954
1996-03-08,551.65,551.65,540.85,546.25,6386293
1996-03-11,537.25,548.95,537.25,548.05,1295891
1996-03-12,548.05,550.75,542.65,543.55,2115339
1996-03-13,544.45,546.25,540.85,542.65,878681
1996-03-14,541.75,544.45,539.05,542.65,1004296
1996-03-15,540.85,544.45,539.95,541.3,1307629
1996-03-18,545.35,555.7,544.45,552.55,2213319
1996-03-19,551.53,558.85,551.42,557.05,1265226
1996-03-20,553.45,558.85,553.45,557.05,667636
1996-03-21,556.15,561.67,555.25,557.05,522263
1996-03-22,558.4,558.4,553.45,555.25,1042173
1996-03-25,554.35,555.25,548.95,551.65,477228
1996-03-26,549.4,556.15,548.05,548.95,256825
1996-03-27,552.55,555.25,548.05,552.55,625067
1996-03-28,553.45,554.35,547.15,552.55,659447
1996-03-29,550.07,564.25,549.85,563.35,2453548
1996-04-01,562.45,568.74,560.65,563.35,910457
1996-04-02,568.07,568.07,557.95,559.75,1182226
1996-04-03,560.65,562.45,556.15,558.85,459826
1996-04-04,557.83,565.15,556.6,562.45,1402280
1996-04-09,556.15,562.45,556.15,561.55,300885
1996-04-10,562.45,564.25,557.95,563.35,729307
1996-04-11,559.75,566.95,559.75,566.05,513645
1996-04-12,565.15,571.44,564.25,569.64,457495
1996-04-15,573.24,575.94,566.95,574.14,608143
1996-04-16,575.94,589.44,573.24,585.84,4414410
1996-04-17,586.74,593.94,583.14,593.04,1668997
1996-04-18,594.84,611.94,592.14,598.44,4260559
1996-04-19,595.74,600.24,589.44,595.74,3279120
1996-04-22,591.24,600.24,591.24,597.54,2281083
1996-04-23,597.09,600.24,596.64,600.24,617728
1996-04-24,601.14,609.24,601.14,607.44,2139496
1996-04-25,607.44,611.94,602.94,604.74,1575742
1996-04-26,601.14,608.34,596.64,599.34,1959529
1996-04-29,600.24,600.24,592.14,595.74,2021157
1996-04-30,593.94,596.64,587.64,589.44,2537483
1996-05-01,590.34,591.24,587.64,589.44,699579
1996-05-02,590.34,593.04,587.64,588.54,2342740
1996-05-03,584.04,584.49,579.54,581.34,951532
1996-05-07,579.54,586.74,579.54,586.74,826826
1996-05-08,590.34,593.94,587.64,590.34,846412
1996-05-09,591.24,596.64,586.74,592.14,3100445
1996-05-10,590.34,591.69,587.64,588.54,828930
1996-05-13,589.44,589.44,583.14,584.94,799775
1996-05-14,584.04,588.54,582.24,586.74,1411323
1996-05-15,587.64,593.94,587.64,592.14,637155
1996-05-16,593.94,593.94,587.64,591.24,399881
1996-05-17,589.44,593.94,589.44,593.04,921427
1996-05-20,589.44,592.14,583.14,585.84,932543
1996-05-21,584.04,585.84,576.84,578.64,1576633
1996-05-22,581.34,586.74,574.14,576.84,3431947
1996-05-23,577.74,582.92,571.44,573.24,3364374
1996-05-24,573.24,575.04,569.64,571.44,567976
1996-05-28,570.54,573.24,565.15,566.95,1553316
1996-05-29,563.8,572.34,554.35,571.44,2963453
1996-05-30,571.44,574.14,569.64,572.34,1630837
1996-05-31,571.89,579.54,569.64,577.74,6301115
1996-06-03,563.35,582.24,557.95,563.35,820008
1996-06-04,562.45,586.74,559.75,561.55,635100
1996-06-05,561.55,577.74,553.45,557.5,980835
1996-06-06,557.05,562.45,556.15,560.65,928712
1996-06-07,561.55,575.94,551.65,554.35,951429
1996-06-10,556.15,562.45,553.45,559.75,221144
1996-06-11,560.65,582.24,552.55,561.55,386581
1996-06-12,562.45,563.8,557.95,562.45,690497
1996-06-13,561.55,565.15,559.75,561.55,499231
1996-06-14,559.75,584.94,559.75,565.15,974949
1996-06-17,565.15,568.74,564.25,566.05,1036195
1996-06-18,566.05,566.05,557.05,558.85,792902
1996-06-19,558.85,558.85,553.45,557.05,724416
1996-06-20,557.95,559.75,551.65,554.35,631101
1996-06-21,555.25,556.15,548.05,553.45,1031334
1996-06-24,552.55,556.15,549.85,550.75,615981
1996-06-25,551.65,552.55,543.55,548.05,2661850
1996-06-26,544.45,548.05,541.75,547.15,2632171
1996-06-27,549.85,550.75,544.45,548.95,1755560
1996-06-28,550.75,561.55,547.15,560.65,1152352
1996-07-01,561.55,569.64,559.75,567.84,793534
1996-07-02,566.05,568.74,564.25,566.95,1216037
1996-07-03,565.15,566.05,557.95,560.65,652830
1996-07-04,557.95,564.25,557.95,561.55,2712126
1996-07-05,560.65,567.84,560.65,562.45,383232
1996-07-08,560.2,562.45,548.95,560.65,259484
1996-07-09,558.85,564.25,557.95,562.45,757437
1996-07-10,561.55,564.25,560.65,562.45,359720
1996-07-11,563.35,564.25,557.95,559.75,448175
1996-07-12,556.15,557.95,553.45,555.25,489952
1996-07-15,556.15,556.15,553.45,555.25,775641
1996-07-16,555.7,555.7,545.35,548.95,786119
1996-07-17,552.55,553.45,547.15,548.95,565719
1996-07-18,551.65,553.45,548.95,552.55,1000979
1996-07-19,557.95,557.95,549.85,551.65,1600768
1996-07-22,553.45,555.25,549.62,552.55,595951
1996-07-23,554.35,566.05,551.65,564.25,1211003
1996-07-24,561.55,564.25,559.75,561.55,1858480
1996-07-25,560.65,575.94,560.65,575.04,2389766
1996-07-26,575.04,580.44,575.04,577.74,3555338
1996-07-29,575.04,580.44,574.14,578.64,707225
1996-07-30,579.54,584.04,574.14,576.84,1898652
1996-07-31,578.64,589.44,578.64,585.84,2201177
1996-08-01,585.39,589.44,581.34,588.54,3275112
1996-08-02,593.94,602.94,585.84,602.04,2039231
1996-08-05,612.84,618.24,605.64,615.54,1048236
1996-08-06,624.54,625.44,605.64,608.34,2615020
1996-08-07,612.84,615.54,609.24,611.94,629284
1996-08-08,608.34,608.34,601.14,604.74,254859
1996-08-09,604.74,604.74,596.64,600.24,420872
1996-08-12,596.64,609.24,596.64,607.44,1223757
1996-08-13,610.14,616.44,607.44,612.84,1532853
1996-08-14,613.74,617.79,608.34,610.14,1281708
1996-08-15,607.44,613.74,607.44,611.94,1191351
1996-08-16,612.84,615.54,610.14,613.74,1441205
1996-08-19,613.74,614.64,610.14,612.84,540251
1996-08-20,614.19,616.44,610.14,612.84,1950722
1996-08-21,613.74,613.74,601.14,603.84,1468627
1996-08-22,605.64,610.59,601.14,608.34,1832172
1996-08-23,610.14,610.14,603.84,608.34,1564102
1996-08-27,608.23,611.04,605.64,609.24,528489
1996-08-28,606.54,616.55,606.54,614.64,529181
1996-08-29,617.34,622.74,605.64,613.29,1990920
1996-08-30,613.74,620.94,610.14,613.29,900698
1996-09-02,610.59,616.44,610.14,614.64,138538
1996-09-03,610.14,616.44,602.94,607.44,576415
1996-09-04,612.84,616.44,610.14,611.94,1102368
1996-09-05,611.94,615.54,610.14,614.64,838289
1996-09-06,612.84,616.44,611.04,615.09,584620
1996-09-09,618.24,629.94,614.64,615.54,1108354
1996-09-10,632.64,643.44,630.84,633.99,1845407
1996-09-11,637.14,637.14,628.14,631.29,319557
1996-09-12,631.74,633.62,628.14,630.39,1264603
1996-09-13,629.94,630.84,620.94,627.69,907432
1996-09-16,630.84,635.34,627.24,633.54,1469935
1996-09-17,636.69,638.04,632.64,636.69,1073557
1996-09-18,635.34,638.94,632.64,634.44,455784
1996-09-19,631.74,636.24,629.94,631.29,1491256
1996-09-20,629.04,634.59,627.24,632.19,1714515
1996-09-23,627.24,629.94,620.94,622.74,256444
1996-09-24,620.94,623.64,615.54,619.59,568383
1996-09-25,621.84,631.74,621.84,630.84,816354
1996-09-26,629.94,637.14,628.14,630.39,1057057
1996-09-27,633.54,634.44,626.34,628.14,407075
1996-09-30,629.94,629.94,625.44,627.24,967516
1996-10-01,626.34,636.24,626.34,634.44,752930
1996-10-02,635.34,640.74,635.34,637.59,1897327
1996-10-03,637.14,640.74,633.54,635.79,1082946
1996-10-04,634.44,638.94,633.54,637.59,955078
1996-10-07,639.84,640.74,634.44,636.69,2395729
1996-10-08,633.54,638.94,631.74,637.14,773432
1996-10-09,638.94,640.74,634.44,636.69,833405
1996-10-10,635.34,638.94,631.74,635.34,395794
1996-10-11,633.54,638.04,632.64,635.34,569272
1996-10-14,633.54,646.14,632.64,634.89,264773
1996-10-15,636.24,645.24,630.84,643.44,951666
1996-10-16,642.54,645.24,638.94,640.29,1085151
1996-10-17,638.04,641.64,629.94,639.39,1388323
1996-10-18,642.54,642.54,638.04,640.29,1487599
1996-10-21,641.64,645.24,638.04,642.54,850115
1996-10-22,643.44,649.74,640.74,647.94,564504
1996-10-23,646.59,651.09,646.59,650.19,1153038
1996-10-24,650.19,651.54,642.54,643.89,796389
1996-10-25,642.54,647.94,641.64,647.04,919374
1996-10-28,643.44,649.74,643.44,645.69,197005
1996-10-29,644.34,647.94,638.94,646.14,638715
1996-10-30,648.84,649.74,640.72,643.44,826975
1996-10-31,641.64,645.24,639.84,644.34,174054
1996-11-01,642.54,647.04,642.54,644.79,393207
1996-11-04,646.14,646.14,638.94,639.39,310403
1996-11-05,639.84,643.44,634.44,638.04,646592
1996-11-06,641.64,642.09,634.44,637.59,581067
1996-11-07,639.84,640.74,632.64,635.79,395861
1996-11-08,638.04,638.94,632.64,634.44,769116
1996-11-11,638.04,640.74,632.64,638.94,536443
1996-11-12,643.44,652.44,643.44,646.59,1476377
1996-11-13,647.94,656.94,642.54,653.34,2451412
1996-11-14,652.44,656.04,642.54,654.24,825071
1996-11-15,654.01,658.74,651.54,653.34,721157
1996-11-18,650.64,655.14,650.64,653.34,554250
1996-11-19,654.24,659.64,651.54,656.94,949916
1996-11-20,661.44,661.44,656.94,659.64,309088
1996-11-21,660.54,662.34,657.84,660.99,527262
1996-11-22,659.64,670.44,659.64,669.09,687546
1996-11-25,664.81,670.44,664.14,668.19,1829905
1996-11-26,665.94,674.93,658.74,660.99,1584704
1996-11-27,662.34,663.24,654.24,655.14,881243
1996-11-28,656.04,657.84,653.34,656.49,885544
1996-11-29,658.74,665.94,655.14,663.24,1374268
1996-12-02,663.69,672.23,663.69,668.64,988845
1996-12-03,665.04,669.54,661.44,662.79,1855110
1996-12-04,662.34,665.94,658.74,663.24,746736
1996-12-05,660.54,665.94,656.94,659.19,3022537
1996-12-06,657.72,657.72,638.94,653.34,1146211
1996-12-09,656.04,656.94,650.64,654.69,522625
1996-12-10,652.44,664.91,652.44,657.84,4123334
1996-12-11,656.94,658.74,643.44,646.59,1634930
1996-12-12,646.59,656.04,646.59,649.29,1421738
1996-12-13,644.34,644.34,637.14,641.19,647039
1996-12-16,642.54,648.84,641.64,646.14,2014700
1996-12-17,646.59,649.74,643.44,646.59,4139019
1996-12-18,646.14,665.94,646.14,663.69,2227190
1996-12-19,665.04,672.23,665.04,670.44,434132
1996-12-20,671.33,679.43,671.33,672.68,2359251
1996-12-23,674.03,674.93,668.64,671.33,122560
1996-12-24,669.54,674.03,668.64,670.88,114828
1996-12-27,671.33,674.93,670.44,673.58,274581
1996-12-30,673.13,674.93,665.94,669.09,349982
1996-12-31,672.23,672.23,665.94,669.54,63704
1997-01-02,669.54,669.54,651.54,659.19,1203352
1997-01-03,661.21,667.29,659.64,666.39,334297
1997-01-06,672.23,683.03,672.23,681.68,806577
1997-01-07,682.13,690.23,679.43,687.08,2647461
1997-01-08,692.03,699.23,691.13,695.63,2239295
1997-01-09,691.13,696.53,688.43,692.03,1129676
1997-01-10,689.78,694.73,683.93,686.63,1147390
1997-01-13,691.13,714.53,689.33,706.88,3282396
1997-01-14,706.88,710.93,704.63,708.68,1840090
1997-01-15,708.23,710.03,699.23,702.83,1191893
1997-01-16,700.92,715.43,697.43,711.83,1264291
1997-01-17,712.73,713.63,707.33,710.03,849260
1997-01-20,710.93,712.73,693.83,695.63,1866166
1997-01-21,697.43,697.43,686.63,691.58,1366996
1997-01-22,696.53,705.53,693.83,702.83,1328366
1997-01-23,701.93,710.03,701.93,709.13,1559413
1997-01-24,704.63,708.23,702.83,706.88,1281042
1997-01-27,703.73,705.31,682.13,690.68,3168777
1997-01-28,691.13,692.93,680.33,683.48,1880799
1997-01-29,681.23,685.73,674.93,677.18,737195
1997-01-30,682.13,688.43,677.63,687.08,1066253
1997-01-31,687.08,690.23,683.93,686.63,1399127
1997-02-03,688.43,688.43,683.93,686.18,1021730
1997-02-04,685.73,688.43,683.03,686.63,898094
1997-02-05,687.08,696.53,685.73,693.83,1364031
1997-02-06,695.63,719.48,690.68,699.68,2492301
1997-02-07,701.93,711.83,698.33,708.68,1354427
1997-02-10,712.73,717.23,707.33,713.18,1445413
1997-02-11,712.28,719.93,709.13,714.98,1078743
1997-02-12,714.98,717.23,701.93,707.33,2698737
1997-02-13,705.76,711.83,704.63,705.53,1546146
1997-02-14,706.43,709.13,701.93,707.33,478166
1997-02-17,709.13,709.13,703.73,706.88,502322
1997-02-18,705.53,708.23,696.53,700.58,859060
1997-02-19,701.03,705.53,700.13,703.28,2373806
1997-02-20,703.28,706.43,699.23,703.73,1440804
1997-02-21,703.51,703.73,691.13,701.03,1892871
1997-02-24,700.13,709.13,700.13,706.43,2660146
1997-02-25,705.31,719.93,705.31,714.08,2924241
1997-02-26,717.23,719.93,712.73,715.43,2271172
1997-02-27,715.43,722.05,709.13,711.83,1028122
1997-02-28,710.71,714.53,687.53,710.93,1686068
1997-03-03,707.33,712.73,701.03,710.48,221914
1997-03-04,710.03,717.23,709.13,715.43,1090469
1997-03-05,715.43,717.23,712.73,714.98,435966
1997-03-06,714.53,724.78,714.53,718.13,876699
1997-03-07,719.48,721.73,710.93,714.08,585545
1997-03-10,711.83,717.23,710.93,713.18,1034014
1997-03-11,713.63,717.23,710.93,713.18,1362406
1997-03-12,713.63,715.43,705.53,706.88,1378641
1997-03-13,708.23,710.93,701.93,708.23,913404
1997-03-14,706.99,710.93,701.93,710.03,659533
1997-03-17,707.33,713.63,701.93,709.13,963379
1997-03-18,708.46,712.73,697.43,703.73,1879502
1997-03-19,704.18,709.37,693.61,696.98,1730470
1997-03-20,697.43,704.63,680.33,682.13,3142192
1997-03-21,684.33,688.43,674.93,686.18,2253217
1997-03-24,690.23,690.23,681.23,683.03,1576659
1997-03-25,684.83,692.03,681.68,688.43,744230
1997-03-26,687.53,697.43,685.73,693.38,1016821
1997-03-27,693.16,698.33,691.13,696.08,613895
1997-04-01,674.93,697.43,674.93,695.18,956853
1997-04-02,691.81,701.93,687.53,689.33,1483754
1997-04-03,689.78,692.03,683.93,687.98,3440022
1997-04-04,686.86,692.03,685.73,688.88,1215944
1997-04-07,686.63,697.43,686.63,695.18,747484
1997-04-08,697.43,699.23,692.93,696.08,497918
1997-04-09,698.33,710.93,698.33,702.83,844977
1997-04-10,704.63,713.63,698.33,702.83,797487
1997-04-11,705.53,707.55,694.73,696.98,1714265
1997-04-14,693.83,694.73,691.13,693.83,279157
1997-04-15,701.93,705.53,693.83,703.73,739759
1997-04-16,708.23,708.23,698.33,701.48,836038
1997-04-17,705.53,705.53,674.93,702.38,741706
1997-04-18,704.63,704.63,700.13,702.83,407045
1997-04-21,701.03,704.63,700.13,703.28,183902
1997-04-22,703.73,705.53,700.13,701.93,635974
1997-04-23,701.03,713.63,701.03,709.58,1734660
1997-04-24,712.73,712.73,704.63,707.78,2204405
1997-04-25,710.93,713.63,704.63,708.68,1731230
1997-04-28,710.93,710.93,704.63,706.43,717750
1997-04-29,708.23,715.43,703.73,714.08,2252904
1997-04-30,715.43,723.53,713.63,721.28,1993069
1997-05-01,725.55,730.73,719.93,724.43,1197862
1997-05-02,719.93,724.43,714.53,722.63,611753
1997-05-06,723.53,742.43,722.63,733.43,1980272
1997-05-07,737.25,753.23,729.83,752.33,3265625
1997-05-08,748.73,766.73,748.73,765.83,2158989
1997-05-09,765.83,775.72,764.93,771.68,2484987
1997-05-12,772.13,784.72,771.23,783.82,598769
1997-05-13,790.12,805.42,786.52,788.32,6350848
1997-05-14,789.22,791.02,771.9,781.57,2860155
1997-05-15,782.92,791.92,779.32,789.67,1855204
1997-05-16,795.52,804.52,791.92,795.52,1798691
1997-05-19,793.72,795.52,781.12,782.02,1583306
1997-05-20,781.12,781.12,756.83,759.53,682439
1997-05-21,778.2,791.92,775.5,786.07,4799339
1997-05-22,785.17,802.72,784.72,795.07,3308984
1997-05-23,793.72,809.02,793.72,799.12,817455
1997-05-27,800.92,815.32,797.32,812.62,1820149
1997-05-28,814.42,822.52,811.72,818.92,892631
1997-05-29,818.02,834.22,814.42,831.07,1228819
1997-05-30,830.62,835.12,820.27,826.12,3030885
1997-06-02,809.92,836.92,805.42,811.27,1506218
1997-06-03,808.12,811.82,794.62,795.97,2042075
1997-06-04,797.32,798.22,787.42,787.87,2131215
1997-06-05,784.72,800.92,776.62,782.47,3458007
1997-06-06,781.12,787.42,773.03,785.17,2266721
1997-06-09,785.62,795.52,785.62,794.62,2073569
1997-06-10,795.52,796.42,782.92,790.12,1421203
1997-06-11,787.42,792.82,782.92,786.07,1038435
1997-06-12,787.42,791.92,783.82,790.57,1472308
1997-06-13,790.57,795.52,786.52,789.67,2596745
1997-06-16,782.92,785.62,773.93,776.17,1481974
1997-06-17,778.42,778.42,761.33,763.13,1142495
1997-06-18,764.93,764.93,756.83,758.18,2200058
1997-06-19,758.18,763.72,749.63,759.08,2067517
1997-06-20,759.53,760.43,748.73,749.63,2793462
1997-06-23,749.18,753.23,737.93,750.98,1977260
1997-06-24,752.33,755.03,746.93,750.98,572400
1997-06-25,748.73,771.23,748.73,768.98,2924934
1997-06-26,765.83,771.23,765.35,768.08,1084931
1997-06-27,769.43,775.72,763.13,767.63,662788
1997-06-30,765.83,771.23,760.43,762.68,1819274
1997-07-01,762.23,780.22,760.43,780.67,1747125
1997-07-02,788.32,803.71,779.32,784.27,1480945
1997-07-03,795.52,836.02,790.12,831.97,5278364
1997-07-04,831.18,831.52,816.22,819.37,2604402
1997-07-07,818.92,823.42,814.42,818.02,534054
1997-07-08,816.0,818.92,809.02,810.37,1435140
1997-07-09,808.12,829.72,808.12,823.42,2443470
1997-07-10,821.85,836.02,814.42,833.77,1850950
1997-07-11,837.82,843.22,829.49,830.62,1485628
1997-07-14,831.52,843.22,821.62,841.42,1105223
1997-07-15,845.02,853.12,842.32,848.62,1003743
1997-07-16,853.12,861.22,850.42,858.52,1781576
1997-07-17,861.22,862.12,843.22,845.47,2021680
1997-07-18,846.82,847.72,832.42,834.67,1116729
1997-07-21,835.12,835.12,827.92,832.42,443351
1997-07-22,835.12,843.22,831.52,837.37,619591
1997-07-23,839.62,861.22,839.62,845.47,1079826
1997-07-24,847.72,847.72,843.22,845.47,1068395
1997-07-25,847.72,847.72,837.82,839.62,591185
1997-07-28,838.72,850.42,838.72,847.72,928746
1997-07-29,847.27,854.02,844.28,849.07,1513212
1997-07-30,845.92,851.32,844.12,847.27,695975
1997-07-31,849.52,849.52,836.02,836.92,1272253
1997-08-01,838.72,838.72,825.1,830.17,1650872
1997-08-04,828.82,832.42,821.62,830.62,770045
1997-08-05,833.32,845.92,829.72,843.67,1202070
1997-08-06,844.12,849.52,839.62,845.92,578469
1997-08-07,845.69,853.41,844.12,849.07,1404555
1997-08-08,852.22,862.12,844.12,846.82,2274780
1997-08-11,845.92,854.02,839.62,850.42,731123
1997-08-12,851.32,861.22,848.62,858.52,742216
1997-08-13,856.94,861.45,848.17,851.77,595342
1997-08-14,854.02,857.62,845.92,849.07,900511
1997-08-15,848.62,851.32,834.98,838.72,960738
1997-08-18,826.12,838.72,826.12,832.87,1657648
1997-08-19,836.92,841.42,830.62,834.22,1329107
1997-08-20,836.92,836.92,829.72,833.32,1960343
1997-08-21,835.12,836.92,823.42,825.67,951179
1997-08-22,826.12,826.12,813.52,824.32,1345176
1997-08-26,827.02,834.22,823.42,827.47,2399347
1997-08-27,829.72,829.72,821.62,823.87,803078
1997-08-28,825.22,825.22,807.22,816.67,1873424
1997-08-29,816.22,816.22,800.92,808.12,1383733
1997-09-01,809.92,811.72,805.42,808.57,707473
1997-09-02,807.11,823.42,805.42,822.07,1341571
1997-09-03,827.92,829.72,818.92,821.17,683317
1997-09-04,823.42,824.32,817.12,823.87,923047
1997-09-05,824.32,824.32,814.42,816.67,564294
1997-09-08,818.92,818.92,807.9,811.27,1233014
1997-09-09,811.72,812.62,803.62,804.97,3061301
1997-09-10,808.12,809.02,804.52,805.87,500749
1997-09-11,804.52,807.22,800.92,803.17,1054607
1997-09-12,807.22,809.02,800.92,806.77,783537
1997-09-15,809.92,809.92,803.62,809.02,767219
1997-09-16,809.92,826.12,802.27,823.87,1738326
1997-09-17,827.92,834.22,826.12,828.82,2338658
1997-09-18,829.72,834.66,827.02,832.42,947071
1997-09-19,832.42,838.72,830.62,836.02,1648497
1997-09-22,839.62,847.72,836.92,845.92,594904
1997-09-23,848.62,859.42,847.72,855.37,1779925
1997-09-24,854.92,858.52,853.12,855.82,1518116
1997-09-25,857.62,858.52,853.12,855.37,1875249
1997-09-26,859.42,881.91,856.72,873.82,4655227
1997-09-29,872.92,874.72,866.62,869.32,586429
1997-09-30,870.22,886.86,868.42,882.36,2430741
1997-10-01,882.81,894.51,878.31,892.26,980027
1997-10-02,890.91,899.91,890.91,898.11,2595758
1997-10-03,899.91,933.21,895.41,930.06,3857663
1997-10-06,926.01,932.31,916.11,930.96,2691117
1997-10-07,937.71,951.21,934.11,949.41,4125081
1997-10-08,942.21,967.41,935.01,939.96,3534570
1997-10-09,942.21,955.71,935.91,952.11,3450263
1997-10-10,955.71,955.71,933.21,935.46,1506569
1997-10-13,937.71,951.21,933.21,948.06,762702
1997-10-14,946.03,952.11,937.71,942.21,873249
1997-10-15,938.61,938.61,912.51,922.41,1455025
1997-10-16,924.21,926.91,918.81,924.21,2416760
1997-10-17,922.86,926.91,919.26,923.76,856653
1997-10-20,881.91,917.01,881.91,910.71,1406111
1997-10-21,926.91,926.91,911.61,917.91,805107
1997-10-22,918.36,925.11,900.36,907.56,1556851
1997-10-23,908.91,911.61,872.92,903.51,1515110
1997-10-24,912.51,926.91,899.91,899.91,811049
1997-10-27,894.51,916.11,877.41,888.21,670092
1997-10-28,786.07,863.92,786.07,862.57,1610248
1997-10-29,899.91,926.01,859.42,887.31,1829715
1997-10-30,917.91,917.91,865.72,889.11,854955
1997-10-31,913.41,913.41,875.62,899.91,737833
1997-11-03,908.91,922.41,908.91,915.21,921514
1997-11-04,912.06,916.11,881.46,901.71,999559
1997-11-05,904.41,915.21,893.61,904.41,842524
1997-11-06,903.06,906.21,895.41,898.11,548942
1997-11-07,899.01,899.01,877.41,887.31,875635
1997-11-10,882.81,899.01,882.81,891.36,493746
1997-11-11,899.91,899.91,879.21,892.71,391557
1997-11-12,892.71,892.71,881.91,883.71,954407
1997-11-13,881.46,926.01,828.82,878.31,2584567
1997-11-14,881.01,883.35,855.82,859.42,1148521
1997-11-17,859.42,899.91,859.42,887.31,2288702
1997-11-18,886.86,890.91,872.92,881.91,1149127
1997-11-19,879.89,888.66,859.42,872.92,1193937
1997-11-20,872.92,899.91,861.22,881.91,743722
1997-11-21,879.21,921.96,872.92,881.01,673433
1997-11-24,886.41,886.41,863.92,880.11,1097246
1997-11-25,881.91,890.91,861.67,862.12,966080
1997-11-26,872.92,872.92,858.97,863.02,839006
1997-11-27,871.12,871.12,858.52,863.02,1250421
1997-11-28,867.52,877.41,845.92,866.62,1172149
1997-12-01,865.75,883.71,864.82,877.41,636176
1997-12-02,875.84,884.16,863.47,881.91,990953
1997-12-03,883.71,883.71,865.72,876.52,686055
1997-12-04,881.91,899.01,835.57,890.01,1518249
1997-12-05,886.41,958.41,883.71,896.31,1130164
1997-12-08,908.91,980.9,890.91,904.41,402851
1997-12-09,904.41,911.61,897.66,904.41,1679245
1997-12-10,913.41,913.41,891.81,903.51,981794
1997-12-11,881.91,903.51,881.91,896.31,630266
1997-12-12,904.41,904.41,890.91,898.11,347583
1997-12-15,899.91,906.66,889.11,900.36,407878
1997-12-16,899.91,905.31,895.41,905.31,788293
1997-12-17,900.36,915.21,898.11,908.01,1737196
1997-12-18,917.01,920.61,899.91,904.41,1185696
1997-12-19,886.41,904.41,856.72,860.77,1202645
1997-12-22,889.11,917.91,863.92,870.22,642040
1997-12-23,868.42,881.91,851.77,872.92,1102760
1997-12-24,866.62,917.91,866.62,872.92,95421
1997-12-29,881.91,886.41,871.12,884.16,251194
1997-12-30,889.11,899.46,873.82,879.21,370116
1997-12-31,890.91,890.91,870.22,877.41,430700
1998-01-02,888.21,892.71,872.92,890.91,966234
1998-01-05,890.91,921.51,889.11,921.51,952111
1998-01-06,905.31,921.51,895.41,906.21,1178582
1998-01-07,905.31,921.51,895.41,898.11,1247012
1998-01-08,899.01,912.51,883.71,892.71,1204058
1998-01-09,888.21,899.91,886.41,897.21,901036
1998-01-12,872.92,898.11,872.92,898.11,1827237
1998-01-13,902.61,910.71,899.91,903.06,710563
1998-01-14,903.51,917.01,903.51,912.51,1763282
1998-01-15,915.21,920.61,908.91,913.41,2065191
1998-01-16,917.91,939.51,912.51,935.91,2926402
1998-01-19,939.51,939.51,926.91,937.71,948593
1998-01-20,935.91,962.91,932.31,953.91,9091037
1998-01-21,959.31,989.9,953.91,969.21,2688550
1998-01-22,966.51,980.9,944.91,974.61,1558561
1998-01-23,974.61,989.9,967.41,971.91,489070
1998-01-26,971.91,983.6,969.21,978.21,970152
1998-01-27,985.4,1043.9,970.11,1016.9,2536018
1998-01-28,1016.9,1070.9,992.15,1020.5,2123567
1998-01-29,1026.8,1034.9,1016.9,1020.5,1837475
1998-01-30,1012.4,1020.5,994.4,1005.2,1870715
1998-02-02,980.9,1015.55,967.41,976.41,1940979
1998-02-03,963.36,985.4,961.11,974.61,1411918
1998-02-04,971.91,976.41,949.41,962.91,1051780
1998-02-05,958.41,989.9,949.41,980.9,975542
1998-02-06,979.11,985.4,971.91,985.4,1402456
1998-02-09,976.86,989.9,967.41,972.81,1068607
1998-02-10,976.41,1003.4,969.71,993.5,1637886
1998-02-11,984.5,998.9,982.7,992.6,1083231
1998-02-12,996.2,998.9,981.8,982.7,1274621
1998-02-13,973.71,997.1,973.71,995.3,520222
1998-02-16,988.1,998.9,984.5,993.5,797652
1998-02-17,999.8,1007.0,989.9,998.9,1528011
1998-02-18,993.95,1005.2,980.9,985.4,1526895
1998-02-19,979.56,996.2,971.91,988.1,1216823
1998-02-20,996.2,1007.9,980.9,997.1,1098203
1998-02-23,1003.4,1016.0,991.7,1008.8,980871
1998-02-24,1007.9,1033.1,978.66,1018.7,1471509
1998-02-25,1018.7,1043.0,962.91,1039.4,1461653
1998-02-26,1016.9,1041.2,1004.53,1031.3,861230
1998-02-27,1039.4,1043.9,1017.35,1023.65,3221228
1998-03-02,1012.4,1029.05,1012.4,1021.4,1226300
1998-03-03,1012.4,1032.7,958.41,1015.1,667666
1998-03-04,1010.6,1026.8,975.06,983.6,612144
1998-03-05,984.5,1001.6,971.91,980.9,4564978
1998-03-06,980.9,998.9,972.58,982.7,964765
1998-03-09,987.2,989.0,950.31,979.11,941632
1998-03-10,975.96,986.3,972.81,981.8,2503680
1998-03-11,985.4,987.2,971.91,975.96,1043033
1998-03-12,975.51,986.75,973.0,980.9,744755
1998-03-13,982.7,989.45,974.61,978.21,942815
1998-03-16,983.6,985.4,944.91,971.91,1200350
1998-03-17,981.8,994.4,945.58,985.4,2168430
1998-03-18,988.1,989.9,958.86,977.76,330251
1998-03-19,978.21,1025.9,978.21,1025.9,732280
1998-03-20,1030.85,1052.9,973.71,976.41,1252820
1998-03-23,985.4,1003.4,971.91,985.4,622657
1998-03-24,986.3,991.7,973.71,981.8,701988
1998-03-25,981.8,1016.9,945.81,962.91,1247529
1998-03-26,966.51,986.3,949.41,963.81,646777
1998-03-27,968.31,989.9,958.41,970.11,941412
1998-03-30,962.91,985.4,904.41,952.11,475377
1998-03-31,940.41,980.9,940.41,965.61,1232228
1998-04-01,955.71,971.91,953.91,967.41,2365834
1998-04-02,983.6,985.4,956.61,968.31,734148
1998-04-03,982.7,982.7,962.91,976.41,1682447
1998-04-06,979.11,989.9,953.91,959.31,2285367
1998-04-07,963.81,967.41,931.41,962.91,2378582
1998-04-08,953.91,971.91,947.61,958.41,542259
1998-04-09,967.41,967.41,955.71,962.91,733518
1998-04-14,969.21,980.9,944.91,949.41,1794714
1998-04-15,950.31,975.51,950.31,961.11,2166705
1998-04-16,957.51,962.91,940.41,953.01,2832289
1998-04-17,954.81,965.61,948.51,951.21,1335366
1998-04-20,971.01,989.9,950.31,964.71,837110
1998-04-21,958.41,985.4,955.71,966.51,1927401
1998-04-22,976.41,976.41,946.71,947.61,1169656
1998-04-23,949.41,952.11,926.91,944.01,1817095
1998-04-24,943.11,952.11,918.81,948.51,2243574
1998-04-27,939.51,953.01,923.99,947.61,507129
1998-04-28,962.91,967.41,953.01,964.71,813584
1998-04-29,965.61,971.01,944.01,953.01,1902565
1998-04-30,953.01,970.11,947.61,961.11,2650057
1998-05-01,957.51,962.91,953.91,960.21,2015557
1998-05-05,967.41,967.41,955.71,960.21,2446394
1998-05-06,960.21,962.01,950.31,952.11,1433819
1998-05-07,950.31,958.41,923.31,931.41,2056170
1998-05-08,925.11,933.66,919.71,924.21,3390338
1998-05-11,919.71,944.01,919.71,938.61,667962
1998-05-12,936.81,936.81,923.31,926.91,2697344
1998-05-13,931.41,944.91,926.01,929.61,1823063
1998-05-14,925.11,931.41,917.01,924.21,2135594
1998-05-15,922.41,926.91,899.91,926.01,2583410
1998-05-18,913.41,935.91,896.31,912.51,620483
1998-05-19,913.41,938.61,913.41,919.71,1283074
1998-05-20,922.41,937.71,907.11,914.31,1710203
1998-05-21,919.71,929.0,900.81,906.21,817274
1998-05-22,907.11,911.61,896.31,902.61,2721416
1998-05-26,917.91,917.91,890.91,903.51,4283679
1998-05-27,901.71,908.91,874.27,892.71,1771544
1998-05-28,899.91,910.71,866.62,873.82,3641453
1998-05-29,872.92,881.01,850.42,864.82,3968737
1998-06-01,846.82,868.42,831.52,857.62,1501351
1998-06-02,854.92,877.41,845.92,864.82,1598114
1998-06-03,868.42,873.37,854.92,863.92,2121226
1998-06-04,862.12,870.22,857.62,866.62,2041618
1998-06-05,866.62,899.91,861.22,886.41,1023372
1998-06-08,886.41,890.01,875.62,880.11,1389052
1998-06-09,875.62,886.41,863.92,868.42,3967994
1998-06-10,868.42,881.01,861.22,872.02,3407497
1998-06-11,872.92,874.72,857.62,859.42,1601880
1998-06-12,863.02,871.12,811.72,864.82,2072109
1998-06-15,859.42,891.81,836.92,845.92,1401780
1998-06-16,853.12,853.12,835.12,845.02,1934759
1998-06-17,845.92,854.92,831.52,840.52,2011787
1998-06-18,852.22,852.22,818.92,828.82,1420169
1998-06-19,834.22,834.22,809.02,816.22,1039876
1998-06-22,823.2,823.42,812.62,815.32,1547404
1998-06-23,832.42,832.42,816.22,818.02,2876475
1998-06-24,815.32,836.92,815.32,825.22,1176993
1998-06-25,832.42,867.88,812.62,845.92,1078810
1998-06-26,849.97,863.47,839.62,841.42,850420
1998-06-29,845.92,847.72,837.37,841.42,783063
1998-06-30,844.12,858.97,810.82,833.77,1945947
1998-07-01,836.92,854.92,832.42,832.42,2965752
1998-07-02,841.42,863.92,833.32,834.22,5550642
1998-07-03,844.12,858.97,835.12,838.72,1745196
1998-07-06,944.91,944.91,829.58,835.12,2907567
1998-07-07,847.72,847.72,825.22,834.22,1225159
1998-07-08,836.92,838.72,818.92,827.92,4288220
1998-07-09,828.82,829.72,811.72,817.12,2643823
1998-07-10,823.42,825.73,809.92,815.32,3231919
1998-07-13,823.42,824.32,815.32,823.42,942579
1998-07-14,827.92,828.82,817.12,827.92,672216
1998-07-15,827.92,832.42,813.52,819.82,2029240
1998-07-16,814.42,821.62,811.27,813.97,2240479
1998-07-17,814.42,817.12,789.22,800.92,2323640
1998-07-20,805.42,809.92,791.92,808.57,1360874
1998-07-21,827.92,827.92,797.32,811.27,3569397
1998-07-22,805.42,809.92,770.33,773.93,3207982
1998-07-23,776.62,781.12,768.53,776.62,1349724
1998-07-24,773.93,796.42,763.13,778.42,1536584
1998-07-27,778.42,785.62,760.43,766.73,1648307
1998-07-28,755.93,778.42,755.93,771.23,4364882
1998-07-29,778.42,778.42,765.83,765.83,1625916
1998-07-30,776.17,800.92,765.83,768.53,912165
1998-07-31,773.93,773.93,719.93,758.63,2574859
1998-08-03,760.43,760.43,742.43,752.33,849635
1998-08-04,769.43,769.43,744.23,745.13,702264
1998-08-05,737.93,739.73,726.23,733.43,4123338
1998-08-06,755.93,755.93,728.93,736.13,1350377
1998-08-07,730.73,741.53,724.43,740.63,1863525
1998-08-10,746.93,761.33,736.13,759.08,1394315
1998-08-11,764.48,782.92,753.23,778.42,2850454
1998-08-12,782.92,809.02,762.23,769.43,2272649
1998-08-13,769.43,782.92,754.13,774.37,1245045
1998-08-14,791.92,796.42,773.93,773.93,1468705
1998-08-17,773.93,781.12,757.73,775.72,1339913
1998-08-18,782.92,800.92,761.78,787.42,1125971
1998-08-19,791.92,805.42,787.42,805.42,1146471
1998-08-20,811.72,814.42,783.82,809.02,3344864
1998-08-21,800.02,804.52,775.72,783.37,1712431
1998-08-24,786.52,800.92,779.32,790.12,1086771
1998-08-25,797.32,814.42,789.67,797.32,952890
1998-08-26,800.02,800.02,782.92,793.72,1477444
1998-08-27,793.18,793.18,773.93,774.82,1742239
1998-08-28,764.93,769.43,725.33,754.13,1114466
1998-09-01,791.92,804.52,722.18,783.37,741853
1998-09-02,800.92,823.42,793.27,800.92,1078150
1998-09-03,797.32,823.42,796.87,812.62,2918711
1998-09-04,820.72,823.42,802.72,809.02,2870344
1998-09-07,810.37,814.42,790.12,807.67,346282
1998-09-08,809.02,809.02,773.93,799.12,859263
1998-09-09,782.92,823.42,782.92,801.82,2592640
1998-09-10,857.62,857.62,795.07,796.42,1749956
1998-09-11,802.72,809.02,782.92,795.97,2500258
1998-09-14,809.92,849.52,799.12,826.12,2095521
1998-09-15,835.12,886.41,805.42,817.12,1066058
1998-09-16,811.72,854.92,807.22,808.12,758237
1998-09-17,818.92,818.92,782.92,782.92,2474046
1998-09-18,786.52,800.92,779.66,790.57,2554729
1998-09-21,764.93,809.92,764.93,791.92,6173648
1998-09-22,809.92,809.92,793.72,803.62,1448619
1998-09-23,853.12,853.12,800.92,823.42,4596602
1998-09-24,845.92,845.92,825.22,831.52,2653903
1998-09-25,823.87,853.12,822.52,836.92,1223653
1998-09-28,841.42,841.42,809.02,817.12,2465844
1998-09-29,820.72,823.42,809.92,818.02,2766626
1998-09-30,820.72,828.82,816.0,820.72,2715526
1998-10-01,820.72,827.92,812.17,823.42,3369003
1998-10-02,823.42,827.02,803.62,819.82,2666851
1998-10-05,824.5,824.5,803.62,805.42,2631408
1998-10-06,809.92,817.12,796.87,815.32,2305280
1998-10-07,817.12,823.42,809.92,818.92,2210818
1998-10-08,811.72,814.42,767.63,795.52,1524098
1998-10-09,797.55,809.92,764.93,790.12,1952016
1998-10-12,809.02,809.02,743.33,772.58,2251873
1998-10-13,762.23,773.03,751.43,758.63,2373706
1998-10-14,744.68,764.93,744.68,757.73,2916827
1998-10-15,754.13,772.13,750.51,758.18,1525816
1998-10-16,764.93,788.32,757.73,775.72,1495740
1998-10-19,787.42,787.42,752.33,767.63,2185876
1998-10-20,773.48,785.62,764.03,784.72,1094069
1998-10-21,783.82,783.82,763.13,768.53,3251968
1998-10-22,765.83,771.23,743.78,743.78,2746317
1998-10-23,762.23,762.23,710.93,739.73,1849983
1998-10-26,782.92,782.92,733.43,742.43,237495
1998-10-27,753.68,764.93,741.08,762.23,1764530
1998-10-28,751.43,778.42,740.18,762.23,892760
1998-10-29,755.93,785.62,755.93,760.43,778631
1998-10-30,719.93,773.93,719.93,758.18,858668
1998-11-02,772.35,772.35,755.93,758.63,823338
1998-11-03,769.43,769.43,742.43,755.03,639206
1998-11-04,746.03,755.93,742.43,747.38,2171215
1998-11-05,751.43,751.43,745.13,746.03,767387
1998-11-06,747.38,778.42,746.93,769.43,1537081
1998-11-09,764.93,768.53,755.93,768.53,965720
1998-11-10,771.23,782.92,761.62,782.02,822409
1998-11-11,784.27,786.52,771.23,772.58,1737689
1998-11-12,772.58,774.82,755.93,763.13,3047646
1998-11-13,764.03,771.23,755.93,768.53,599558
1998-11-16,778.42,778.42,755.93,760.43,973411
1998-11-17,757.73,762.23,747.83,751.43,2317646
1998-11-18,764.93,764.93,729.83,730.73,1615544
1998-11-19,737.48,738.83,719.93,723.08,1388530
1998-11-20,726.23,729.83,710.93,715.43,1470531
1998-11-23,719.93,720.83,713.63,719.03,1298889
1998-11-24,731.63,735.68,722.63,727.13,3816631
1998-11-25,725.33,746.93,725.33,742.43,1313203
1998-11-26,743.91,746.93,733.43,738.83,1020157
1998-11-27,746.93,746.93,734.33,736.13,364804
1998-11-30,732.08,737.93,719.93,724.43,1670321
1998-12-01,718.13,723.98,697.43,710.93,1288643
1998-12-02,690.23,721.28,690.23,704.63,1745957
1998-12-03,697.43,710.93,688.88,697.43,983898
1998-12-04,695.63,709.13,683.93,692.93,2202012
1998-12-07,696.53,732.98,695.18,695.18,1718399
1998-12-08,701.93,706.43,697.43,700.13,1874553
1998-12-09,700.13,703.73,676.73,687.53,2510128
1998-12-10,680.33,706.43,680.33,703.73,2198471
1998-12-11,697.88,704.63,691.13,696.98,793985
1998-12-14,691.13,701.48,688.43,691.13,2330107
1998-12-15,696.53,696.53,672.68,678.53,888019
1998-12-16,679.43,714.53,667.74,670.88,2833476
1998-12-17,674.93,688.43,660.54,688.43,1851452
1998-12-18,692.93,697.43,679.43,687.98,1993797
1998-12-21,704.18,704.18,679.43,696.53,348059
1998-12-22,697.43,703.73,674.2,694.73,493975
1998-12-23,696.08,698.78,688.43,696.98,185710
1998-12-24,657.39,701.93,657.39,692.93,351180
1998-12-29,701.93,701.93,683.93,692.03,141747
1998-12-30,682.58,697.43,679.43,696.53,893095
1999-01-04,692.93,700.58,675.83,693.38,2561358
1999-01-05,710.93,725.33,710.48,719.93,2824889
1999-01-06,724.43,746.48,724.43,744.68,3173904
1999-01-07,744.23,744.23,721.73,723.98,3267615
1999-01-08,727.13,727.13,710.93,715.43,2658541
1999-01-11,717.68,717.68,699.23,703.73,1491736
1999-01-12,709.13,710.93,688.43,697.88,2572113
1999-01-13,688.43,697.43,672.23,693.38,3637600
1999-01-14,692.03,698.33,680.33,685.28,1164936
1999-01-15,675.38,695.63,674.93,695.18,899781
1999-01-18,700.13,701.03,685.28,687.98,3100003
1999-01-19,686.63,697.43,675.38,685.28,1430365
1999-01-20,691.13,692.03,669.54,671.33,1844213
1999-01-21,669.09,680.33,658.74,661.44,2636831
1999-01-22,650.64,664.14,637.59,647.94,3660835
1999-01-25,637.14,643.89,629.04,631.29,5000273
1999-01-26,634.44,640.74,625.44,632.64,2834934
1999-01-27,643.44,647.94,641.41,643.44,2009139
1999-01-28,645.24,647.94,640.74,644.34,3137139
1999-01-29,640.74,659.19,640.74,654.24,3955072
1999-02-01,660.54,687.53,652.44,685.73,3945442
1999-02-02,670.44,709.13,670.44,704.63,6474474
1999-02-03,704.63,710.71,697.43,703.28,2650055
1999-02-04,703.28,718.13,696.53,709.13,3937385
1999-02-05,700.13,712.73,696.53,708.23,1926158
1999-02-08,708.23,719.93,702.38,711.83,1127903
1999-02-09,713.63,719.93,700.13,710.03,1446874
1999-02-10,712.73,727.13,701.93,724.43,2671683
1999-02-11,719.93,734.33,715.95,727.58,1757369
1999-02-12,733.43,749.63,704.63,725.33,3391413
1999-02-15,731.18,733.43,717.23,722.63,1737185
1999-02-16,728.93,728.93,704.18,713.18,1961097
1999-02-17,716.33,744.23,707.33,732.53,1615271
1999-02-18,729.83,730.73,715.43,722.18,2630767
1999-02-19,715.43,724.43,712.73,719.03,752660
1999-02-22,722.63,726.23,704.63,710.03,1668084
1999-02-23,710.93,715.88,703.73,710.93,1434465
1999-02-24,710.93,727.13,705.53,725.78,2090239
1999-02-25,725.78,737.93,717.23,722.63,1173635
1999-02-26,722.63,732.53,715.43,729.38,1089657
1999-03-01,730.73,744.23,728.93,741.08,2267562
1999-03-02,729.83,764.93,729.83,753.68,3235023
1999-03-03,753.23,762.23,740.63,750.08,2622065
1999-03-04,746.93,746.93,731.63,740.18,1470362
1999-03-05,730.73,773.93,730.73,759.53,1257987
1999-03-08,729.83,770.33,729.83,765.83,1664087
1999-03-09,764.93,802.72,757.28,796.42,1671885
1999-03-10,794.17,794.4,777.52,786.97,2674522
1999-03-11,765.38,794.62,765.38,787.42,1924263
1999-03-12,795.52,795.52,772.58,778.87,2570826
1999-03-15,780.22,782.02,762.23,765.83,1313503
1999-03-16,760.43,770.33,749.18,759.98,1466369
1999-03-17,749.63,764.39,719.93,737.03,2175402
1999-03-18,737.93,742.43,705.98,716.78,2234292
1999-03-19,730.05,745.13,720.83,741.53,1362655
1999-03-22,742.43,759.53,723.98,728.48,1714426
1999-03-23,715.43,728.93,701.93,720.83,2835976
1999-03-24,720.83,734.33,698.33,703.73,1715765
1999-03-25,696.53,714.53,696.53,706.43,1605582
1999-03-26,714.53,714.53,688.43,710.03,1914407
1999-03-29,707.78,712.73,692.93,703.73,761845
1999-03-30,705.08,739.73,695.18,734.78,2135609
1999-03-31,740.63,742.43,726.68,737.93,2213892
1999-04-01,742.43,742.43,722.63,729.83,975630
1999-04-06,746.93,746.93,717.68,742.88,1522698
1999-04-07,755.93,755.93,730.73,741.98,853757
1999-04-08,739.73,753.23,728.93,733.88,902872
1999-04-09,749.63,759.53,737.93,755.93,1955404
1999-04-12,737.93,760.43,737.93,756.83,1898998
1999-04-13,760.43,764.48,746.93,755.93,1648493
1999-04-14,755.93,759.53,736.13,742.43,1412180
1999-04-15,746.03,758.63,738.38,754.58,1873184
1999-04-16,772.13,781.12,745.13,756.38,1668523
1999-04-19,773.48,773.48,745.13,750.08,2058638
1999-04-20,752.33,752.33,728.03,739.73,2328133
1999-04-21,730.73,753.23,730.73,746.03,1966239
1999-04-22,753.68,753.68,728.93,744.68,609577
1999-04-23,738.83,754.13,738.83,748.73,1610275
1999-04-26,746.03,750.53,738.83,744.23,1795259
1999-04-27,733.43,746.93,729.38,737.03,2183826
1999-04-28,737.03,739.73,726.68,726.68,1280917
1999-04-29,737.93,737.93,728.03,731.18,1531359
1999-04-30,733.43,737.93,723.53,732.08,1518157
1999-05-04,746.93,757.73,730.28,745.13,1432664
1999-05-05,739.73,749.18,735.23,738.38,456209
1999-05-06,742.43,746.03,719.93,726.68,1467019
1999-05-07,726.68,737.93,719.93,730.28,1661615
1999-05-10,731.18,739.73,728.48,729.83,1350422
1999-05-11,729.38,737.93,720.83,723.98,1065012
1999-05-12,728.03,728.93,710.93,713.63,1313169
1999-05-13,724.43,732.98,716.33,731.18,1701756
1999-05-14,736.58,745.13,719.93,720.38,3562195
1999-05-17,719.93,736.13,717.23,723.98,4098380
1999-05-18,737.93,737.93,723.53,730.73,1825270
1999-05-19,729.83,742.43,728.63,733.43,3083735
1999-05-20,741.08,755.93,738.83,750.08,4466598
1999-05-21,743.78,753.23,742.43,746.03,3825870
1999-05-24,745.13,755.93,737.03,737.93,773716
1999-05-25,735.68,741.98,718.58,723.08,2075631
1999-05-26,725.33,767.63,723.53,739.28,5328827
1999-05-27,742.43,782.47,726.23,777.52,4953532
1999-05-28,777.52,806.32,766.73,802.72,3517762
1999-06-01,800.02,829.72,785.62,804.07,4089702
1999-06-02,789.67,816.22,789.67,816.22,2419115
1999-06-03,809.02,837.37,809.02,832.87,2185173
1999-06-04,830.62,840.07,812.62,827.92,3072225
1999-06-07,815.32,818.92,789.22,796.42,1283240
1999-06-08,796.2,803.62,790.12,793.27,1027132
1999-06-09,783.37,799.12,777.52,785.62,764819
1999-06-10,776.62,788.77,773.03,776.17,1807697
1999-06-11,781.57,800.92,781.12,795.07,1578384
1999-06-14,746.03,822.07,746.03,814.87,2201348
1999-06-15,826.12,826.12,810.82,814.42,1430720
1999-06-16,806.32,822.52,795.52,815.32,740476
1999-06-17,804.52,818.92,800.92,804.97,1060555
1999-06-18,802.72,811.72,782.92,788.32,2675470
1999-06-21,788.32,799.12,782.47,796.42,1610927
1999-06-22,792.82,799.12,788.32,798.67,1078699
1999-06-23,795.52,800.02,786.25,795.07,933862
1999-06-24,796.87,796.87,780.67,783.37,1727285
1999-06-25,783.82,789.22,769.43,773.03,1588163
1999-06-28,772.35,792.37,759.53,773.48,1269759
1999-06-29,773.48,782.02,764.03,776.62,4375025
1999-06-30,772.13,778.42,762.23,767.63,1632255
1999-07-01,773.93,776.17,765.83,773.48,2630247
1999-07-02,777.07,797.91,760.43,787.87,1803687
1999-07-05,789.22,809.02,778.42,787.42,1103105
1999-07-06,785.85,800.02,783.82,795.52,510915
1999-07-07,787.42,797.77,783.82,792.82,1604557
1999-07-08,800.92,800.92,782.92,784.72,1582348
1999-07-09,784.05,799.12,772.72,788.77,2490487
1999-07-12,808.57,813.52,780.22,791.02,2192728
1999-07-13,782.92,789.22,766.73,771.23,2048717
1999-07-14,783.82,783.82,762.23,767.63,2364737
1999-07-15,767.63,784.72,764.93,781.12,859079
1999-07-16,777.52,783.82,771.23,777.52,633610
1999-07-19,768.53,782.02,766.73,767.63,458061
1999-07-20,759.53,779.77,748.73,752.33,1632988
1999-07-21,764.48,764.48,743.33,750.98,1902605
1999-07-22,748.73,761.33,728.93,737.03,1542181
1999-07-23,730.73,746.93,730.73,735.68,1438358
1999-07-26,736.13,744.23,723.53,724.88,1379796
1999-07-27,731.63,747.83,727.13,743.33,1910757
1999-07-28,748.73,762.68,742.88,755.93,2621090
1999-07-29,765.83,765.83,728.93,736.13,1106311
1999-07-30,736.13,774.82,723.53,746.48,1494004
1999-08-02,728.03,764.93,728.03,757.28,2628524
1999-08-03,753.23,759.53,744.23,746.03,1741719
1999-08-04,747.83,753.23,746.03,748.28,1283467
1999-08-05,738.83,746.93,730.73,740.63,1560160
1999-08-06,744.68,760.43,741.53,755.48,1796307
1999-08-09,749.63,785.62,749.4,776.62,6310524
1999-08-10,776.62,782.02,755.93,760.88,5209070
1999-08-11,761.33,763.13,750.98,760.88,2104756
1999-08-12,746.03,781.12,746.03,761.78,898443
1999-08-13,760.88,771.23,755.93,766.28,679834
1999-08-16,762.68,770.33,747.83,765.38,2123118
1999-08-17,750.53,770.33,743.33,747.83,1814826
1999-08-18,746.93,768.98,745.13,750.08,2108812
1999-08-19,746.48,762.23,742.88,746.48,1743398
1999-08-20,745.13,762.68,744.23,747.38,879023
1999-08-23,760.43,768.53,745.58,768.08,1079216
1999-08-24,754.13,769.43,753.23,765.83,1660066
1999-08-25,768.08,771.23,755.03,758.18,754840
1999-08-26,769.43,780.22,760.43,770.33,800155
1999-08-27,758.63,808.12,758.63,784.72,1835868
1999-08-31,782.92,788.32,773.25,786.97,2323261
1999-09-01,796.42,813.52,773.93,808.57,1902008
1999-09-02,808.57,814.42,795.52,802.72,2632093
1999-09-03,741.53,814.42,741.53,813.07,616095
1999-09-06,816.67,818.92,785.62,803.17,694672
1999-09-07,800.92,805.42,769.43,786.97,1040905
1999-09-08,789.22,793.72,760.2,772.13,1536942
1999-09-09,766.73,777.52,755.93,769.43,1372446
1999-09-10,771.23,773.93,762.23,763.13,624662
1999-09-13,764.93,768.08,755.93,767.63,553727
1999-09-14,776.17,776.62,755.93,759.53,1231669
1999-09-15,777.97,777.97,750.53,764.03,1227847
1999-09-16,773.93,773.93,744.23,746.93,1065704
1999-09-17,746.93,761.78,746.93,754.13,1472438
1999-09-20,742.43,762.23,741.53,745.58,1178952
1999-09-21,750.53,751.43,729.83,734.33,636961
1999-09-22,726.23,749.63,726.23,732.98,838865
1999-09-23,734.33,749.63,730.73,745.58,2372051
1999-09-24,730.73,745.13,730.73,737.93,1423977
1999-09-27,746.93,746.93,735.23,742.43,515132
1999-09-28,740.18,751.43,733.43,738.83,671625
1999-09-29,747.38,764.93,739.73,742.43,632469
1999-09-30,746.93,746.93,730.73,736.13,987709
1999-10-01,746.93,746.93,730.73,732.53,2528634
1999-10-04,738.83,746.93,736.13,745.13,1071230
1999-10-05,745.13,759.53,737.93,749.63,1667877
1999-10-06,751.43,757.73,749.63,754.58,2128431
1999-10-07,755.93,764.93,750.98,754.13,2078260
1999-10-08,754.13,754.58,748.73,751.88,1352871
1999-10-11,748.73,763.13,746.25,747.83,920088
1999-10-12,750.98,750.98,738.83,744.68,1240299
1999-10-13,741.98,744.68,720.83,727.13,1668157
1999-10-14,725.78,728.93,701.03,710.93,1628656
1999-10-15,704.18,707.78,676.73,688.88,2221892
1999-10-18,688.43,704.63,688.43,702.83,757281
1999-10-19,706.43,706.43,656.04,695.63,1857629
1999-10-20,701.03,712.73,692.93,706.43,1147147
1999-10-21,701.93,709.13,697.43,698.33,1211221
1999-10-22,705.53,705.53,672.68,682.13,919956
1999-10-25,685.28,685.73,669.99,674.03,551651
1999-10-26,676.73,682.13,659.19,660.54,2646868
1999-10-27,658.74,683.93,658.74,670.44,2047733
1999-10-28,670.44,674.93,656.94,669.54,1485248
1999-10-29,669.54,692.03,669.54,683.93,1029520
1999-11-01,683.93,696.53,680.78,693.83,1273371
1999-11-02,692.93,717.23,687.98,715.43,1842158
1999-11-03,715.43,726.23,705.08,712.73,6118379
1999-11-04,717.46,717.46,703.73,708.68,1058420
1999-11-05,711.38,713.18,704.63,709.58,765751
1999-11-08,711.38,711.38,682.13,692.93,827429
1999-11-09,694.73,694.73,674.93,680.78,1594301
1999-11-10,674.93,676.73,660.09,674.48,1997500
1999-11-11,686.18,686.18,669.99,674.03,1404511
1999-11-12,674.93,692.48,670.44,690.23,8479356
1999-11-15,692.93,701.93,679.43,695.18,1444460
1999-11-16,692.48,704.63,683.93,696.98,1184915
1999-11-17,719.93,719.93,697.43,698.33,1117186
1999-11-18,705.08,705.08,661.44,667.29,3051608
1999-11-19,672.23,672.23,652.44,662.34,4708702
1999-11-22,660.99,673.13,647.94,650.64,2052149
1999-11-23,657.61,665.94,649.29,657.84,3784303
1999-11-24,654.24,667.29,651.54,661.44,1278046
1999-11-25,674.93,674.93,653.34,656.94,989398
1999-11-26,651.54,660.54,650.64,654.69,2104856
1999-11-29,665.94,665.94,638.04,643.44,1860619
1999-11-30,643.89,656.94,640.74,652.44,7293377
1999-12-01,655.81,655.81,636.69,639.84,1054634
1999-12-02,636.69,643.89,615.54,622.29,3280603
1999-12-03,637.14,644.79,627.24,633.54,3744997
1999-12-06,647.94,648.84,631.74,632.19,1338579
1999-12-07,636.69,638.04,626.34,626.79,1648818
1999-12-08,626.79,634.44,615.99,619.14,1816452
1999-12-09,617.57,633.09,612.84,615.99,1047876
1999-12-10,604.07,617.34,588.54,602.94,2297545
1999-12-13,591.92,616.44,591.92,598.44,2360814
1999-12-14,602.94,626.34,598.44,609.69,2440342
1999-12-15,610.14,619.14,597.09,606.09,2885305
1999-12-16,611.94,611.94,594.84,595.74,2136315
1999-12-17,596.19,598.44,586.74,593.04,2052306
1999-12-20,607.44,611.94,587.19,595.29,971096
1999-12-21,591.24,622.29,591.24,617.34,1147953
1999-12-22,618.24,621.39,607.44,617.34,1013137
1999-12-23,622.29,640.74,615.54,627.24,224400
1999-12-24,629.94,638.94,620.04,633.09,269598
1999-12-29,644.34,644.34,605.64,611.94,376882
1999-12-30,620.94,624.54,607.44,624.54,48100
2000-01-04,626.34,629.94,600.24,606.54,2090177
2000-01-05,600.24,635.56,599.34,620.49,5028521
2000-01-06,625.44,625.44,609.02,620.49,1730220
2000-01-07,622.74,624.99,609.24,623.19,1813680
2000-01-10,625.44,638.49,617.57,623.19,2300908
2000-01-11,624.99,633.09,604.74,616.89,1853833
2000-01-12,624.54,638.94,614.19,623.64,1090548
2000-01-13,620.94,626.79,603.84,616.89,3129722
2000-01-14,619.14,622.74,593.94,597.99,4856284
2000-01-17,598.44,598.44,587.64,589.89,2712421
2000-01-18,596.64,611.04,594.84,602.04,5979472
2000-01-19,597.54,611.94,597.54,606.99,1624523
2000-01-20,613.07,624.99,602.94,606.99,3212170
2000-01-21,604.74,610.14,594.84,597.54,4352972
2000-01-24,596.64,611.04,590.34,596.19,3926748
2000-01-25,593.94,611.94,588.54,595.74,2631332
2000-01-26,601.14,610.14,593.94,606.09,2826203
2000-01-27,610.14,620.49,597.7,600.69,1707391
2000-01-28,603.84,613.74,601.14,611.49,2240387
2000-01-31,608.79,614.64,604.74,610.14,4887488
2000-02-01,613.74,628.14,607.89,615.54,5180045
2000-02-02,598.44,613.66,598.44,610.14,3354483
2000-02-03,607.44,624.54,595.74,612.84,3732082
2000-02-04,613.74,620.94,608.34,609.69,7896256
2000-02-07,611.94,612.39,602.04,604.74,6349476
2000-02-08,597.54,619.14,597.54,602.94,6361364
2000-02-09,616.44,618.24,590.34,594.84,2795984
2000-02-10,592.14,605.64,587.64,589.44,6934175
2000-02-11,593.04,593.94,581.34,588.54,8805508
2000-02-14,593.04,593.04,580.44,582.24,6342399
2000-02-15,579.54,583.59,560.65,563.8,3767601
2000-02-16,559.75,575.04,559.75,572.79,3738602
2000-02-17,566.95,580.44,559.75,572.79,3305830
2000-02-18,579.54,583.14,566.5,569.64,2327618
2000-02-21,566.95,590.34,566.95,580.44,3119947
2000-02-22,586.74,593.94,581.34,588.54,2392474
2000-02-23,594.84,602.94,579.99,597.99,2076693
2000-02-24,598.67,606.54,584.94,593.04,2483419
2000-02-25,579.54,605.64,579.54,602.04,3007705
2000-02-28,592.14,616.44,592.14,602.94,3288070
2000-02-29,593.94,628.14,593.94,621.39,3674374
2000-03-01,643.44,643.44,620.94,633.09,4042361
2000-03-02,629.49,642.54,620.94,632.64,1219855
2000-03-03,633.99,636.01,624.09,632.64,1185556
2000-03-06,668.19,670.44,636.24,641.19,1787525
2000-03-07,670.44,670.44,629.94,647.94,21255718
2000-03-08,654.24,654.24,638.04,645.24,2596948
2000-03-09,647.94,650.64,640.74,644.34,6030552
2000-03-10,640.74,647.94,638.94,643.44,2110351
2000-03-13,648.84,649.74,629.94,643.89,9463000
2000-03-14,644.34,650.19,637.14,642.99,2968660
2000-03-15,641.19,644.34,625.44,629.94,1030382
2000-03-16,620.94,642.09,620.94,628.59,2230135
2000-03-17,644.34,645.69,623.64,635.79,2803991
2000-03-20,638.94,649.74,629.94,640.74,6333397
2000-03-21,671.33,672.68,629.94,647.94,1732778
2000-03-22,647.04,669.09,630.84,650.19,2715233
2000-03-23,695.18,695.18,642.54,667.74,3105590
2000-03-24,665.94,710.03,665.04,700.13,3927456
2000-03-27,707.33,710.93,684.38,694.73,2718675
2000-03-28,692.03,696.53,673.13,689.33,3176448
2000-03-29,683.93,698.33,670.44,696.08,2216353
2000-03-30,642.54,693.83,642.54,665.49,2106042
2000-03-31,652.44,676.73,651.09,674.03,1016783
2000-04-03,707.33,707.33,640.74,646.14,887954
2000-04-04,670.44,696.08,638.94,655.59,1890972
2000-04-05,657.84,682.59,645.24,652.44,284751
2000-04-06,656.94,681.01,649.74,674.93,1382763
2000-04-07,663.69,674.48,642.54,654.69,1034789
2000-04-10,656.04,672.23,648.84,663.24,1430326
2000-04-11,668.64,692.93,662.34,665.94,1381497
2000-04-12,668.19,680.33,642.54,665.04,984603
2000-04-13,665.04,670.44,652.44,661.89,1135574
2000-04-14,674.93,677.18,660.54,666.84,1236041
2000-04-17,715.43,715.43,630.84,664.14,2271962
2000-04-18,659.64,685.73,659.64,673.58,1905368
2000-04-19,678.53,705.53,661.44,667.29,1515195
2000-04-20,660.09,674.03,656.94,673.58,997874
2000-04-25,673.13,683.93,665.94,673.58,1303844
2000-04-26,675.83,704.63,673.13,682.58,910957
2000-04-27,702.38,705.98,667.74,696.98,2613912
2000-04-28,701.93,716.78,695.63,696.98,3025735
2000-05-02,697.43,716.33,682.13,694.28,3543480
2000-05-03,692.48,708.68,688.43,688.43,3316535
2000-05-04,691.13,701.03,688.88,695.63,1712497
2000-05-05,701.93,701.93,672.23,692.48,4217513
2000-05-08,694.96,715.43,685.73,689.33,705837
2000-05-09,692.93,699.68,656.49,697.43,1486297
2000-05-10,701.03,716.78,694.73,708.23,3960496
2000-05-11,704.18,726.68,702.83,722.18,826628
2000-05-12,713.63,757.28,713.63,738.83,927278
2000-05-15,723.53,752.33,723.53,742.88,3076039
2000-05-16,746.93,755.03,744.23,748.73,4336233
2000-05-17,764.93,764.93,741.53,743.33,2178013
2000-05-18,740.85,747.83,728.48,740.63,1318173
2000-05-19,741.98,747.38,736.13,740.63,2223368
2000-05-22,761.33,761.33,743.33,746.93,2914057
2000-05-23,762.68,762.68,710.93,724.43,1901699
2000-05-24,734.33,746.93,719.93,744.68,4020944
2000-05-25,749.18,749.63,739.73,744.68,3305691
2000-05-26,743.33,746.93,733.43,740.18,1656621
2000-05-30,741.08,743.78,728.93,736.13,3965241
2000-05-31,733.88,736.13,701.93,710.93,1754331
2000-06-01,719.93,728.93,716.56,724.43,3763380
2000-06-02,726.23,730.73,719.93,726.68,4559143
2000-06-05,719.93,733.88,706.43,714.53,3603048
2000-06-06,719.03,728.93,702.83,708.23,1858578
2000-06-07,709.13,746.03,703.73,712.73,4329646
2000-06-08,710.93,744.9,707.78,722.63,1396309
2000-06-09,722.63,743.1,707.33,719.93,1465970
2000-06-12,702.83,735.9,702.83,715.43,524764
2000-06-13,719.93,726.9,688.43,697.43,1736279
2000-06-14,696.98,735.9,696.98,708.23,1975873
2000-06-15,714.53,732.75,698.33,698.33,1756170
2000-06-16,706.43,717.23,704.63,710.93,1182451
2000-06-19,692.93,718.13,692.93,706.43,1177836
2000-06-20,704.18,728.7,701.48,710.93,972774
2000-06-21,704.18,710.93,693.38,693.38,906023
2000-06-22,706.88,712.73,697.43,712.73,907299
2000-06-23,710.93,730.73,706.43,726.68,1833058
2000-06-26,728.48,728.48,706.43,706.43,728508
2000-06-27,707.33,717.68,679.88,685.73,2521458
2000-06-28,686.18,716.11,686.18,692.93,1660574
2000-06-29,696.53,713.41,674.03,683.93,1894671
2000-06-30,677.18,723.3,677.18,710.93,2094043
2000-07-03,702.83,735.23,698.78,705.53,1327112
2000-07-04,719.03,719.03,696.53,701.93,974312
2000-07-05,710.93,710.93,694.73,702.83,910676
2000-07-06,708.23,709.13,694.73,708.68,760764
2000-07-07,709.13,709.13,700.13,707.33,975137
2000-07-10,710.93,710.93,703.06,705.53,512687
2000-07-11,708.23,712.73,702.83,706.43,2418981
2000-07-12,706.43,709.13,702.16,706.43,2276569
2000-07-13,705.08,708.68,696.53,700.58,1171177
2000-07-14,700.13,702.83,694.73,700.13,1562482
2000-07-17,701.93,709.13,698.33,701.93,1619461
2000-07-18,697.43,709.13,697.43,700.13,2934350
2000-07-19,699.23,709.13,695.63,695.63,628238
2000-07-20,696.76,700.13,679.88,700.13,1047725
2000-07-21,691.13,707.33,689.78,701.93,401686
2000-07-24,725.33,725.33,699.23,705.53,996019
2000-07-25,707.33,708.23,677.18,697.43,854419
2000-07-26,706.43,706.43,690.68,693.83,759310
2000-07-27,695.63,697.43,679.21,687.53,862067
2000-07-28,696.53,696.53,685.28,690.23,2046711
2000-07-31,690.23,697.88,682.13,696.53,635392
2000-08-01,693.83,715.43,693.38,705.53,1548146
2000-08-02,707.33,710.93,699.23,701.93,2054401
2000-08-03,703.28,705.98,688.43,705.98,4449200
2000-08-04,727.13,727.13,696.08,698.78,527822
2000-08-07,711.83,711.83,697.43,701.93,813583
2000-08-08,706.43,713.63,699.23,708.23,1477581
2000-08-09,709.81,710.93,703.06,707.33,1722615
2000-08-10,708.23,717.23,702.83,710.03,961290
2000-08-11,719.93,719.93,707.78,708.23,696614
2000-08-14,712.73,713.63,707.33,712.28,767438
2000-08-15,712.73,741.98,703.73,730.73,2560398
2000-08-16,730.73,747.38,728.93,737.03,3636822
2000-08-17,737.03,743.33,733.88,739.73,2802629
2000-08-18,736.13,764.93,724.43,746.03,1315745
2000-08-21,742.43,749.18,736.58,742.43,548270
2000-08-22,740.63,744.23,729.83,743.33,1902395
2000-08-23,736.13,737.48,725.33,735.23,1250566
2000-08-24,733.88,743.78,733.88,736.13,494541
2000-08-25,737.93,746.03,730.73,737.93,776027
2000-08-29,731.18,746.93,729.83,736.13,1045899
2000-08-30,734.33,742.43,722.63,734.33,872156
2000-08-31,726.68,749.63,724.88,741.08,1160352
2000-09-01,744.45,746.03,722.63,734.33,5134680
2000-09-04,721.73,735.6,721.73,732.53,678575
2000-09-05,734.33,736.13,715.43,716.33,1459958
2000-09-06,723.53,725.33,696.98,704.63,2909250
2000-09-07,705.53,726.45,681.23,719.93,924650
2000-09-08,715.43,728.93,697.43,705.53,1015662
2000-09-11,701.93,716.78,694.73,703.73,661128
2000-09-12,706.43,710.48,697.43,705.53,1376234
2000-09-13,703.73,706.43,694.73,698.33,898395
2000-09-14,708.23,710.48,692.93,697.43,2736274
2000-09-15,701.93,701.93,665.94,665.94,1978051
2000-09-18,671.33,689.33,668.64,683.03,1810728
2000-09-19,676.73,683.93,671.33,677.63,3857835
2000-09-20,679.43,696.53,677.63,677.63,1013338
2000-09-21,683.48,697.88,671.33,687.98,1734036
2000-09-22,674.48,691.13,674.03,688.43,1847750
2000-09-25,686.18,694.06,676.96,680.33,2022198
2000-09-26,677.18,693.16,677.18,692.93,1020982
2000-09-27,689.33,694.28,679.43,688.43,1401949
2000-09-28,691.58,697.43,675.38,675.38,1051991
2000-09-29,674.03,694.28,674.03,694.28,1634285
2000-10-02,699.68,703.73,688.88,690.23,836250
2000-10-03,704.18,706.43,692.93,694.73,1518922
2000-10-04,694.73,728.93,688.43,712.73,1882696
2000-10-05,737.93,737.93,704.18,710.93,1363065
2000-10-06,712.28,712.73,686.63,697.43,2151611
2000-10-09,702.38,702.38,680.33,683.93,758308
2000-10-10,688.43,699.23,679.43,679.43,1333776
2000-10-11,685.73,689.69,660.54,687.98,2347481
2000-10-12,672.68,695.63,672.68,683.93,387591
2000-10-13,686.63,691.13,675.83,683.93,1071143
2000-10-16,686.63,700.36,686.63,695.63,978755
2000-10-17,692.03,692.48,678.53,682.58,2453934
2000-10-18,682.13,682.13,662.34,674.93,1626606
2000-10-19,697.43,697.43,661.44,670.44,1216060
2000-10-20,666.39,694.73,666.39,670.44,4115273
2000-10-23,679.43,679.88,665.04,671.33,4055754
2000-10-24,674.48,692.93,674.03,680.33,1654460
2000-10-25,668.64,673.58,631.74,656.04,8007974
2000-10-26,646.59,663.69,645.69,651.54,1508227
2000-10-27,655.14,656.94,647.49,652.89,879756
2000-10-30,659.19,661.44,648.39,650.64,1441845
2000-10-31,650.64,656.94,638.04,638.94,1030169
2000-11-01,645.24,652.44,641.64,645.24,1791371
2000-11-02,647.94,703.28,647.94,689.33,11468056
2000-11-03,683.93,694.73,681.79,685.28,4115322
2000-11-06,702.83,702.83,683.93,683.93,1385420
2000-11-07,691.36,693.61,679.43,687.08,1898806
2000-11-08,690.46,693.83,679.43,679.43,2157452
2000-11-09,676.73,694.73,676.73,689.33,2522153
2000-11-10,692.93,699.01,682.58,693.38,1078216
2000-11-13,695.18,697.43,687.53,690.68,591850
2000-11-14,692.48,696.98,686.18,692.93,2679904
2000-11-15,701.93,703.28,692.93,701.93,4469181
2000-11-16,706.43,730.28,700.13,720.38,5530119
2000-11-17,712.28,726.23,712.28,716.78,1018506
2000-11-20,720.38,733.43,704.18,724.43,2447812
2000-11-21,732.08,732.08,712.73,726.23,1568300
2000-11-22,726.23,738.83,719.93,733.88,2513037
2000-11-23,737.03,746.25,727.13,740.63,2417029
2000-11-24,744.68,744.68,729.83,732.53,1727425
2000-11-27,728.03,744.68,722.18,740.63,3351171
2000-11-28,736.13,741.08,730.73,736.58,1389161
2000-11-29,737.93,746.48,732.98,745.58,1661123
2000-11-30,743.78,746.03,734.78,746.03,1598469
2000-12-01,745.13,750.98,732.3,737.93,2257895
2000-12-04,739.73,741.75,728.48,737.03,1147870
2000-12-05,737.03,747.6,731.63,743.33,1828198
2000-12-06,742.43,746.93,735.23,738.83,1001404
2000-12-07,723.53,746.03,723.53,743.78,1077388
2000-12-08,737.93,746.93,733.43,741.98,1962797
2000-12-11,737.03,742.43,731.85,742.43,2004859
2000-12-12,744.23,750.08,733.43,743.33,1901946
2000-12-13,737.93,746.93,732.54,746.93,582095
2000-12-14,746.93,746.93,733.43,737.93,738788
2000-12-15,741.53,747.83,732.53,733.43,2445168
2000-12-18,742.43,750.53,735.23,744.23,604937
2000-12-19,743.55,750.53,735.23,745.13,1614682
2000-12-20,745.13,771.23,736.35,760.43,2894346
2000-12-21,749.18,772.13,747.83,772.13,1223559
2000-12-22,772.13,777.52,765.83,768.53,425273
2000-12-27,760.2,782.92,760.2,777.52,359305
2000-12-28,786.97,786.97,749.63,754.58,272933
2000-12-29,762.23,765.38,746.93,758.18,258145
2001-01-02,751.65,786.3,750.98,768.98,970168
2001-01-03,758.18,767.63,757.73,757.73,662227
2001-01-04,770.33,777.97,738.38,773.93,3798476
2001-01-05,762.68,773.25,761.78,769.88,952393
2001-01-08,764.48,777.52,762.68,773.93,3563554
2001-01-09,779.77,793.72,767.85,785.62,2673921
2001-01-10,789.67,809.47,782.92,809.47,5371658
2001-01-11,807.0,809.92,788.32,807.22,3057428
2001-01-12,797.32,809.7,767.63,767.63,4242093
2001-01-15,776.62,778.42,764.93,769.88,1512243
2001-01-16,771.45,778.87,766.73,768.53,1780888
2001-01-17,762.68,770.96,756.38,770.33,2370989
2001-01-18,773.93,792.82,771.68,781.12,1473208
2001-01-19,787.42,790.57,763.58,768.53,512115
2001-01-22,772.8,785.62,764.93,785.62,1348384
2001-01-23,778.87,803.62,771.23,796.42,4323152
2001-01-24,802.72,809.7,796.42,807.22,6215280
2001-01-25,803.62,823.42,800.92,809.92,7494732
2001-01-26,811.27,827.92,810.37,824.77,1223395
2001-01-29,827.92,836.02,818.92,819.82,3074689
2001-01-30,837.82,837.82,818.02,827.92,2251503
2001-01-31,837.37,837.37,813.52,824.32,5442320
2001-02-01,810.82,829.04,810.82,822.52,1249859
2001-02-02,821.17,838.72,821.17,836.92,2761336
2001-02-05,841.42,841.42,826.57,836.92,641602
2001-02-06,844.12,844.12,822.97,836.92,1787842
2001-02-07,841.42,841.42,825.22,826.57,4495766
2001-02-08,826.34,841.42,812.62,827.02,1383434
2001-02-09,825.67,827.92,809.92,815.77,4065398
2001-02-12,816.67,820.72,815.32,815.32,1136220
2001-02-13,816.67,817.85,814.42,815.32,4485366
2001-02-14,811.5,815.32,807.22,809.92,1276419
2001-02-15,809.92,818.92,802.72,809.47,932241
2001-02-16,809.92,809.92,782.02,796.42,1815701
2001-02-19,799.57,807.0,793.72,793.72,779008
2001-02-20,786.52,800.92,786.52,799.12,424541
2001-02-21,794.17,808.12,789.9,808.12,1599668
2001-02-22,799.12,818.02,791.92,809.92,1253590
2001-02-23,806.55,809.92,794.17,800.92,1031294
2001-02-26,823.42,823.42,796.42,809.02,2275020
2001-02-27,813.97,813.97,794.62,809.92,1600255
2001-02-28,803.17,813.52,783.82,783.82,1074300
2001-03-01,791.47,795.52,781.57,793.27,1573222
2001-03-02,801.15,802.72,782.92,795.52,885061
2001-03-05,779.32,807.67,779.32,802.72,1269940
2001-03-06,809.02,818.92,794.62,808.12,1526798
2001-03-07,814.42,816.67,800.02,815.32,694094
2001-03-08,803.17,818.47,803.17,810.82,783161
2001-03-09,810.37,817.12,802.72,802.72,2185792
2001-03-12,809.02,809.92,796.42,800.92,1303393
2001-03-13,797.32,806.32,791.47,805.42,5161867
2001-03-14,804.3,804.3,777.52,782.92,2617653
2001-03-15,787.42,792.82,780.67,784.72,5478024
2001-03-16,784.72,791.02,770.33,778.42,2296162
2001-03-19,774.82,793.27,774.82,777.97,961638
2001-03-20,773.93,781.12,773.2,778.42,1879670
2001-03-21,773.93,788.32,764.93,772.13,1323028
2001-03-22,766.73,773.03,746.48,764.93,1684891
2001-03-23,763.13,802.72,762.23,768.53,1104257
2001-03-26,772.13,799.57,771.0,773.93,2470834
2001-03-27,776.17,780.22,769.88,780.22,2125744
2001-03-28,776.17,782.92,768.98,776.17,2433960
2001-03-29,779.32,790.12,772.13,777.97,1008525
2001-03-30,784.72,791.92,728.48,791.92,894510
2001-04-02,780.22,803.62,775.72,799.12,1233776
2001-04-03,799.12,803.17,782.47,790.12,749151
2001-04-04,791.92,796.42,779.77,792.82,2310097
2001-04-05,788.32,813.97,788.32,807.22,1505444
2001-04-06,827.92,827.92,800.02,804.52,701242
2001-04-09,824.32,824.32,800.25,822.52,1139443
2001-04-10,831.52,836.92,819.82,823.42,3707793
2001-04-11,831.52,833.77,809.92,818.92,2096031
2001-04-12,850.42,850.42,815.71,826.12,1639052
2001-04-17,827.92,827.92,812.62,822.52,1021532
2001-04-18,825.22,827.02,818.7,825.22,721432
2001-04-19,827.47,841.87,822.52,833.32,2077463
2001-04-20,827.02,838.27,827.02,836.47,1604398
2001-04-23,840.52,840.52,820.72,833.32,2204368
2001-04-24,836.92,836.92,819.82,829.27,2491457
2001-04-25,832.42,832.42,813.75,824.77,1567967
2001-04-26,818.47,827.47,811.05,815.32,3162090
2001-04-27,832.42,832.42,794.62,805.42,2286406
2001-04-30,813.52,813.52,797.1,801.82,4379884
2001-05-01,803.17,803.17,784.27,787.42,4179892
2001-05-02,796.42,800.92,785.62,791.92,4994073
2001-05-03,796.42,796.42,787.87,791.92,2512995
2001-05-04,792.82,821.17,786.52,805.42,2440052
2001-05-08,800.92,813.52,800.92,808.12,3195087
2001-05-09,808.12,811.72,786.97,809.02,1113547
2001-05-10,798.22,809.92,787.42,800.92,1612888
2001-05-11,796.42,808.12,796.42,803.17,900823
2001-05-14,789.22,804.7,789.22,795.07,1124958
2001-05-15,803.17,807.22,796.65,801.82,1539624
2001-05-16,794.62,809.02,794.17,809.02,1223300
2001-05-17,791.02,811.72,791.02,804.97,1633072
2001-05-18,797.77,807.22,791.02,792.82,1345056
2001-05-21,793.72,802.72,789.22,795.97,2226441
2001-05-22,797.32,798.22,785.62,798.22,2192209
2001-05-23,797.32,804.52,785.62,800.92,978549
2001-05-24,795.52,817.12,790.12,808.12,2576067
2001-05-25,814.87,816.67,788.32,806.32,742456
2001-05-29,806.32,809.92,787.87,793.72,1733010
2001-05-30,784.72,786.3,766.73,774.37,1342352
2001-05-31,766.5,784.72,759.08,778.42,941686
2001-06-01,787.42,795.52,776.17,790.12,868575
2001-06-04,793.27,820.14,792.82,799.12,629619
2001-06-05,803.62,803.62,787.42,794.17,608242
2001-06-06,790.35,800.92,787.42,796.42,913471
2001-06-07,791.92,812.62,789.67,800.47,1857891
2001-06-08,798.67,810.82,795.52,796.42,652941
2001-06-11,794.62,808.57,792.59,803.62,1539729
2001-06-12,803.62,809.02,800.92,804.52,861128
2001-06-13,810.37,813.52,791.02,804.07,2335590
2001-06-14,809.92,815.32,799.12,809.92,1766294
2001-06-15,809.02,815.32,800.47,807.67,1289300
2001-06-18,807.67,810.82,803.62,809.47,734587
2001-06-19,803.17,816.22,803.17,808.12,1250986
2001-06-20,804.97,811.72,789.22,804.07,3384945
2001-06-21,789.45,803.17,783.82,791.92,1460239
2001-06-22,786.07,797.32,770.78,782.92,2392442
2001-06-25,782.92,839.62,782.92,791.92,1540160
2001-06-26,790.12,811.27,764.93,783.82,4505100
2001-06-27,785.62,789.9,781.8,786.52,1202180
2001-06-28,781.8,797.32,774.82,783.82,2044266
2001-06-29,786.97,787.42,775.72,786.52,2751081
2001-07-02,791.02,791.02,779.32,781.12,2142389
2001-07-03,780.82,785.62,774.37,777.97,1541304
2001-07-04,776.17,784.72,775.8,783.37,1707919
2001-07-05,780.22,790.12,780.22,790.12,1943307
2001-07-06,793.72,793.72,777.52,782.02,1536100
2001-07-09,777.79,791.47,773.93,782.47,565793
2001-07-10,782.47,796.42,777.52,788.32,1977249
2001-07-11,785.25,796.42,782.92,790.12,1697032
2001-07-12,791.47,815.19,785.62,799.12,3777050
2001-07-13,785.17,796.42,782.92,796.42,608759
2001-07-16,801.82,801.82,784.72,794.17,1099953
2001-07-17,789.67,794.62,785.62,794.62,1479468
2001-07-18,791.92,797.32,786.52,791.92,1865022
2001-07-19,798.22,816.22,790.12,798.22,1387859
2001-07-20,795.52,816.54,787.42,791.92,1454432
2001-07-23,791.11,807.22,791.11,793.72,1475317
2001-07-24,794.03,803.62,781.57,796.42,1429458
2001-07-25,796.42,796.42,775.27,786.52,1549960
2001-07-26,784.33,795.97,782.92,784.27,1518839
2001-07-27,787.42,793.72,781.12,791.02,2714327
2001-07-30,779.77,794.62,779.77,791.92,734577
2001-07-31,782.47,794.62,782.47,790.12,1487621
2001-08-01,789.3,799.12,788.32,794.62,1180554
2001-08-02,790.57,800.92,790.12,798.22,798465
2001-08-03,800.92,800.92,787.87,791.02,841705
2001-08-06,789.3,795.52,789.22,795.52,552466
2001-08-07,785.17,807.22,783.82,797.32,1418477
2001-08-08,790.12,796.2,786.51,787.87,1632846
2001-08-09,785.88,795.97,784.72,793.27,1660044
2001-08-10,793.27,797.77,788.32,794.62,752757
2001-08-13,787.87,798.67,787.87,796.42,745424
2001-08-14,785.62,801.37,785.62,795.52,471320
2001-08-15,794.17,800.02,792.37,797.32,543406
2001-08-16,787.87,800.92,787.87,800.92,539982
2001-08-17,804.52,805.42,787.42,795.52,1355914
2001-08-20,794.17,799.12,791.92,799.12,532315
2001-08-21,780.22,802.72,780.22,800.92,1000098
2001-08-22,811.27,811.27,795.07,803.17,743521
2001-08-23,804.59,809.92,800.92,808.12,3769967
2001-08-24,810.38,817.57,804.52,812.17,2256731
2001-08-28,815.32,819.37,803.62,814.42,423964
2001-08-29,809.92,817.57,809.92,813.52,606603
2001-08-30,813.52,813.52,801.37,809.47,597839
2001-08-31,808.21,818.47,803.17,809.47,1266789
2001-09-03,828.82,828.82,801.82,815.32,606471
2001-09-04,815.32,817.12,800.92,809.02,1850258
2001-09-05,809.02,810.37,801.37,805.87,951462
2001-09-06,804.36,806.69,787.42,794.62,1450245
2001-09-07,794.62,794.62,775.72,775.72,1255359
2001-09-10,775.72,784.72,772.13,776.62,1444462
2001-09-11,781.12,785.17,733.43,754.13,1369486
2001-09-12,750.53,774.37,739.73,745.13,2699879
2001-09-13,742.43,773.93,741.53,755.03,1405986
2001-09-14,749.63,760.43,738.83,750.08,1124810
2001-09-17,749.18,755.93,738.38,755.93,968468
2001-09-18,755.93,760.43,742.43,751.88,1081933
2001-09-19,759.08,760.43,746.93,756.38,1221795
2001-09-20,773.93,773.93,742.43,749.63,3570609
2001-09-21,744.68,746.03,702.38,711.83,5642922
2001-09-24,716.33,728.03,715.43,724.43,3321247
2001-09-25,725.33,755.03,722.6,731.63,3788845
2001-09-26,738.83,738.83,728.93,738.83,2114629
2001-09-27,732.5,738.83,722.99,731.63,3423654
2001-09-28,730.73,759.53,725.78,748.28,2569830
2001-10-01,758.18,758.18,741.08,742.43,1659776
2001-10-02,761.33,761.33,739.28,749.63,2429938
2001-10-03,768.53,768.53,744.68,758.63,1150967
2001-10-04,766.64,784.27,764.93,774.82,3703181
2001-10-05,778.42,791.47,769.43,782.92,1122932
2001-10-08,797.32,797.32,756.38,765.83,2323460
2001-10-09,771.86,775.27,759.11,764.93,2232095
2001-10-10,767.18,782.47,764.93,776.62,2420076
2001-10-11,783.82,783.82,768.98,777.52,2456370
2001-10-12,791.92,791.92,772.13,776.62,1457276
2001-10-15,778.42,784.72,763.13,775.27,2022496
2001-10-16,770.95,779.77,767.63,773.93,1586576
2001-10-17,787.42,790.57,757.73,766.73,3039677
2001-10-18,757.73,760.43,739.28,739.28,2872323
2001-10-19,754.07,754.07,731.69,737.93,1801079
2001-10-22,737.93,754.13,737.93,749.63,1920825
2001-10-23,745.58,758.63,742.73,758.63,2728569
2001-10-24,758.63,767.63,745.58,764.03,1435482
2001-10-25,767.63,767.63,755.93,758.63,2786257
2001-10-26,760.43,764.48,755.93,760.43,1176461
2001-10-29,766.73,766.73,741.53,743.33,2287514
2001-10-30,742.43,748.93,738.83,739.28,1703071
2001-10-31,739.28,766.28,739.28,747.83,1371168
2001-11-01,755.03,764.93,745.13,760.43,2539509
2001-11-02,760.43,767.63,751.92,765.83,2803879
2001-11-05,767.7,793.27,766.73,790.12,2639283
2001-11-06,790.12,799.17,784.72,791.47,2509761
2001-11-07,791.92,804.52,775.72,801.82,3156259
2001-11-08,791.92,800.02,778.42,791.47,4228007
2001-11-09,789.22,789.22,769.88,774.82,3046656
2001-11-12,780.67,782.92,769.43,773.03,1523201
2001-11-13,779.32,782.47,771.23,776.62,2424224
2001-11-14,776.62,787.78,742.43,759.08,3236625
2001-11-15,759.08,762.7,743.24,746.93,3734707
2001-11-16,753.23,755.48,738.83,738.83,3153802
2001-11-19,737.93,751.43,731.63,742.43,5341832
2001-11-20,737.93,744.23,728.93,733.43,3318260
2001-11-21,721.73,735.68,721.73,732.98,3619138
2001-11-22,736.13,739.28,728.93,733.43,2263382
2001-11-23,732.53,733.88,725.33,727.58,2660687
2001-11-26,735.23,742.88,726.23,732.53,1018112
2001-11-27,729.38,737.93,724.43,727.13,3320293
2001-11-28,729.38,731.63,718.13,719.03,3139155
2001-11-29,721.91,739.28,719.93,724.43,2823916
2001-11-30,728.93,746.93,713.18,719.93,2559085
2001-12-03,730.73,737.97,701.93,722.63,2480679
2001-12-04,722.63,730.52,721.28,721.73,1749887
2001-12-05,728.03,732.53,710.93,719.93,2369502
2001-12-06,743.78,745.13,724.88,731.63,2205427
2001-12-07,742.88,742.88,714.53,716.33,2975247
2001-12-10,723.98,725.33,711.83,712.73,1228126
2001-12-11,704.18,721.91,704.18,709.58,1655596
2001-12-12,718.13,718.13,704.63,705.08,3030385
2001-12-13,707.78,709.58,680.33,685.73,3389224
2001-12-14,687.53,702.38,687.53,694.28,1720682
2001-12-17,694.28,696.98,689.78,693.83,2577755
2001-12-18,695.79,703.28,689.78,692.93,2460288
2001-12-19,713.18,713.18,681.23,691.58,1198023
2001-12-20,691.58,709.13,677.63,688.43,4879352
2001-12-21,684.83,706.43,682.13,697.88,2176610
2001-12-24,711.38,714.08,697.43,697.43,32164
2001-12-27,696.53,707.33,690.23,692.93,620256
2001-12-28,698.33,710.93,696.08,696.08,98308
2001-12-31,700.76,705.08,693.83,705.08,232816
2002-01-02,692.93,709.13,692.93,706.43,5269411
2002-01-03,707.33,710.93,702.38,702.38,1726427
2002-01-04,713.63,715.43,701.33,714.53,678496
2002-01-07,710.93,714.53,699.23,704.18,1200607
2002-01-08,704.18,704.18,690.23,692.93,2778527
2002-01-09,697.88,706.43,691.13,701.03,2860105
2002-01-10,701.03,703.73,693.83,699.23,1210515
2002-01-11,699.68,703.28,696.98,700.13,1594917
2002-01-14,699.23,710.93,696.08,708.23,2882932
2002-01-15,709.76,710.48,701.93,710.48,1271731
2002-01-16,710.93,728.93,708.23,721.73,2835452
2002-01-17,724.43,736.13,721.73,736.13,3203750
2002-01-18,728.93,745.54,723.98,736.58,2015560
2002-01-21,743.01,755.93,739.73,753.23,5055196
2002-01-22,753.23,772.58,746.93,764.93,3966028
2002-01-23,781.57,782.92,753.23,782.92,2361745
2002-01-24,781.57,781.57,758.91,767.18,2300351
2002-01-25,762.68,767.37,750.53,757.73,786882
2002-01-28,764.48,780.22,755.93,779.32,2014317
2002-01-29,779.32,781.12,769.88,773.48,1311500
2002-01-30,742.88,776.69,742.43,766.73,2119339
2002-01-31,768.98,770.33,755.03,759.08,1614335
2002-02-01,773.93,775.59,748.73,764.48,1879158
2002-02-04,768.53,773.03,760.88,772.58,1207274
2002-02-05,768.04,777.97,760.43,777.97,2826861
2002-02-06,770.6,782.92,754.58,782.92,4161419
2002-02-07,790.57,790.57,777.07,787.42,2288254
2002-02-08,782.92,796.87,774.82,795.97,2282212
2002-02-11,773.93,798.22,773.93,796.87,1969159
2002-02-12,796.87,817.12,795.24,814.42,5076625
2002-02-13,814.71,814.71,801.82,814.42,3077237
2002-02-14,814.71,816.22,809.47,816.22,2206338
2002-02-15,816.51,816.51,801.37,809.92,3078028
2002-02-18,809.02,814.42,797.32,800.02,1068296
2002-02-19,797.21,804.52,780.22,789.22,3583259
2002-02-20,774.82,790.12,774.82,788.32,1667218
2002-02-21,787.42,788.77,779.32,788.32,1603464
2002-02-22,795.97,795.97,780.22,783.82,1145245
2002-02-25,784.72,801.82,772.58,789.67,1475742
2002-02-26,786.52,789.72,781.57,786.97,419330
2002-02-27,791.43,805.42,790.57,796.42,973164
2002-02-28,794.17,800.02,785.62,791.92,844106
2002-03-01,788.32,800.02,774.37,795.52,1515462
2002-03-04,800.02,815.77,798.67,814.87,1690054
2002-03-05,800.47,818.92,800.47,809.92,2124290
2002-03-06,811.95,814.42,807.67,808.57,1426399
2002-03-07,811.79,815.37,806.32,811.72,1583582
2002-03-08,799.57,818.92,799.57,811.72,1421251
2002-03-11,807.67,822.07,802.72,814.42,1089118
2002-03-12,814.42,821.17,811.28,817.12,2595975
2002-03-13,818.47,823.42,817.12,821.62,1388084
2002-03-14,819.82,827.47,819.37,823.42,1539290
2002-03-15,816.22,827.92,814.42,820.72,1019980
2002-03-18,812.62,834.67,812.62,829.27,768127
2002-03-19,821.17,829.27,821.17,823.42,1393013
2002-03-20,823.42,826.7,815.77,818.92,3032717
2002-03-21,813.52,817.12,804.07,807.22,2373780
2002-03-22,811.77,811.77,797.32,803.62,1423105
2002-03-25,803.62,809.92,799.57,803.62,1953000
2002-03-26,819.37,819.37,800.47,803.62,1170083
2002-03-27,805.42,806.32,796.42,796.42,943891
2002-03-28,800.83,806.05,799.57,803.62,866683
2002-04-02,776.17,807.22,776.17,800.92,1072708
2002-04-03,802.95,805.42,796.42,802.72,1534561
2002-04-04,801.82,810.82,801.82,806.32,1700295
2002-04-05,809.92,818.92,806.32,813.97,1335724
2002-04-08,826.12,826.12,815.77,817.12,1978088
2002-04-09,818.11,826.31,818.11,822.52,1251547
2002-04-10,823.42,832.42,822.52,831.52,4918482
2002-04-11,838.72,847.72,826.61,839.62,8187898
2002-04-12,839.62,872.92,836.92,850.42,5231287
2002-04-15,867.52,867.52,849.36,859.87,3094634
2002-04-16,872.92,872.92,847.27,853.12,1556697
2002-04-17,854.92,861.22,846.82,861.22,2015922
2002-04-18,856.72,872.92,849.55,850.42,2903781
2002-04-19,850.42,859.87,850.42,859.87,2486841
2002-04-22,859.87,863.02,850.26,861.22,1144560
2002-04-23,855.82,868.42,854.92,866.62,3416279
2002-04-24,867.52,870.22,857.62,861.22,1648691
2002-04-25,865.72,866.37,835.08,852.67,3466849
2002-04-26,854.92,860.32,850.42,853.57,1356644
2002-04-29,846.82,863.02,846.82,853.12,1460354
2002-04-30,860.32,860.32,849.97,857.62,1195931
2002-05-01,861.22,863.92,855.59,859.42,3115753
2002-05-02,862.57,874.27,851.77,862.57,2477664
2002-05-03,863.47,877.41,862.12,875.17,4135190
2002-05-07,875.62,877.41,855.82,855.82,1221751
2002-05-08,854.92,871.12,853.57,863.92,2468626
2002-05-09,864.82,871.12,862.12,862.57,1688788
2002-05-10,863.92,866.62,860.77,862.12,1766124
2002-05-13,881.91,881.91,853.12,854.92,2233780
2002-05-14,854.92,865.27,849.97,849.97,1884726
2002-05-15,857.57,862.57,856.58,857.62,1283764
2002-05-16,862.57,863.92,834.67,863.92,2440769
2002-05-17,863.92,877.41,863.92,866.62,2032115
2002-05-20,865.6,881.46,865.04,878.31,1286579
2002-05-21,868.42,881.46,863.92,863.92,2817363
2002-05-22,857.62,895.58,855.82,879.21,10372237
2002-05-23,869.09,888.66,869.09,881.01,4908868
2002-05-24,869.77,895.41,869.77,890.91,6051098
2002-05-27,890.44,892.71,872.47,875.62,3505870
2002-05-28,876.86,879.21,861.67,868.87,5935192
2002-05-29,868.87,874.72,868.48,872.92,5568246
2002-05-30,872.02,872.92,865.27,872.92,3725451
2002-05-31,866.62,881.01,863.92,881.01,6159587
2002-06-05,860.32,879.21,860.32,877.41,4602947
2002-06-06,881.01,881.01,870.58,871.12,6082988
2002-06-07,873.82,874.72,860.32,863.92,3398390
2002-06-10,862.57,868.42,859.42,863.92,2641556
2002-06-11,863.92,868.87,862.12,866.62,2338631
2002-06-12,862.12,869.32,859.87,865.72,2559235
2002-06-13,867.52,867.52,850.87,854.92,7088752
2002-06-14,848.05,856.72,820.72,828.82,6938607
2002-06-17,827.92,841.42,818.47,841.42,2318488
2002-06-18,836.92,840.07,822.52,826.12,8457751
2002-06-19,838.72,838.72,810.82,824.77,4005344
2002-06-20,841.42,841.42,791.92,796.42,8812357
2002-06-21,789.22,818.47,778.87,799.12,3101418
2002-06-24,799.12,817.57,786.97,790.12,3234116
2002-06-25,800.92,800.92,782.02,789.67,2858985
2002-06-26,768.53,768.53,742.43,766.73,2498058
2002-06-27,760.43,765.83,760.43,761.33,3998655
2002-06-28,773.03,780.67,762.68,776.62,1768982
2002-07-01,759.53,804.52,759.53,781.57,2342577
2002-07-02,781.57,817.57,781.57,790.12,3887984
2002-07-03,790.12,808.52,769.43,769.43,3170516
2002-07-04,780.67,798.22,770.33,782.02,2651609
2002-07-05,783.82,817.57,783.82,803.17,2948269
2002-07-08,810.82,810.82,795.07,800.02,2515286
2002-07-09,803.62,805.87,781.57,786.97,1377163
2002-07-10,802.72,802.72,769.43,770.78,1008692
2002-07-11,786.07,786.07,748.73,753.68,2732189
2002-07-12,749.63,760.43,729.38,737.03,4797156
2002-07-15,754.58,756.83,707.78,712.73,4333058
2002-07-16,725.78,733.43,692.93,701.93,3985714
2002-07-17,692.93,738.38,692.93,730.28,8065923
2002-07-18,728.48,759.98,728.48,758.18,5668000
2002-07-19,758.18,759.98,740.18,740.18,3335712
2002-07-22,764.03,764.03,715.43,728.93,3067829
2002-07-23,725.78,744.23,715.43,728.93,3485045
2002-07-24,728.66,730.28,680.33,713.63,4885618
2002-07-25,754.13,734.33,696.08,714.08,5098844
2002-07-26,717.68,719.93,692.93,708.23,3784371
2002-07-29,712.28,719.48,702.38,715.43,7575172
2002-07-30,728.03,728.03,706.43,719.93,5499621
2002-07-31,728.03,737.93,716.33,737.93,4384521
2002-08-01,723.53,737.93,701.93,703.73,4083632
2002-08-02,703.73,727.7,695.63,710.03,3670020
2002-08-05,726.68,726.68,691.58,691.58,1635124
2002-08-06,689.78,717.68,675.38,701.93,3542569
2002-08-07,714.53,719.03,683.95,692.93,2669050
2002-08-08,707.32,719.03,696.53,719.03,1909269
2002-08-09,724.43,724.88,698.33,719.48,2693939
2002-08-12,719.03,725.33,704.63,715.43,2020252
2002-08-13,717.37,728.03,712.73,721.73,5059818
2002-08-14,723.98,746.93,712.73,734.78,2489298
2002-08-15,745.85,750.53,732.98,740.18,1502989
2002-08-16,737.03,748.28,718.13,725.78,3007444
2002-08-19,731.63,759.98,710.48,742.43,1528626
2002-08-20,742.43,748.73,715.43,726.68,2226715
2002-08-21,726.23,741.98,722.63,728.93,9426737
2002-08-22,728.93,748.73,724.43,730.28,1754067
2002-08-23,731.18,733.43,724.43,730.73,1026155
2002-08-27,721.73,750.98,720.83,742.88,2027606
2002-08-28,742.88,742.88,720.83,727.13,3743387
2002-08-29,721.73,724.43,711.74,719.93,3417936
2002-08-30,719.93,727.8,703.51,718.13,1764808
2002-09-02,716.78,719.03,710.93,714.53,1663402
2002-09-03,712.73,716.33,690.68,707.33,4788661
2002-09-04,697.43,715.43,697.43,711.38,2778185
2002-09-05,708.23,714.31,698.33,704.63,3894753
2002-09-06,715.69,717.05,665.87,697.13,4466835
2002-09-09,695.32,707.09,692.6,700.3,1471173
2002-09-10,706.18,715.24,705.73,712.52,1329585
2002-09-11,699.85,719.76,699.85,709.35,1098030
2002-09-12,715.24,716.99,687.17,691.7,1634966
2002-09-13,692.15,693.96,667.25,679.02,1544521
2002-09-16,679.02,708.9,656.39,684.46,2000313
2002-09-17,691.92,691.92,663.18,663.18,1840766
2002-09-18,669.97,669.97,633.75,635.57,4451753
2002-09-19,646.88,647.91,635.57,639.64,5766895
2002-09-20,632.85,670.87,622.89,667.25,7467316
2002-09-23,665.9,673.59,659.1,659.1,3033644
2002-09-24,656.39,665.9,646.88,660.92,5827962
2002-09-25,660.92,676.31,656.84,663.63,3325905
2002-09-26,676.31,684.46,655.94,684.46,2801895
2002-09-27,686.32,697.13,675.85,691.25,3079716
2002-09-30,681.74,691.25,650.5,669.97,2776710
2002-10-01,669.97,684.0,651.86,671.33,2378173
2002-10-02,676.31,704.37,675.85,688.08,2982732
2002-10-03,698.49,698.49,677.66,677.66,2206020
2002-10-04,683.55,683.55,664.08,672.69,3084646
2002-10-07,672.69,684.46,658.2,671.78,1020750
2002-10-08,679.02,679.02,663.63,666.8,3069414
2002-10-09,642.81,672.23,642.81,670.87,2420121
2002-10-10,674.5,681.74,664.99,676.76,2452915
2002-10-11,676.76,694.41,674.5,693.96,2065745
2002-10-14,655.48,706.18,655.48,695.77,1333678
2002-10-15,695.77,712.52,690.34,708.9,2450883
2002-10-16,719.76,719.76,684.91,692.6,1704733
2002-10-17,692.6,718.41,692.6,706.64,5008669
2002-10-18,722.48,722.48,674.5,690.79,3568154
2002-10-21,690.79,710.71,680.83,694.41,1917417
2002-10-22,687.17,706.18,685.81,692.6,3063888
2002-10-23,688.08,710.26,683.55,699.85,1915812
2002-10-24,693.06,724.29,693.06,716.14,2647936
2002-10-25,706.18,718.41,703.92,710.71,2527989
2002-10-28,715.24,719.31,699.39,712.07,2516414
2002-10-29,710.71,711.62,687.62,687.62,2056629
2002-10-30,679.02,700.3,661.37,693.51,1947981
2002-10-31,693.51,695.32,688.08,693.96,2205283
2002-11-01,692.81,693.51,674.95,679.93,2524458
2002-11-04,676.46,692.15,676.46,683.1,3775711
2002-11-05,683.55,694.41,669.97,687.62,4187058
2002-11-06,684.46,688.98,673.59,686.72,3401915
2002-11-07,687.17,694.87,675.85,690.79,2069399
2002-11-08,687.17,697.13,677.21,680.38,3837038
2002-11-11,707.54,707.54,669.97,679.48,1686762
2002-11-12,673.36,679.02,665.9,677.21,2116076
2002-11-13,685.36,685.36,665.44,666.35,4220331
2002-11-14,666.8,671.33,655.48,664.54,4073089
2002-11-15,664.54,664.54,642.81,656.39,5091531
2002-11-18,656.39,656.79,639.25,649.15,3328931
2002-11-19,641.79,649.15,634.98,645.98,3558917
2002-11-20,629.23,669.97,629.23,662.73,8583279
2002-11-21,659.56,684.46,659.56,679.02,3638158
2002-11-22,679.02,693.06,678.57,683.55,3840680
2002-11-25,680.38,689.89,670.42,677.21,1793358
2002-11-26,687.86,688.74,666.8,669.97,2469473
2002-11-27,672.97,681.74,662.73,679.48,1782862
2002-11-28,670.63,697.9,670.63,690.79,2977888
2002-11-29,697.13,703.47,688.08,700.75,2407275
2002-12-02,690.09,707.99,685.81,692.6,2025927
2002-12-03,698.28,699.85,675.85,693.51,2213037
2002-12-04,696.43,703.92,681.29,691.7,1841135
2002-12-05,691.53,701.66,686.27,691.25,2041361
2002-12-06,690.79,720.22,683.1,693.96,1913395
2002-12-09,693.96,704.06,693.51,698.04,1500348
2002-12-10,697.13,708.9,689.63,698.94,2173321
2002-12-11,703.47,712.52,698.94,701.66,3041492
2002-12-12,693.51,705.28,693.06,703.02,2196926
2002-12-13,705.28,705.28,672.23,693.96,1169528
2002-12-16,697.34,701.2,686.27,697.13,1946579
2002-12-17,691.25,696.22,679.02,682.64,3054902
2002-12-18,682.64,694.87,676.76,684.46,1915860
2002-12-19,668.61,697.13,668.61,686.27,2020471
2002-12-20,688.08,691.7,673.14,691.7,1321579
2002-12-23,697.13,699.39,687.17,695.77,1103388
2002-12-24,695.51,702.56,687.17,702.56,187507
2002-12-27,693.51,701.66,688.08,692.6,1038493
2002-12-30,679.02,709.81,678.57,709.81,548629
2002-12-31,698.04,710.71,696.92,710.71,498422
2003-01-02,706.18,718.41,695.77,715.24,2814980
2003-01-03,710.71,712.77,696.92,714.78,1732175
2003-01-06,715.24,717.5,697.13,713.43,1840895
2003-01-07,715.24,715.24,689.43,703.02,1584568
2003-01-08,701.2,710.71,689.14,698.04,1924656
2003-01-09,692.6,703.47,692.6,700.75,1731338
2003-01-10,699.96,701.66,692.6,697.58,2669511
2003-01-13,697.13,721.58,689.89,697.13,3135108
2003-01-14,696.68,700.75,692.15,696.68,1573379
2003-01-15,695.46,698.49,679.93,693.06,1745971
2003-01-16,693.75,696.22,690.34,695.32,997900
2003-01-17,697.13,697.58,684.91,687.17,2303528
2003-01-20,702.56,702.56,683.55,684.46,845750
2003-01-21,691.25,691.25,666.8,672.69,1576529
2003-01-22,674.95,676.76,663.63,663.63,1674872
2003-01-23,667.25,685.36,650.5,656.39,2043705
2003-01-24,666.35,666.35,651.86,657.75,2887170
2003-01-27,664.54,664.54,639.19,648.24,4311791
2003-01-28,657.75,661.23,640.55,647.79,4896338
2003-01-29,645.07,646.43,636.47,642.81,4428208
2003-01-30,644.14,663.63,638.73,663.63,2905596
2003-01-31,661.71,667.91,651.86,655.94,3249640
2003-02-03,659.32,677.66,654.8,668.16,1990329
2003-02-04,678.12,686.27,659.1,663.18,3302217
2003-02-05,672.92,672.92,651.86,668.16,4201618
2003-02-06,664.76,684.0,653.22,660.46,2103640
2003-02-07,669.97,681.06,659.56,673.14,3363823
2003-02-10,670.71,689.43,669.72,681.74,2756041
2003-02-11,679.02,692.6,670.87,682.19,2147887
2003-02-12,682.19,685.36,668.16,670.87,1195413
2003-02-13,665.44,677.21,660.92,669.06,2063914
2003-02-14,671.78,681.29,671.78,674.95,1665667
2003-02-17,680.83,686.72,670.87,676.31,1959704
2003-02-18,675.48,691.7,670.87,690.34,1901349
2003-02-19,683.34,696.68,683.33,689.89,2561669
2003-02-20,696.68,701.2,686.55,689.89,2281968
2003-02-21,693.24,697.13,686.72,695.77,1005969
2003-02-24,700.95,703.02,690.3,697.13,1290850
2003-02-25,695.32,698.94,684.0,690.79,2586689
2003-02-26,687.39,697.13,680.83,686.27,2074753
2003-02-27,692.15,692.15,672.23,675.4,3313809
2003-02-28,664.45,686.72,658.2,673.59,4112981
2003-03-03,671.21,702.11,671.21,699.85,3713505
2003-03-04,699.85,699.85,681.29,683.55,2047477
2003-03-05,685.22,686.72,671.01,676.31,2282722
2003-03-06,680.83,690.79,674.5,679.02,1546851
2003-03-07,677.42,677.42,645.98,658.2,1762756
2003-03-10,658.65,667.25,649.15,652.77,1478294
2003-03-11,650.16,664.08,647.34,652.31,2505624
2003-03-12,649.6,654.13,612.93,615.19,5382058
2003-03-13,618.36,631.94,607.05,626.06,8095906
2003-03-14,618.63,641.9,618.63,624.7,4690972
2003-03-17,619.3,656.84,614.96,645.98,2797994
2003-03-18,630.25,658.65,630.25,639.64,3631754
2003-03-19,651.18,679.02,642.65,648.69,3689863
2003-03-20,655.03,659.57,648.69,658.2,2550957
2003-03-21,652.3,687.17,652.3,676.31,2188886
2003-03-24,684.0,684.0,652.77,655.94,1039421
2003-03-25,669.97,669.97,650.86,654.58,2107845
2003-03-26,647.34,675.85,647.34,673.14,1336099
2003-03-27,666.35,673.14,659.06,664.54,1247895
2003-03-28,673.59,673.59,656.84,667.25,1464235
2003-03-31,667.25,678.57,647.34,663.18,1976300
2003-04-01,667.25,667.25,633.75,658.2,2806460
2003-04-02,664.54,664.54,645.14,659.56,3348712
2003-04-03,663.63,663.63,638.73,659.56,4396653
2003-04-04,660.46,679.02,650.05,658.2,3178640
2003-04-07,667.71,676.31,660.92,668.16,3157018
2003-04-08,658.2,664.08,653.67,656.39,2679733
2003-04-09,673.59,673.59,645.52,655.94,2411019
2003-04-10,656.39,666.35,650.96,661.82,2279352
2003-04-11,662.27,674.04,662.27,663.63,1487267
2003-04-14,663.63,663.63,643.71,659.1,2761290
2003-04-15,660.46,672.23,655.03,667.25,2518581
2003-04-16,667.25,675.4,665.95,667.25,2372522
2003-04-17,667.25,683.55,663.18,675.85,1744910
2003-04-22,676.31,683.1,668.16,676.31,854398
2003-04-23,683.55,693.51,676.76,688.08,2306508
2003-04-24,695.32,700.75,674.5,692.6,2391687
2003-04-25,686.72,690.79,664.08,674.95,2888706
2003-04-28,674.95,679.93,668.61,679.02,1555739
2003-04-29,685.81,690.34,665.9,672.23,1154322
2003-04-30,665.44,688.08,665.44,685.36,4103138
2003-05-01,680.44,685.54,672.23,677.21,786351
2003-05-02,682.54,683.1,669.97,679.93,2748363
2003-05-06,688.08,694.87,675.4,694.87,2629658
2003-05-07,694.87,698.04,681.51,690.79,3496815
2003-05-08,694.41,698.04,687.62,687.62,2430045
2003-05-09,687.17,704.37,687.17,701.2,2213200
2003-05-12,705.28,714.33,691.7,712.97,1608481
2003-05-13,712.97,721.69,703.47,708.9,2602214
2003-05-14,709.35,718.41,707.09,707.54,1267636
2003-05-15,700.8,716.6,700.8,710.71,3530194
2003-05-16,710.71,740.59,710.71,727.01,5085460
2003-05-19,731.99,731.99,699.85,703.47,4598838
2003-05-20,715.24,718.86,699.9,714.78,2339208
2003-05-21,712.52,718.86,706.18,713.43,3769397
2003-05-22,718.86,721.58,712.97,716.14,6212097
2003-05-23,717.05,719.31,713.43,717.05,4846413
2003-05-27,715.24,721.66,712.97,717.05,2429307
2003-05-28,725.74,725.74,712.97,724.29,4915235
2003-05-29,724.29,724.74,719.76,724.29,1493843
2003-05-30,720.47,740.14,720.47,737.87,6701547
2003-06-02,727.27,740.36,727.27,735.16,2168671
2003-06-03,735.16,735.16,722.93,731.99,1646076
2003-06-04,728.56,737.42,724.29,727.01,3602605
2003-06-05,727.01,733.34,723.84,730.18,1659494
2003-06-06,730.18,754.17,722.48,741.49,8368083
2003-06-09,740.1,750.24,727.01,731.99,2028624
2003-06-10,723.84,735.16,722.03,724.29,4192663
2003-06-11,726.55,733.57,718.86,725.65,4805180
2003-06-12,727.01,741.32,727.01,736.06,3657821
2003-06-13,733.34,741.63,732.89,735.16,2643455
2003-06-16,735.16,745.57,714.59,741.49,3541358
2003-06-17,744.25,749.19,738.78,741.95,3849807
2003-06-18,745.11,755.07,740.3,742.4,5353757
2003-06-19,741.95,748.74,739.68,740.14,7173177
2003-06-20,741.49,752.81,740.14,742.4,2462406
2003-06-23,742.14,746.07,737.87,741.04,2741522
2003-06-24,740.14,750.09,714.33,746.02,4292941
2003-06-25,732.44,733.98,725.08,731.53,5241249
2003-06-26,730.19,730.19,712.07,717.5,2508514
2003-06-27,722.48,722.48,699.39,712.97,3356097
2003-06-30,712.97,717.5,704.83,707.54,2540304
2003-07-01,710.71,736.51,704.37,705.73,2078261
2003-07-02,708.9,718.86,698.49,712.07,4211918
2003-07-03,694.41,717.5,694.41,715.69,1202266
2003-07-04,715.51,715.51,704.83,709.81,763951
2003-07-07,706.18,718.86,706.18,717.05,1302920
2003-07-08,730.18,732.44,710.26,726.55,6084551
2003-07-09,724.29,731.08,718.86,727.91,4964633
2003-07-10,708.85,731.53,708.85,725.65,3452946
2003-07-11,719.31,731.53,719.31,728.82,3432094
2003-07-14,729.45,736.51,725.65,734.25,3672363
2003-07-15,731.79,744.21,727.46,736.97,2712660
2003-07-16,734.25,736.06,724.29,726.55,2303651
2003-07-17,720.67,722.48,711.16,713.43,3647176
2003-07-18,706.71,727.46,706.71,722.03,3284096
2003-07-21,739.57,739.57,718.86,719.76,2532787
2003-07-22,722.03,727.91,718.41,723.39,3889236
2003-07-23,722.93,740.14,722.48,730.63,2976022
2003-07-24,739.68,751.45,730.63,737.87,4254045
2003-07-25,735.11,735.76,726.74,734.25,2373137
2003-07-28,740.31,744.66,735.98,744.66,4215467
2003-07-29,746.47,746.93,733.34,736.97,3593794
2003-07-30,741.04,741.95,731.53,740.14,5821726
2003-07-31,746.93,746.93,735.16,742.85,2878922
2003-08-01,713.43,751.0,713.43,742.85,2247709
2003-08-04,739.62,746.93,734.25,736.97,3241132
2003-08-05,736.97,745.57,732.44,736.97,5925377
2003-08-06,728.37,737.87,725.2,735.16,1540040
2003-08-07,731.99,736.97,730.63,735.61,4054335
2003-08-08,740.0,743.76,731.99,739.68,1685168
2003-08-11,746.02,746.02,734.49,742.4,5544477
2003-08-12,743.3,749.19,737.87,742.4,3581654
2003-08-13,742.85,762.41,742.85,760.51,2396776
2003-08-14,762.77,770.46,754.17,760.96,4776946
2003-08-15,760.51,770.46,738.13,762.77,4718737
2003-08-18,755.63,780.88,755.63,775.9,3307150
2003-08-19,772.28,791.29,772.28,776.8,10236105
2003-08-20,780.88,781.33,767.3,778.16,8783274
2003-08-21,776.35,776.35,768.2,774.54,2539017
2003-08-22,772.47,784.95,772.47,780.88,2162913
2003-08-26,773.18,782.69,769.65,779.07,1966119
2003-08-27,780.42,783.14,774.0,778.61,1731279
2003-08-28,778.61,782.23,755.53,769.56,5736846
2003-08-29,769.56,780.11,769.56,774.09,3476036
2003-09-01,774.09,787.21,774.09,786.76,2668518
2003-09-02,780.88,804.87,779.07,794.91,4580823
2003-09-03,803.96,803.96,786.31,792.19,3223667
2003-09-04,792.19,794.91,783.14,784.05,2728700
2003-09-05,794.0,794.0,778.16,782.23,2133713
2003-09-08,785.13,785.86,773.18,778.61,1913553
2003-09-09,775.9,779.43,770.01,775.9,3319616
2003-09-10,775.9,775.9,766.84,768.65,4409608
2003-09-11,772.73,783.14,772.73,779.97,4165667
2003-09-12,791.74,791.74,776.8,780.42,1985015
2003-09-15,780.89,792.65,779.52,789.93,1995613
2003-09-16,793.24,793.55,789.03,790.84,2078093
2003-09-17,785.86,793.1,785.86,787.67,2829722
2003-09-18,788.94,794.0,777.71,787.21,2069937
2003-09-19,787.67,795.81,784.22,788.12,2044992
2003-09-22,785.86,786.76,770.92,774.54,2977734
2003-09-23,774.99,784.95,766.84,770.46,2998322
2003-09-24,773.63,774.09,758.7,758.7,2792897
2003-09-25,778.61,778.61,747.83,756.88,5426359
2003-09-26,755.07,761.41,751.9,756.43,1683306
2003-09-29,755.98,769.11,751.45,767.3,2690308
2003-09-30,777.71,777.71,760.51,762.77,2770163
2003-10-01,761.41,773.18,751.9,773.18,2421086
2003-10-02,772.99,788.57,768.65,774.54,2654328
2003-10-03,780.42,783.14,773.63,779.97,2233893
2003-10-06,778.16,787.67,769.56,787.67,1191659
2003-10-07,784.5,796.27,783.14,787.21,2598667
2003-10-08,789.3,798.85,788.57,796.72,4615968
2003-10-09,797.63,807.13,794.0,805.32,3073790
2003-10-10,802.61,819.35,798.98,818.0,4174417
2003-10-13,814.37,831.12,813.02,827.05,7152700
2003-10-14,821.17,837.91,818.45,826.14,3434535
2003-10-15,824.33,850.14,812.56,833.84,4119487
2003-10-16,827.23,851.04,827.23,846.52,3539397
2003-10-17,841.54,846.52,830.22,833.84,3607222
2003-10-20,835.2,836.1,822.23,834.29,2896427
2003-10-21,838.3,841.08,831.58,840.63,1890798
2003-10-22,841.08,844.25,818.9,828.41,3399260
2003-10-23,818.0,825.65,814.83,816.64,3111508
2003-10-24,811.21,823.88,811.21,821.17,1382124
2003-10-27,828.41,828.41,807.13,816.19,1451105
2003-10-28,818.0,820.03,808.04,814.37,1552922
2003-10-29,815.28,818.45,804.87,811.21,1985902
2003-10-30,815.28,827.05,807.58,823.43,2229238
2003-10-31,823.43,846.52,807.58,815.73,2552161
2003-11-03,817.66,822.98,813.92,817.54,3053831
2003-11-04,817.71,831.12,817.36,826.14,3436183
2003-11-05,826.14,835.65,822.98,829.31,1679108
2003-11-06,828.41,829.77,815.28,818.0,2143755
2003-11-07,819.81,835.2,819.81,835.2,2309753
2003-11-10,832.44,837.46,828.86,830.22,1014268
2003-11-11,824.79,831.12,822.52,830.22,885564
2003-11-12,828.71,839.27,825.69,839.27,1928321
2003-11-13,833.84,848.78,833.84,841.54,2023723
2003-11-14,834.52,860.1,834.52,854.66,2985139
2003-11-17,845.16,861.0,844.7,858.29,2743429
2003-11-18,858.74,875.03,854.66,868.24,2435965
2003-11-19,866.43,886.8,860.1,880.47,4709624
2003-11-20,891.33,891.33,857.38,858.74,4710959
2003-11-21,860.55,867.79,848.78,867.34,2728401
2003-11-24,882.64,882.64,868.24,874.58,4876897
2003-11-25,869.06,877.3,863.26,866.43,4789735
2003-11-26,866.43,881.41,852.85,858.29,4112871
2003-11-27,858.38,875.2,856.47,862.36,2339338
2003-11-28,862.81,876.39,861.0,869.15,2399611
2003-12-01,868.24,892.69,865.53,888.16,3573767
2003-12-02,882.85,905.36,878.66,902.2,8806422
2003-12-03,886.7,912.97,886.7,892.24,3131855
2003-12-04,894.05,894.05,874.58,875.94,2497267
2003-12-05,890.28,917.13,861.45,869.15,3246061
2003-12-08,873.22,877.75,865.08,875.94,1888941
2003-12-09,872.77,882.28,872.09,880.01,1919194
2003-12-10,879.56,885.45,870.96,880.92,3806990
2003-12-11,875.72,902.65,875.72,899.48,5539017
2003-12-12,895.98,905.36,889.52,891.78,2157565
2003-12-15,897.22,901.29,886.8,891.78,2069703
2003-12-16,890.43,905.36,886.35,896.31,1754721
2003-12-17,913.96,913.96,882.38,898.12,2300633
2003-12-18,891.33,903.55,888.61,893.59,1975794
2003-12-19,906.72,906.72,884.99,891.78,3121242
2003-12-22,893.59,900.38,889.97,890.88,1221494
2003-12-23,897.67,899.03,884.09,898.57,1176163
2003-12-24,914.42,914.42,886.35,899.03,302056
2003-12-29,899.03,904.46,894.5,897.22,768808
2003-12-30,902.2,908.99,896.31,899.48,820625
2003-12-31,900.84,903.55,896.76,898.12,419471
2004-01-02,914.42,914.42,891.33,901.29,525076
2004-01-05,897.22,908.53,895.86,904.01,1435299
2004-01-06,903.42,906.27,896.76,902.2,2802031
2004-01-07,910.8,910.8,899.03,902.2,1775824
2004-01-08,904.01,919.85,900.84,916.68,4038214
2004-01-09,914.42,932.74,907.63,924.83,4318014
2004-01-12,924.83,930.71,920.76,923.47,2297095
2004-01-13,921.0,923.47,907.17,911.7,2604599
2004-01-14,907.17,932.52,907.17,923.47,3029311
2004-01-15,926.19,927.09,916.32,920.76,3500849
2004-01-16,917.13,928.9,914.87,918.94,1491931
2004-01-19,915.83,919.85,914.42,917.13,1076437
2004-01-20,914.42,927.09,908.08,921.21,2978331
2004-01-21,919.87,925.73,916.23,925.73,2476804
2004-01-22,920.76,925.73,917.52,924.38,2733343
2004-01-23,959.69,959.69,905.36,909.89,2713203
2004-01-26,914.42,914.42,899.93,904.46,2027005
2004-01-27,907.17,917.59,897.2,898.12,3578372
2004-01-28,897.22,911.25,897.22,906.72,2086856
2004-01-29,902.65,911.25,901.74,909.44,1921613
2004-01-30,906.72,914.42,903.55,906.27,2591083
2004-02-02,910.97,926.64,910.34,924.83,6177302
2004-02-03,927.55,927.55,916.23,923.02,2437322
2004-02-04,908.92,939.32,908.92,936.6,2560103
2004-02-05,935.24,935.69,918.04,918.04,2604113
2004-02-06,936.15,942.03,923.02,935.69,2177341
2004-02-09,946.11,946.11,931.21,934.34,2482667
2004-02-10,946.11,946.11,934.34,941.58,1888500
2004-02-11,939.77,943.39,931.62,937.05,1822093
2004-02-12,940.05,944.55,934.34,942.94,1140431
2004-02-13,945.65,969.19,942.48,965.12,2481325
2004-02-16,966.48,985.04,958.78,982.32,3056744
2004-02-17,982.32,986.39,976.89,981.87,3761254
2004-02-18,981.87,995.9,979.15,984.58,4008075
2004-02-19,984.58,992.28,972.36,981.87,2588842
2004-02-20,984.13,985.49,976.44,981.41,1851266
2004-02-23,979.6,989.11,977.22,982.77,902522
2004-02-24,987.92,1001.33,981.41,997.26,1868925
2004-02-25,990.69,998.62,985.94,994.09,1317216
2004-02-26,992.67,1017.63,988.66,1015.37,3150671
2004-02-27,1017.63,1019.44,995.0,997.71,4126537
2004-03-01,1000.43,1022.61,1000.43,1014.46,3459487
2004-03-02,1014.01,1019.89,1005.41,1014.01,4226077
2004-03-03,1009.9,1012.2,995.45,995.45,5169584
2004-03-04,995.45,1009.48,991.83,999.07,4228231
2004-03-05,998.62,1000.43,989.11,992.73,5274125
2004-03-08,990.24,1008.53,982.77,987.75,3150840
2004-03-09,983.68,991.37,978.7,979.6,3472833
2004-03-10,979.6,987.75,975.53,985.94,7097517
2004-03-11,975.08,983.23,959.69,962.85,3279199
2004-03-12,951.54,984.58,933.88,982.77,4428668
2004-03-15,984.58,987.71,958.73,958.78,1941646
2004-03-16,964.21,968.74,955.16,961.95,2253527
2004-03-17,959.23,976.89,938.86,941.58,4631419
2004-03-18,946.11,957.88,942.94,952.44,4045948
2004-03-19,952.44,969.64,952.38,963.31,2944050
2004-03-22,968.02,968.02,941.58,953.35,2218331
2004-03-23,955.16,955.16,937.05,939.77,3379689
2004-03-24,941.58,951.49,932.52,937.96,3083954
2004-03-25,937.96,968.74,936.69,968.74,4251014
2004-03-26,959.73,969.64,959.69,964.21,2017603
2004-03-29,975.53,981.87,957.53,977.79,1196317
2004-03-30,981.19,982.32,970.55,980.51,1374874
2004-03-31,985.04,993.18,977.79,986.85,2723722
2004-04-01,968.74,996.07,968.74,993.18,2220561
2004-04-02,1000.43,1004.95,989.56,1000.43,2200531
2004-04-05,1002.24,1012.2,990.47,1005.86,1881270
2004-04-06,1005.86,1022.16,1001.38,1016.72,3070183
2004-04-07,1016.72,1020.35,1003.14,1013.1,3387681
2004-04-08,1018.35,1032.11,1015.82,1030.3,3213919
2004-04-13,1026.68,1034.18,1015.82,1021.25,1536674
2004-04-14,1014.91,1017.63,973.27,983.23,4135270
2004-04-15,983.23,986.85,955.16,966.93,3623892
2004-04-16,968.74,986.85,968.74,979.6,3613109
2004-04-19,979.6,986.85,966.66,985.94,1770585
2004-04-20,995.0,1006.76,982.32,1003.14,2992308
2004-04-21,982.37,1000.43,982.37,993.18,3272154
2004-04-22,986.85,1001.79,983.03,995.9,2237696
2004-04-23,995.9,1004.05,982.32,989.56,1613137
2004-04-26,995.9,1002.6,984.13,994.09,1581061
2004-04-27,994.09,1011.29,994.09,1005.86,2785141
2004-04-28,1008.58,1013.1,997.71,1005.86,3847977
2004-04-29,1004.05,1007.67,992.28,994.09,3649108
2004-04-30,1000.43,1000.43,989.56,992.28,3012737
2004-05-04,1000.65,1011.29,991.37,1008.58,2495077
2004-05-05,1008.58,1019.44,1005.86,1012.2,2480860
2004-05-06,1014.01,1014.01,982.32,984.13,4296319
2004-05-07,984.13,992.28,971.46,978.7,3808244
2004-05-10,932.52,972.36,932.52,956.06,3678037
2004-05-11,954.25,974.17,946.11,968.74,4394146
2004-05-12,968.74,977.93,961.5,964.21,2436948
2004-05-13,975.08,975.08,962.4,973.27,1806409
2004-05-14,973.27,975.08,959.69,968.74,2946169
2004-05-17,966.93,966.93,946.11,950.63,2183376
2004-05-18,961.5,977.79,960.59,975.98,6663426
2004-05-19,971.46,995.9,971.46,991.37,5002195
2004-05-20,991.37,991.37,980.51,981.41,5630202
2004-05-21,985.04,988.66,977.79,982.32,3214003
2004-05-24,978.7,991.37,978.7,985.04,2305855
2004-05-25,987.75,1015.82,986.85,1014.01,3117214
2004-05-26,1004.05,1036.64,1004.05,1019.44,2873800
2004-05-27,1029.35,1047.51,1023.97,1040.26,3539741
2004-05-28,1042.98,1059.28,1037.55,1059.28,3524655
2004-06-01,1044.67,1054.75,1033.93,1041.17,5232628
2004-06-02,1041.17,1059.28,1038.45,1049.32,2960085
2004-06-03,1045.7,1052.94,1038.45,1045.7,4963300
2004-06-04,1049.32,1062.9,1043.88,1058.37,1262837
2004-06-07,1057.47,1080.1,1057.47,1068.33,2346525
2004-06-08,1077.38,1077.38,1056.56,1061.99,1560913
2004-06-09,1069.23,1071.95,1059.73,1066.52,1713769
2004-06-10,1061.09,1073.76,1061.09,1068.33,3818016
2004-06-11,1072.86,1072.86,1064.71,1066.52,3613570
2004-06-14,1072.81,1081.0,1057.69,1064.71,7176275
2004-06-15,1057.47,1068.17,1057.47,1067.42,4668389
2004-06-16,1076.48,1076.48,1051.58,1058.37,3541618
2004-06-17,1059.28,1074.67,1056.56,1063.8,12644341
2004-06-18,1063.8,1071.95,1061.09,1071.95,10561306
2004-06-21,1070.23,1088.88,1067.38,1081.91,2937197
2004-06-22,1081.0,1083.49,1042.98,1070.14,3877489
2004-06-23,1051.99,1071.95,1042.07,1051.13,2381619
2004-06-24,1058.37,1058.37,1038.88,1042.07,2184181
2004-06-25,1038.23,1042.01,1031.21,1035.74,1828890
2004-06-28,1038.45,1038.45,1028.49,1033.93,1587010
2004-06-29,1031.1,1046.6,1031.1,1044.79,2609813
2004-06-30,1047.51,1056.56,1038.45,1049.32,2070512
2004-07-01,1051.58,1055.65,1040.26,1040.26,2290289
2004-07-02,1044.79,1045.7,1033.93,1041.17,1510450
2004-07-05,1057.15,1057.15,1034.83,1038.45,1345125
2004-07-06,1038.45,1045.7,1026.68,1035.74,3541951
2004-07-07,1031.8,1052.94,1027.59,1042.07,2003892
2004-07-08,1042.3,1053.84,1032.11,1050.22,4471461
2004-07-09,1048.41,1073.76,1043.88,1054.75,3632917
2004-07-12,1062.55,1072.86,1056.56,1061.09,3136800
2004-07-13,1066.52,1073.76,1043.7,1069.23,2740345
2004-07-14,1069.23,1075.57,1051.13,1070.14,3405076
2004-07-15,1075.57,1075.57,1052.94,1066.52,2262389
2004-07-16,1066.88,1066.88,1052.94,1056.56,2407051
2004-07-19,1056.56,1065.61,1052.94,1059.28,1335851
2004-07-20,1058.37,1070.14,1051.13,1065.61,1447426
2004-07-21,1082.82,1082.82,1047.51,1047.51,2113154
2004-07-22,1061.99,1061.99,1032.11,1038.45,3817029
2004-07-23,1062.9,1062.9,1020.35,1032.11,1733735
2004-07-26,1032.11,1043.88,1029.4,1032.11,3530541
2004-07-27,1042.98,1042.98,1035.74,1039.36,3103067
2004-07-28,1048.41,1050.22,1016.72,1018.53,6458149
2004-07-29,1025.78,1030.47,1017.63,1027.59,7072012
2004-07-30,1031.21,1031.21,1017.63,1025.78,2780408
2004-08-02,1021.65,1030.3,1020.35,1026.68,978307
2004-08-03,1026.0,1039.36,1026.0,1037.55,2396264
2004-08-04,1040.26,1041.17,1028.49,1039.36,4258499
2004-08-05,1036.64,1047.51,1036.64,1043.88,1995545
2004-08-06,1035.85,1046.6,1026.68,1035.74,1295497
2004-08-09,1044.34,1044.34,1006.76,1008.58,2722589
2004-08-10,1010.66,1023.06,999.97,1022.16,2065026
2004-08-11,1028.49,1028.49,1005.86,1009.48,4275507
2004-08-12,1015.82,1020.35,1003.37,1007.67,4625624
2004-08-13,1021.25,1021.25,1004.95,1012.2,6679773
2004-08-16,1010.39,1020.35,1009.57,1014.91,3957522
2004-08-17,1015.14,1016.72,1005.86,1013.1,1677246
2004-08-18,1012.2,1024.87,1003.14,1024.87,8099304
2004-08-19,1033.02,1033.02,1014.01,1015.82,8973617
2004-08-20,1015.91,1021.25,1013.1,1019.44,2255908
2004-08-23,1024.87,1027.59,998.07,1021.25,5044230
2004-08-24,1023.06,1069.23,1023.06,1046.6,4851787
2004-08-25,1044.79,1052.94,1036.64,1052.03,2587285
2004-08-26,1067.51,1068.33,1015.82,1040.26,1785001
2004-08-27,1043.88,1056.56,1038.45,1049.32,1254563
2004-08-31,1042.98,1050.22,1038.0,1041.17,1679244
2004-09-01,1051.13,1079.19,1048.41,1077.38,4990423
2004-09-02,1072.86,1086.44,1066.52,1081.0,1561997
2004-09-03,1086.44,1095.49,1081.0,1090.96,2142927
2004-09-06,1094.93,1095.49,1082.18,1084.63,1219545
2004-09-07,1083.72,1084.63,1075.57,1079.19,3206514
2004-09-08,1079.19,1087.34,1075.57,1080.1,2497606
2004-09-09,1079.19,1094.59,1078.29,1090.06,3678235
2004-09-10,1085.49,1111.79,1083.72,1097.3,2784755
2004-09-13,1149.81,1149.81,1090.06,1095.49,4727127
2004-09-14,1098.21,1100.02,1090.96,1095.49,1793049
2004-09-15,1095.49,1103.64,1090.06,1095.49,3445810
2004-09-16,1099.11,1099.11,1077.38,1081.0,3211270
2004-09-17,1086.44,1086.44,1042.07,1081.0,2834930
2004-09-20,1081.91,1090.06,1079.19,1085.53,1839862
2004-09-21,1083.09,1086.44,1075.57,1083.72,1744640
2004-09-22,1087.34,1100.02,1080.1,1086.44,3395532
2004-09-23,1081.91,1086.44,1070.71,1076.48,2276789
2004-09-24,1074.67,1087.34,1071.29,1086.44,2104497
2004-09-27,1081.0,1092.77,1061.99,1071.05,1323467
2004-09-28,1068.33,1077.38,1063.8,1073.76,1569902
2004-09-29,1079.19,1081.0,1064.71,1070.14,2307427
2004-09-30,1072.86,1078.29,1046.6,1061.99,2896349
2004-10-01,1069.23,1076.48,1061.09,1072.86,1933416
2004-10-04,1081.0,1081.0,1045.7,1048.41,2959964
2004-10-05,1048.41,1053.84,1038.18,1041.17,3076591
2004-10-06,1041.17,1048.41,1034.83,1041.17,3265260
2004-10-07,1048.41,1048.41,1024.87,1038.45,2132135
2004-10-08,1028.49,1053.84,1028.49,1052.03,1639934
2004-10-11,1046.6,1062.9,1041.17,1061.09,1497299
2004-10-12,1062.9,1062.9,1040.26,1047.51,1662462
2004-10-13,1036.64,1084.63,1036.64,1044.79,1945806
2004-10-14,1042.98,1048.41,1030.3,1042.98,2137288
2004-10-15,1033.93,1053.84,1033.02,1050.22,3757574
2004-10-18,1058.37,1062.73,1052.94,1055.65,980672
2004-10-19,1062.9,1067.42,1047.51,1059.28,1814090
2004-10-20,1053.84,1061.99,1039.36,1061.99,1985172
2004-10-21,1061.99,1066.52,1051.13,1057.47,3125828
2004-10-22,1073.76,1073.76,1054.75,1061.09,1792350
2004-10-25,1051.13,1065.61,1028.6,1061.09,1814634
2004-10-26,1067.42,1079.19,1054.75,1071.95,1935913
2004-10-27,1073.76,1085.53,1066.52,1078.29,1939259
2004-10-28,1072.86,1080.1,1067.42,1070.14,1424466
2004-10-29,1071.95,1080.1,1067.08,1080.1,1758460
2004-11-01,1082.82,1085.53,1065.61,1083.72,917207
2004-11-02,1085.53,1087.34,1077.38,1086.44,931998
2004-11-03,1090.06,1090.06,1071.95,1085.53,2104768
2004-11-04,1086.44,1100.92,1084.56,1097.3,2549594
2004-11-05,1097.3,1109.07,1088.25,1093.68,1683287
2004-11-08,1103.64,1112.69,1091.87,1101.83,1983064
2004-11-09,1106.35,1106.35,1091.87,1095.49,1134354
2004-11-10,1101.83,1105.45,1090.6,1092.77,1276375
2004-11-11,1088.25,1095.49,1083.72,1087.34,3035557
2004-11-12,1090.96,1092.77,1084.63,1090.96,1621085
2004-11-15,1099.11,1099.11,1090.96,1093.68,1372465
2004-11-16,1100.92,1111.79,1095.49,1104.54,2798546
2004-11-17,1115.41,1119.94,1095.49,1105.45,3484636
2004-11-18,1098.21,1105.45,1097.3,1100.02,1329417
2004-11-19,1094.59,1104.54,1094.59,1101.83,1772002
2004-11-22,1101.27,1120.84,1094.59,1113.6,3075243
2004-11-23,1119.94,1132.16,1106.35,1131.7,2661708
2004-11-24,1131.7,1131.7,1106.35,1118.12,4319359
2004-11-25,1119.37,1146.19,1118.12,1139.85,3759129
2004-11-26,1142.34,1161.58,1136.23,1157.96,4712333
2004-11-29,1156.15,1169.58,1148.0,1167.92,4660699
2004-11-30,1167.92,1170.64,1157.96,1163.39,3964711
2004-12-01,1167.01,1169.73,1159.77,1162.49,2602319
2004-12-02,1174.26,1195.08,1156.62,1176.97,4946654
2004-12-03,1172.45,1176.97,1163.39,1166.11,4322476
2004-12-06,1158.34,1184.22,1158.34,1181.5,3182587
2004-12-07,1181.5,1187.84,1176.97,1186.93,2447482
2004-12-08,1131.7,1202.32,1131.7,1202.32,4451436
2004-12-09,1202.32,1205.94,1195.08,1199.61,2150102
2004-12-10,1199.61,1208.66,1190.55,1195.99,1668284
2004-12-13,1192.36,1207.76,1189.24,1205.04,3122330
2004-12-14,1213.19,1213.19,1204.13,1212.28,2577949
2004-12-15,1209.57,1224.96,1203.23,1219.53,3225178
2004-12-16,1225.86,1225.86,1213.19,1220.43,1480639
2004-12-17,1222.24,1223.15,1216.92,1223.15,1847868
2004-12-20,1223.15,1243.12,1222.24,1240.35,1673493
2004-12-21,1243.97,1243.97,1235.16,1241.25,4417207
2004-12-22,1241.25,1258.46,1234.92,1243.97,3075909
2004-12-23,1239.44,1261.17,1239.44,1253.02,1943372
2004-12-24,1256.65,1260.27,1252.12,1254.83,185014
2004-12-29,1243.97,1331.79,1243.97,1275.66,2006033
2004-12-30,1277.47,1293.77,1270.23,1276.56,992829
2004-12-31,1276.56,1278.04,1253.02,1267.51,387075
2005-01-04,1267.51,1267.51,1231.3,1237.63,3459462
2005-01-05,1228.58,1242.5,1208.66,1218.62,5258917
2005-01-06,1213.19,1229.48,1207.76,1226.77,2479536
2005-01-07,1229.48,1245.78,1225.86,1243.06,2289907
2005-01-10,1245.78,1255.51,1243.06,1254.83,1212660
2005-01-11,1260.27,1262.08,1247.59,1253.93,1714737
2005-01-12,1259.32,1267.51,1247.59,1262.98,2249740
2005-01-13,1261.29,1282.9,1251.21,1253.93,3893947
2005-01-14,1243.06,1281.09,1243.06,1278.37,2143899
2005-01-17,1282.9,1285.62,1268.41,1277.47,1573398
2005-01-18,1287.43,1287.43,1267.51,1280.18,1814018
2005-01-19,1284.71,1285.62,1253.02,1270.23,2242237
2005-01-20,1267.51,1273.85,1259.36,1273.85,1645245
2005-01-21,1282.9,1282.9,1257.55,1271.13,1549952
2005-01-24,1270.23,1272.85,1257.55,1266.6,1067635
2005-01-25,1263.89,1279.28,1259.36,1269.32,2332344
2005-01-26,1272.04,1290.24,1267.51,1290.14,2270216
2005-01-27,1283.81,1295.58,1282.0,1288.33,2672370
2005-01-28,1293.77,1293.77,1269.48,1272.94,2639560
2005-01-31,1274.75,1280.95,1237.63,1246.69,4070112
2005-02-01,1250.31,1260.27,1246.79,1255.74,4019065
2005-02-02,1258.46,1272.94,1253.93,1272.04,2762167
2005-02-03,1273.85,1287.43,1261.17,1267.51,1566142
2005-02-04,1263.89,1273.85,1253.02,1268.41,1828420
2005-02-07,1268.41,1284.71,1267.51,1281.09,1100135
2005-02-08,1278.37,1296.48,1274.75,1278.37,2937333
2005-02-09,1285.62,1292.86,1281.09,1285.62,1436617
2005-02-10,1285.62,1294.67,1271.13,1282.9,1597919
2005-02-11,1291.95,1312.78,1284.71,1310.97,4237839
2005-02-14,1313.68,1339.94,1313.68,1323.64,2197977
2005-02-15,1326.36,1334.51,1320.02,1330.89,1509759
2005-02-16,1332.7,1345.37,1308.25,1309.16,2516827
2005-02-17,1310.06,1317.3,1301.91,1305.53,1817892
2005-02-18,1307.35,1324.55,1307.35,1318.21,1974707
2005-02-21,1322.28,1325.09,1261.17,1267.51,5934777
2005-02-22,1267.51,1281.09,1255.74,1262.98,3099024
2005-02-23,1259.36,1267.51,1245.15,1264.79,3267823
2005-02-24,1262.08,1268.41,1253.02,1255.74,1196239
2005-02-25,1258.46,1262.08,1241.25,1246.69,2140986
2005-02-28,1241.25,1272.94,1241.25,1244.88,3733475
2005-03-01,1251.21,1253.93,1242.16,1243.06,1569888
2005-03-02,1247.59,1250.31,1221.34,1222.24,3910856
2005-03-03,1226.77,1270.04,1217.71,1248.5,5895218
2005-03-04,1248.5,1258.46,1234.92,1256.65,1505619
2005-03-07,1258.46,1275.66,1258.46,1266.6,2718477
2005-03-08,1262.08,1264.79,1249.4,1254.83,1284534
2005-03-09,1246.69,1263.89,1238.54,1242.16,1862676
2005-03-10,1235.82,1248.5,1222.24,1237.63,2930596
2005-03-11,1249.4,1257.55,1235.82,1248.5,3969384
2005-03-14,1253.66,1256.65,1229.48,1241.25,2184941
2005-03-15,1235.82,1261.17,1235.82,1251.21,2984780
2005-03-16,1253.93,1254.83,1210.47,1213.19,3322470
2005-03-17,1213.19,1215.9,1157.06,1187.84,8891947
2005-03-18,1187.84,1204.13,1186.93,1192.36,2389049
2005-03-21,1196.89,1217.71,1196.89,1200.51,2408121
2005-03-22,1204.6,1206.85,1188.74,1202.32,2570607
2005-03-23,1194.18,1206.17,1186.03,1189.65,3270127
2005-03-24,1190.55,1193.27,1179.69,1186.03,1752809
2005-03-29,1186.03,1198.7,1176.97,1179.69,1378797
2005-03-30,1179.69,1185.12,1170.64,1181.5,1983029
2005-03-31,1181.5,1188.74,1168.82,1170.64,2530065
2005-04-01,1176.07,1186.03,1167.92,1170.64,2209139
2005-04-04,1169.73,1179.22,1157.06,1169.73,1486117
2005-04-05,1180.59,1180.59,1163.39,1170.64,2252711
2005-04-06,1177.88,1199.35,1164.75,1188.74,2704364
2005-04-07,1183.31,1195.99,1176.97,1195.08,1778456
2005-04-08,1196.89,1204.13,1192.36,1202.32,2063021
2005-04-11,1197.8,1208.66,1193.04,1206.85,1449981
2005-04-12,1204.13,1211.38,1194.04,1198.7,1077764
2005-04-13,1204.13,1219.53,1199.61,1219.53,1982065
2005-04-14,1214.09,1217.71,1201.42,1204.13,2665715
2005-04-15,1198.7,1204.13,1186.93,1189.65,2219151
2005-04-18,1164.3,1185.08,1164.3,1172.45,1982867
2005-04-19,1172.45,1201.27,1167.92,1180.59,3164739
2005-04-20,1177.94,1200.51,1174.26,1178.78,1538678
2005-04-21,1176.07,1191.46,1176.07,1179.69,1334490
2005-04-22,1184.22,1190.55,1180.61,1190.55,1205173
2005-04-25,1184.22,1208.66,1184.22,1207.76,1985646
2005-04-26,1214.09,1216.81,1202.32,1209.57,2428353
2005-04-27,1209.47,1217.71,1192.36,1196.89,2346706
2005-04-28,1206.85,1206.85,1178.78,1186.03,2566643
2005-04-29,1181.5,1204.13,1178.78,1202.32,2154171
2005-05-03,1212.28,1228.58,1204.13,1213.19,2876523
2005-05-04,1218.62,1245.18,1199.61,1215.0,2072838
2005-05-05,1214.09,1219.53,1206.85,1215.0,1217981
2005-05-06,1212.28,1223.15,1204.13,1217.71,1884028
2005-05-09,1230.39,1230.39,1208.66,1209.57,1619470
2005-05-10,1218.62,1218.62,1193.27,1194.18,4281987
2005-05-11,1198.7,1227.67,1194.18,1224.05,5960019
2005-05-12,1230.39,1249.4,1222.24,1245.78,6565198
2005-05-13,1240.35,1261.17,1234.01,1258.46,5837700
2005-05-16,1261.17,1263.89,1250.31,1263.89,1242541
2005-05-17,1263.89,1284.77,1263.89,1266.6,3735594
2005-05-18,1272.04,1280.18,1263.89,1278.37,1434706
2005-05-19,1272.94,1279.28,1262.08,1264.79,4562399
2005-05-20,1271.13,1293.77,1260.27,1281.09,2710193
2005-05-23,1289.24,1291.05,1271.13,1278.37,1731972
2005-05-24,1272.94,1285.62,1272.94,1285.62,2154151
2005-05-25,1290.14,1307.24,1286.52,1304.63,2948121
2005-05-26,1297.39,1320.93,1297.39,1301.91,2208165
2005-05-27,1296.48,1299.38,1286.3,1290.14,2217791
2005-05-31,1284.71,1300.17,1284.71,1292.86,1759396
2005-06-01,1295.58,1308.25,1289.24,1308.25,1980698
2005-06-02,1308.25,1311.87,1298.29,1309.16,2007457
2005-06-03,1309.16,1318.21,1301.01,1307.35,956563
2005-06-06,1310.97,1315.49,1297.39,1308.25,1367528
2005-06-07,1308.25,1321.83,1308.25,1320.02,12770776
2005-06-08,1319.12,1319.12,1308.25,1310.97,2176398
2005-06-09,1312.78,1316.4,1303.72,1313.68,2236789
2005-06-10,1313.68,1319.12,1305.53,1305.53,2491447
2005-06-13,1313.68,1324.55,1305.53,1320.93,1360604
2005-06-14,1320.93,1321.83,1313.68,1320.93,1655127
2005-06-15,1321.83,1328.33,1298.29,1301.91,2657571
2005-06-16,1312.78,1312.78,1288.33,1300.1,2861471
2005-06-17,1299.2,1339.94,1295.26,1331.79,3936745
2005-06-20,1327.26,1334.51,1316.4,1326.36,1875441
2005-06-21,1334.51,1334.51,1294.67,1327.26,2097601
2005-06-22,1305.53,1334.23,1291.95,1310.97,2127820
2005-06-23,1317.3,1327.94,1273.44,1301.01,2178911
2005-06-24,1294.67,1295.58,1282.9,1290.14,1067121
2005-06-27,1287.43,1300.57,1275.66,1278.37,2915438
2005-06-28,1275.66,1283.81,1265.7,1271.13,2087472
2005-06-29,1271.13,1280.18,1262.98,1265.7,2193773
2005-06-30,1259.36,1265.7,1253.93,1258.46,3239915
2005-07-01,1253.02,1269.32,1250.31,1265.7,1260173
2005-07-04,1265.7,1273.85,1254.83,1267.51,1577400
2005-07-05,1272.94,1272.94,1227.67,1263.89,1240384
2005-07-06,1263.89,1291.95,1259.36,1291.05,3421118
2005-07-07,1287.43,1287.43,1210.47,1256.65,5659093
2005-07-08,1269.32,1279.28,1258.46,1271.13,1497635
2005-07-11,1282.9,1291.95,1271.13,1285.62,4131672
2005-07-12,1288.33,1299.2,1281.09,1296.48,7340915
2005-07-13,1300.1,1302.82,1291.55,1299.2,3535913
2005-07-14,1303.72,1303.72,1272.04,1278.37,4469601
2005-07-15,1274.75,1280.18,1262.08,1273.85,2419446
2005-07-18,1273.85,1279.28,1262.35,1269.32,1910438
2005-07-19,1264.79,1268.41,1243.06,1247.59,4859420
2005-07-20,1253.93,1271.13,1245.78,1269.32,4422398
2005-07-21,1274.75,1281.09,1255.74,1268.41,1997261
2005-07-22,1270.23,1281.09,1265.88,1272.04,1606555
2005-07-25,1272.04,1291.05,1267.51,1285.62,2880120
2005-07-26,1282.0,1301.01,1281.5,1288.33,2810340
2005-07-27,1293.77,1295.58,1283.5,1291.05,3222149
2005-07-28,1298.29,1301.01,1278.37,1279.28,2055008
2005-07-29,1282.0,1283.81,1259.36,1261.17,2179011
2005-08-01,1265.7,1284.71,1263.03,1281.09,2930439
2005-08-02,1274.75,1293.77,1274.75,1285.62,4402155
2005-08-03,1285.62,1289.03,1272.04,1275.66,2969398
2005-08-04,1272.94,1291.05,1272.94,1282.0,1754173
2005-08-05,1272.99,1285.62,1266.6,1272.94,14236790
2005-08-08,1278.37,1279.28,1267.51,1270.23,2634866
2005-08-09,1273.85,1275.61,1256.65,1261.17,3137732
2005-08-10,1259.36,1299.2,1259.36,1292.86,4152541
2005-08-11,1285.62,1292.86,1265.7,1270.23,2051036
2005-08-12,1270.23,1272.04,1264.43,1269.32,1391197
2005-08-15,1264.79,1271.13,1262.82,1266.6,2007205
2005-08-16,1269.32,1276.56,1262.98,1264.79,877030
2005-08-17,1264.79,1277.47,1258.46,1258.46,1845565
2005-08-18,1262.08,1272.04,1260.27,1267.51,1859776
2005-08-19,1267.51,1280.18,1267.51,1280.18,2320088
2005-08-22,1280.18,1284.71,1270.23,1272.04,2292111
2005-08-23,1271.13,1278.37,1266.6,1268.41,3547065
2005-08-24,1269.32,1277.47,1266.6,1269.32,2514601
2005-08-25,1263.89,1271.13,1258.95,1261.17,1257620
2005-08-26,1261.17,1275.66,1260.27,1267.51,1383476
2005-08-30,1276.56,1281.09,1270.23,1275.66,2262847
2005-08-31,1280.18,1286.52,1276.56,1284.71,1372457
2005-09-01,1287.43,1293.77,1280.09,1286.52,1348444
2005-09-02,1281.09,1324.72,1281.09,1319.12,3466282
2005-09-05,1325.45,1333.6,1287.43,1329.07,3330929
2005-09-06,1332.7,1332.7,1310.06,1310.06,1776895
2005-09-07,1317.3,1335.72,1314.59,1328.17,2235443
2005-09-08,1333.6,1333.6,1309.16,1320.02,2230320
2005-09-09,1319.12,1331.79,1312.78,1326.36,980508
2005-09-12,1336.32,1336.32,1311.87,1321.83,2672429
2005-09-13,1318.21,1324.55,1292.86,1299.2,2571658
2005-09-14,1303.72,1309.16,1295.58,1306.44,1525618
2005-09-15,1310.97,1316.4,1307.89,1311.87,2226802
2005-09-16,1315.49,1323.0,1307.35,1309.16,3370417
2005-09-19,1306.44,1314.59,1300.1,1305.53,1963438
2005-09-20,1303.72,1305.53,1296.48,1301.91,1238271
2005-09-21,1291.95,1309.16,1280.18,1280.18,2035340
2005-09-22,1280.18,1282.9,1274.75,1282.9,1947802
2005-09-23,1280.18,1304.63,1279.28,1301.01,1528783
2005-09-26,1315.49,1315.49,1292.86,1299.2,2761406
2005-09-27,1299.2,1302.82,1289.24,1291.95,1997826
2005-09-28,1294.67,1332.7,1293.77,1331.79,1638848
2005-09-29,1323.64,1331.79,1314.59,1323.64,1672417
2005-09-30,1331.79,1365.68,1323.71,1339.03,2959327
2005-10-03,1339.03,1353.52,1332.7,1348.09,1889504
2005-10-04,1352.61,1352.61,1332.7,1348.99,2581760
2005-10-05,1340.84,1350.33,1329.07,1331.79,884872
2005-10-06,1314.59,1324.55,1307.35,1313.68,2251402
2005-10-07,1305.53,1317.3,1305.53,1312.78,1033734
2005-10-10,1311.87,1315.49,1301.91,1309.16,1224272
2005-10-11,1309.16,1322.74,1305.53,1308.25,1534047
2005-10-12,1295.58,1348.09,1291.95,1304.63,1582303
2005-10-13,1298.29,1300.1,1269.18,1272.04,1459209
2005-10-14,1276.56,1276.56,1251.21,1253.02,3987454
2005-10-17,1253.02,1260.23,1234.92,1249.4,3264226
2005-10-18,1249.4,1253.02,1224.96,1231.3,2705414
2005-10-19,1226.77,1234.01,1211.84,1228.58,3169443
2005-10-20,1240.35,1245.78,1224.05,1231.3,3445378
2005-10-21,1227.67,1236.73,1216.81,1224.05,1861439
2005-10-24,1232.2,1256.65,1221.47,1252.12,1340328
2005-10-25,1257.55,1262.98,1241.25,1259.36,1709286
2005-10-26,1223.15,1261.17,1223.15,1237.63,2668575
2005-10-27,1240.35,1244.42,1219.53,1221.34,2317577
2005-10-28,1222.24,1239.44,1218.62,1236.73,1317954
2005-10-31,1227.18,1257.55,1227.18,1257.55,1702985
2005-11-01,1254.83,1290.14,1254.83,1279.28,3396471
2005-11-02,1276.56,1295.58,1276.56,1293.77,1857824
2005-11-03,1293.77,1317.3,1291.05,1317.3,2630004
2005-11-04,1317.3,1342.88,1317.3,1333.6,2562933
2005-11-07,1348.09,1352.16,1326.36,1348.99,2258148
2005-11-08,1358.05,1363.48,1334.51,1337.22,4256447
2005-11-09,1345.37,1347.18,1319.12,1325.45,2802630
2005-11-10,1325.45,1343.56,1325.45,1329.07,2431423
2005-11-11,1340.84,1368.91,1336.32,1363.48,3399846
2005-11-14,1345.37,1371.26,1345.37,1360.76,2759281
2005-11-15,1362.57,1368.91,1355.33,1360.76,1875270
2005-11-16,1389.73,1436.81,1354.66,1433.19,4405639
2005-11-17,1444.06,1445.02,1422.33,1434.1,2932221
2005-11-18,1438.62,1480.27,1414.18,1423.23,6132305
2005-11-21,1404.22,1428.66,1404.22,1409.65,3047409
2005-11-22,1406.94,1435.91,1406.94,1426.85,2702785
2005-11-23,1424.14,1447.68,1422.08,1444.96,2299562
2005-11-24,1454.01,1454.01,1394.26,1409.65,3590517
2005-11-25,1418.71,1430.48,1413.27,1428.66,1929062
2005-11-28,1440.43,1445.87,1421.42,1432.29,2059784
2005-11-29,1432.29,1437.72,1424.14,1427.76,2039277
2005-11-30,1431.38,1431.38,1396.98,1402.41,3600705
2005-12-01,1402.41,1412.37,1393.63,1401.5,3854356
2005-12-02,1412.37,1412.37,1399.69,1401.5,2552049
2005-12-05,1401.5,1412.37,1387.02,1393.36,4206273
2005-12-06,1399.69,1409.65,1385.3,1406.94,2276191
2005-12-07,1396.07,1418.71,1389.73,1406.03,3051796
2005-12-08,1407.84,1421.42,1386.11,1401.5,3790285
2005-12-09,1393.36,1404.22,1379.77,1401.5,4959723
2005-12-12,1408.75,1435.85,1393.36,1405.12,2157417
2005-12-13,1405.12,1427.76,1398.79,1409.65,2712944
2005-12-14,1413.27,1460.55,1401.5,1457.64,5388524
2005-12-15,1464.88,1510.15,1464.88,1502.0,5458733
2005-12-16,1502.9,1526.44,1483.89,1495.66,4407543
2005-12-19,1492.04,1492.95,1469.41,1487.51,2843707
2005-12-20,1489.32,1493.8,1473.93,1481.18,3313370
2005-12-21,1482.08,1488.42,1463.97,1479.36,2733866
2005-12-22,1481.18,1487.51,1457.64,1477.55,1602110
2005-12-23,1472.12,1484.72,1468.5,1477.55,1197758
2005-12-28,1480.27,1487.51,1459.45,1483.89,860104
2005-12-29,1491.13,1497.47,1476.65,1494.76,530043
2005-12-30,1496.57,1505.62,1487.51,1505.62,785849
2006-01-03,1508.34,1514.62,1490.23,1504.71,1927144
2006-01-04,1513.77,1531.88,1505.62,1520.11,2499658
2006-01-05,1521.92,1521.92,1481.18,1492.04,3449669
2006-01-06,1501.09,1501.09,1470.31,1476.65,2632025
2006-01-09,1452.2,1476.65,1425.95,1427.76,4501160
2006-01-10,1433.19,1447.68,1422.33,1443.15,3793443
2006-01-11,1448.58,1487.51,1435.0,1443.15,1872175
2006-01-12,1437.72,1444.06,1412.37,1430.48,2672433
2006-01-13,1435.0,1435.0,1422.33,1432.29,1209108
2006-01-16,1443.15,1450.39,1425.95,1449.49,835509
2006-01-17,1431.38,1453.11,1426.85,1436.81,2965352
2006-01-18,1426.85,1435.0,1403.31,1433.19,2236071
2006-01-19,1435.0,1477.55,1435.0,1474.84,4801147
2006-01-20,1471.22,1510.15,1471.22,1492.95,4748879
2006-01-23,1485.7,1494.76,1466.74,1477.55,1254493
2006-01-24,1469.41,1482.99,1465.78,1472.12,1721783
2006-01-25,1483.89,1514.67,1480.27,1514.67,2318274
2006-01-26,1521.01,1526.44,1492.04,1499.28,2834210
2006-01-27,1514.67,1516.04,1491.13,1513.77,2996025
2006-01-30,1509.24,1512.81,1490.23,1504.71,2269627
2006-01-31,1499.28,1528.25,1482.08,1525.54,2070606
2006-02-01,1525.54,1589.64,1518.3,1586.2,6207674
2006-02-02,1586.2,1586.2,1568.09,1578.95,3849094
2006-02-03,1576.24,1588.91,1558.13,1565.37,2161719
2006-02-06,1562.66,1571.71,1548.53,1566.28,1370036
2006-02-07,1566.28,1588.91,1541.83,1561.75,2876761
2006-02-08,1549.08,1580.77,1549.08,1575.33,2731083
2006-02-09,1575.33,1597.97,1569.33,1588.91,2717443
2006-02-10,1591.63,1621.51,1580.77,1611.55,2618600
2006-02-13,1619.7,1619.7,1588.01,1600.68,3211639
2006-02-14,1613.36,1643.24,1602.97,1643.24,3304798
2006-02-15,1645.05,1654.03,1630.56,1645.95,1377518
2006-02-16,1650.48,1651.33,1626.52,1637.8,1726100
2006-02-17,1637.8,1637.8,1625.13,1628.75,1292965
2006-02-20,1636.9,1652.29,1615.22,1643.24,1139828
2006-02-21,1657.72,1664.06,1635.09,1646.86,2079211
2006-02-22,1630.56,1662.25,1630.56,1661.34,1874748
2006-02-23,1666.78,1672.21,1652.29,1661.34,2197937
2006-02-24,1670.4,1671.3,1649.57,1667.68,4098865
2006-02-27,1674.02,1703.9,1661.4,1699.37,3178746
2006-02-28,1693.03,1722.91,1664.06,1666.78,3008144
2006-03-01,1681.26,1695.75,1665.04,1694.84,2116232
2006-03-02,1692.13,1716.57,1690.31,1699.37,2485685
2006-03-03,1693.94,1705.71,1664.06,1687.6,1913130
2006-03-06,1687.6,1724.27,1680.36,1704.8,2151224
2006-03-07,1694.84,1699.37,1640.52,1667.68,3713975
2006-03-08,1667.68,1668.59,1632.09,1634.18,4138478
2006-03-09,1648.67,1649.57,1635.36,1639.61,1630430
2006-03-10,1639.61,1652.29,1630.61,1637.8,2556502
2006-03-13,1639.61,1658.63,1639.61,1642.33,2848093
2006-03-14,1634.18,1663.7,1634.18,1660.44,2304561
2006-03-15,1661.34,1687.6,1661.34,1674.92,2065915
2006-03-16,1669.31,1692.13,1669.31,1691.22,1703287
2006-03-17,1697.56,1710.23,1693.03,1705.71,3189191
2006-03-20,1709.27,1713.85,1665.87,1672.21,5281752
2006-03-21,1677.64,1677.64,1650.66,1668.59,1888157
2006-03-22,1669.49,1883.16,1665.87,1883.16,15127645
2006-03-23,1905.79,1945.63,1744.54,1810.73,10566309
2006-03-24,1811.63,1825.21,1783.57,1800.77,6422485
2006-03-27,1800.77,1806.2,1754.6,1763.65,3792652
2006-03-28,1771.8,1798.96,1729.25,1732.87,4452896
2006-03-29,1737.39,1764.55,1708.42,1741.92,4232561
2006-03-30,1741.01,1769.99,1741.01,1763.65,2062259
2006-03-31,1768.18,1772.7,1741.01,1745.54,2222679
2006-04-03,1745.54,1769.08,1738.75,1747.35,2592189
2006-04-04,1750.07,1750.07,1729.25,1734.68,4121663
2006-04-05,1742.83,1749.16,1723.87,1731.06,1887270
2006-04-06,1737.39,1738.3,1680.36,1729.25,2980450
2006-04-07,1729.25,1741.56,1727.14,1731.06,4246977
2006-04-10,1722.91,1737.39,1714.76,1730.15,2581376
2006-04-11,1734.68,1734.68,1671.3,1677.64,3904942
2006-04-12,1668.59,1681.26,1641.42,1672.21,5340352
2006-04-13,1674.92,1717.48,1674.92,1710.23,5322172
2006-04-18,1717.48,1743.73,1717.48,1730.15,4826642
2006-04-19,1747.35,1768.18,1736.4,1747.35,3879225
2006-04-20,1750.07,1750.07,1720.19,1735.58,2290890
2006-04-21,1745.54,1751.88,1736.49,1741.92,1854977
2006-04-24,1736.49,1742.83,1720.19,1723.81,2230308
2006-04-25,1734.68,1745.54,1711.14,1711.14,2686771
2006-04-26,1720.19,1760.03,1688.5,1693.03,3744297
2006-04-27,1693.94,1695.75,1670.4,1687.6,4983456
2006-04-28,1687.6,1693.03,1674.92,1678.54,3340908
2006-05-02,1670.4,1689.41,1662.25,1673.11,3944085
2006-05-03,1678.54,1693.03,1636.43,1670.4,2543195
2006-05-04,1665.87,1720.19,1665.87,1714.76,5410595
2006-05-05,1710.23,1728.34,1704.8,1724.72,3263409
2006-05-08,1735.58,1752.78,1732.87,1741.92,3678783
2006-05-09,1747.35,1757.31,1739.2,1753.69,2022371
2006-05-10,1748.26,1759.12,1743.73,1747.35,2975890
2006-05-11,1741.92,1761.84,1725.62,1731.06,2398327
2006-05-12,1724.72,1731.0,1682.17,1693.94,3630029
2006-05-15,1692.13,1692.62,1624.31,1662.25,4478173
2006-05-16,1658.63,1687.6,1629.66,1661.34,5761737
2006-05-17,1683.98,1710.23,1584.39,1587.1,5302308
2006-05-18,1581.67,1614.26,1562.66,1579.86,5664254
2006-05-19,1570.81,1606.12,1557.28,1597.06,2692718
2006-05-22,1600.68,1602.44,1520.11,1526.44,4265336
2006-05-23,1543.65,1620.6,1541.83,1611.55,6869033
2006-05-24,1588.91,1616.98,1573.29,1594.35,6040949
2006-05-25,1605.21,1633.28,1571.17,1630.56,5584067
2006-05-26,1655.01,1678.54,1631.47,1678.54,4424805
2006-05-30,1678.54,1689.41,1616.07,1616.07,5479840
2006-05-31,1615.17,1675.19,1558.13,1647.76,3837222
2006-06-01,1643.24,1646.86,1608.83,1628.75,2440216
2006-06-02,1658.63,1658.63,1629.66,1635.09,2062787
2006-06-05,1634.18,1642.33,1611.55,1630.56,2559992
2006-06-06,1622.41,1622.41,1580.77,1585.29,3702348
2006-06-07,1585.29,1602.49,1572.62,1594.35,2885342
2006-06-08,1558.13,1598.82,1551.79,1553.6,3064161
2006-06-09,1563.56,1568.09,1534.59,1559.04,3131841
2006-06-12,1558.13,1612.1,1549.98,1573.52,2900977
2006-06-13,1550.89,1562.66,1532.28,1545.46,3909936
2006-06-14,1554.51,1574.43,1533.69,1562.66,3517149
2006-06-15,1570.81,1616.98,1568.09,1608.83,4662549
2006-06-16,1626.94,1632.37,1539.12,1577.14,3364989
2006-06-19,1597.06,1619.7,1588.91,1607.93,2942668
2006-06-20,1600.68,1618.18,1574.43,1604.31,1645009
2006-06-21,1590.72,1590.72,1557.23,1578.95,2440817
2006-06-22,1597.97,1607.02,1560.85,1570.81,2766040
2006-06-23,1574.43,1588.01,1562.66,1568.09,1945467
2006-06-26,1571.71,1607.52,1568.09,1573.52,2431134
2006-06-27,1587.1,1588.91,1559.04,1563.56,3382720
2006-06-28,1571.47,1585.29,1557.23,1579.86,2747414
2006-06-29,1585.29,1602.49,1572.62,1599.78,3384729
2006-06-30,1619.7,1632.37,1602.49,1624.22,3016001
2006-07-03,1630.56,1655.91,1628.75,1655.01,2910835
2006-07-04,1649.57,1701.87,1649.57,1701.18,3880797
2006-07-05,1690.31,1696.65,1664.06,1670.4,2908800
2006-07-06,1676.73,1705.71,1664.06,1702.99,2581871
2006-07-07,1694.84,1704.8,1679.9,1693.94,1316113
2006-07-10,1702.08,1710.05,1686.69,1690.31,1752078
2006-07-11,1693.94,1706.61,1674.92,1681.26,1957390
2006-07-12,1686.69,1707.52,1675.83,1685.79,1478645
2006-07-13,1674.02,1677.82,1651.38,1655.91,1263961
2006-07-14,1631.47,1654.1,1631.47,1639.61,1794310
2006-07-17,1645.95,1652.29,1608.83,1647.76,2058500
2006-07-18,1644.47,1649.57,1623.32,1645.05,1455305
2006-07-19,1655.01,1691.22,1645.95,1691.22,2804856
2006-07-20,1693.03,1717.48,1674.02,1682.17,2381255
2006-07-21,1681.26,1683.07,1661.34,1676.73,1317810
2006-07-24,1684.88,1750.97,1678.54,1740.11,3799285
2006-07-25,1740.11,1758.22,1725.62,1747.35,2941151
2006-07-26,1751.88,1765.46,1732.87,1755.5,2989192
2006-07-27,1757.31,1788.09,1735.57,1776.32,2392923
2006-07-28,1765.46,1800.77,1765.46,1794.43,1497558
2006-07-31,1784.47,1807.56,1765.19,1786.28,2185679
2006-08-01,1786.28,1799.86,1750.97,1758.22,1605859
2006-08-02,1762.74,1803.49,1762.74,1788.09,2628791
2006-08-03,1783.57,1788.09,1718.38,1741.01,4463675
2006-08-04,1741.01,1769.08,1717.48,1764.55,2003182
2006-08-07,1756.41,1759.12,1742.83,1744.64,2165192
2006-08-08,1759.12,1769.08,1753.69,1760.03,3950351
2006-08-09,1767.27,1786.28,1735.58,1744.64,3177912
2006-08-10,1722.91,1743.73,1694.84,1736.49,3057997
2006-08-11,1743.73,1760.03,1718.8,1756.41,2523639
2006-08-14,1780.85,1780.85,1753.69,1763.65,1455609
2006-08-15,1765.46,1777.23,1753.69,1765.46,3195137
2006-08-16,1769.08,1779.95,1740.11,1750.97,2930323
2006-08-17,1751.88,1761.84,1745.64,1748.26,1635762
2006-08-18,1754.6,1758.22,1738.3,1741.01,1842538
2006-08-21,1740.11,1747.35,1729.25,1733.77,1411259
2006-08-22,1741.01,1750.97,1730.15,1740.11,3086461
2006-08-23,1747.35,1760.93,1708.42,1708.42,1341361
2006-08-24,1718.38,1731.06,1712.95,1725.62,1853427
2006-08-25,1721.1,1731.96,1674.42,1724.72,1026909
2006-08-29,1736.49,1747.25,1723.81,1728.34,1802887
2006-08-30,1728.34,1740.11,1714.76,1716.57,2856182
2006-08-31,1725.62,1725.62,1694.84,1714.76,1780541
2006-09-01,1714.76,1742.83,1712.95,1736.49,1520521
2006-09-04,1733.77,1742.83,1720.19,1738.3,833404
2006-09-05,1744.64,1745.54,1720.19,1727.43,3072799
2006-09-06,1731.96,1739.2,1708.42,1712.95,2613960
2006-09-07,1712.95,1724.72,1692.8,1695.75,3848327
2006-09-08,1695.75,1709.33,1688.5,1692.13,915119
2006-09-11,1683.98,1710.23,1679.45,1707.52,1584416
2006-09-12,1715.66,1715.66,1652.29,1702.99,4234348
2006-09-13,1711.14,1721.1,1697.3,1711.14,2074151
2006-09-14,1708.42,1738.3,1702.08,1711.14,2631090
2006-09-15,1714.76,1747.35,1712.95,1734.68,2936144
2006-09-18,1732.87,1745.54,1718.38,1736.49,1415141
2006-09-19,1740.11,1747.53,1725.62,1731.06,1783050
2006-09-20,1737.39,1740.56,1720.19,1735.58,3066827
2006-09-21,1743.73,1743.73,1719.29,1728.34,2297942
2006-09-22,1723.81,1728.34,1702.08,1712.95,2269293
2006-09-25,1716.57,1738.3,1710.23,1718.38,2915058
2006-09-26,1722.0,1739.2,1717.48,1731.96,3371532
2006-09-27,1731.96,1763.62,1731.96,1762.74,2394177
2006-09-28,1758.22,1777.23,1757.31,1774.51,1501746
2006-09-29,1784.47,1801.67,1772.7,1781.76,3006390
2006-10-02,1781.76,1800.77,1773.61,1787.19,3353948
2006-10-03,1792.62,1792.62,1760.03,1777.23,3323301
2006-10-04,1781.76,1792.58,1755.5,1769.08,3575400
2006-10-05,1782.66,1792.62,1765.46,1790.81,2895034
2006-10-06,1790.81,1803.49,1782.71,1801.67,2892546
2006-10-09,1805.3,1820.69,1787.19,1795.34,2723308
2006-10-10,1801.67,1816.71,1792.62,1816.16,3894003
2006-10-11,1819.78,1819.78,1801.67,1817.97,3724918
2006-10-12,1824.31,1839.0,1814.35,1837.89,1419540
2006-10-13,1837.89,1857.9,1829.74,1845.13,2556015
2006-10-16,1850.56,1869.58,1847.49,1857.81,2090062
2006-10-17,1861.43,1864.6,1832.46,1836.08,2517152
2006-10-18,1848.75,1865.96,1836.98,1851.47,1382258
2006-10-19,1851.47,1914.84,1831.55,1836.98,1513792
2006-10-20,1836.98,1847.85,1828.84,1841.51,3301063
2006-10-23,1851.47,1873.2,1843.32,1864.14,1957429
2006-10-24,1871.39,1876.82,1851.47,1864.14,1747530
2006-10-25,1867.77,1887.68,1856.0,1862.33,2204809
2006-10-26,1872.81,1872.81,1847.85,1854.19,2113806
2006-10-27,1858.71,1883.16,1858.71,1873.2,2490541
2006-10-30,1873.2,1875.01,1855.09,1869.58,1259127
2006-10-31,1862.33,1906.7,1856.9,1897.64,10675436
2006-11-01,1884.97,1932.95,1884.97,1895.83,9471377
2006-11-02,1898.55,1898.55,1873.2,1883.16,2438734
2006-11-03,1895.83,1916.02,1864.14,1872.29,2414903
2006-11-06,1872.29,1894.02,1859.62,1889.49,3646983
2006-11-07,1894.02,1922.99,1887.68,1920.28,3457452
2006-11-08,1920.28,1934.76,1908.51,1932.95,2654456
2006-11-09,1937.48,1944.72,1913.9,1938.38,1971864
2006-11-10,1932.95,1954.68,1932.95,1948.34,1822799
2006-11-13,1955.59,1970.98,1936.57,1959.21,2002204
2006-11-14,1959.21,1966.45,1946.53,1960.11,1638583
2006-11-15,1989.08,1989.08,1953.88,1970.07,2938611
2006-11-16,1968.26,1993.61,1953.78,1989.99,2463503
2006-11-17,1995.42,2012.62,1976.41,1993.61,2265563
2006-11-20,1989.99,2028.11,1979.13,2020.77,2707440
2006-11-21,2026.2,2057.89,2014.43,2037.97,10578332
2006-11-22,2046.12,2062.42,1994.52,2009.91,3620528
2006-11-23,2018.06,2018.06,1961.02,1968.26,3589574
2006-11-24,1969.17,1978.22,1924.44,1975.5,3174789
2006-11-27,1982.75,1988.18,1938.38,1938.38,3833305
2006-11-28,1943.82,1943.82,1918.47,1926.61,2679195
2006-11-29,1938.38,1938.38,1913.03,1913.94,3530684
2006-11-30,1922.09,1930.24,1902.17,1923.9,3640418
2006-12-01,1938.38,1942.23,1904.89,1911.22,1820957
2006-12-04,1909.41,1951.96,1909.41,1937.48,2767009
2006-12-05,1937.48,1969.92,1922.31,1961.92,3829430
2006-12-06,1949.25,1951.24,1931.14,1946.53,2535785
2006-12-07,1941.1,1950.15,1926.61,1938.38,1328498
2006-12-08,1938.38,1953.78,1928.23,1950.15,1833881
2006-12-11,1961.02,1975.5,1953.41,1966.45,1468183
2006-12-12,1966.45,1972.79,1949.25,1964.64,2912306
2006-12-13,1970.98,1978.39,1951.96,1976.41,4445285
2006-12-14,1989.99,2005.38,1979.13,2005.38,3053721
2006-12-15,2002.67,2020.23,1998.14,2009.91,4585330
2006-12-18,2020.77,2020.77,1998.14,2010.81,2084433
2006-12-19,1999.04,2007.19,1984.56,1999.95,2191656
2006-12-20,2009.91,2021.68,1991.44,2011.72,2086187
2006-12-21,2011.72,2025.3,2002.67,2018.06,1181919
2006-12-22,2023.49,2032.54,2010.81,2028.02,466094
2006-12-27,2037.07,2065.14,2023.49,2065.14,1665052
2006-12-28,2078.72,2112.58,2075.09,2097.73,3357345
2006-12-29,2108.59,2124.79,2081.43,2103.16,2031636
2007-01-02,2118.55,2128.51,2095.01,2112.21,3031150
2007-01-03,2103.16,2127.61,2103.16,2118.55,2876838
2007-01-04,2117.65,2133.94,2077.81,2095.01,4313680
2007-01-05,2083.24,2093.2,2060.61,2066.95,3460046
2007-01-08,2066.95,2066.95,1990.9,2000.85,7979589
2007-01-09,2016.25,2016.25,1994.52,1999.04,4770745
2007-01-10,1997.23,1999.04,1973.69,1994.52,3861518
2007-01-11,1996.33,2009.0,1913.94,1960.11,5700298
2007-01-12,1968.26,1974.6,1948.34,1971.88,4235598
2007-01-15,1973.69,2000.85,1962.69,1968.26,2775414
2007-01-16,1959.21,1974.15,1939.29,1945.63,4066757
2007-01-17,1957.4,1980.03,1925.53,1936.57,5897509
2007-01-18,1950.15,1961.02,1919.37,1925.71,2749920
2007-01-19,1940.2,1962.92,1917.56,1951.06,3982032
2007-01-22,1955.59,1976.41,1949.25,1967.36,3076018
2007-01-23,1967.53,1981.84,1949.25,1962.83,1982503
2007-01-24,1977.31,2013.53,1975.5,2004.48,2776882
2007-01-25,2014.43,2027.11,1993.61,2006.29,4092524
2007-01-26,1998.14,2002.67,1965.55,1981.84,3354330
2007-01-29,1968.26,1981.84,1964.64,1970.98,3016413
2007-01-30,1973.69,1975.5,1946.13,1955.59,3429618
2007-01-31,1962.83,1968.26,1923.9,1937.48,5510214
2007-02-01,1953.78,1973.11,1951.96,1965.55,5311076
2007-02-02,1974.6,2018.96,1974.6,2014.43,4499360
2007-02-05,2018.06,2049.74,1998.14,2038.88,3895513
2007-02-06,2050.65,2062.42,1957.7,2040.69,3565360
2007-02-07,2049.74,2065.14,2039.79,2059.7,3397904
2007-02-08,2072.38,2072.38,2006.29,2025.3,5778817
2007-02-09,2039.79,2052.46,2011.72,2049.74,2591788
2007-02-12,2047.93,2047.93,2029.65,2037.07,2506743
2007-02-13,2028.02,2041.63,1989.99,2010.81,3643256
2007-02-14,2016.25,2057.89,2009.91,2056.99,6616748
2007-02-15,2065.14,2065.14,2030.73,2051.55,3707276
2007-02-16,2053.37,2070.57,2046.12,2068.76,2406481
2007-02-19,2077.81,2082.34,2065.14,2076.91,1225595
2007-02-20,2049.74,2049.74,2019.87,2027.11,4761384
2007-02-21,2044.31,2047.03,2000.85,2002.67,4310457
2007-02-22,2009.91,2025.3,1969.17,1976.41,5593808
2007-02-23,1986.37,1999.04,1981.39,1989.99,5316514
2007-02-26,1991.8,2000.85,1883.16,1967.36,3544931
2007-02-27,1966.45,1966.45,1884.06,1886.78,6017132
2007-02-28,1857.81,1903.98,1821.59,1863.24,10759355
2007-03-01,1872.29,1896.74,1799.86,1830.65,4963463
2007-03-02,1846.94,1857.81,1813.44,1817.97,4013469
2007-03-05,1784.47,1832.88,1763.65,1799.86,3485717
2007-03-06,1826.12,1833.36,1801.67,1820.69,4007208
2007-03-07,1820.69,1884.06,1820.69,1871.39,4497861
2007-03-08,1861.43,1897.64,1861.43,1893.12,7492739
2007-03-09,1911.22,1913.03,1875.91,1904.89,2866615
2007-03-12,1923.9,1927.16,1871.39,1871.39,3516951
2007-03-13,1871.39,1893.12,1842.42,1842.42,2419078
2007-03-14,1803.49,1873.54,1778.13,1779.04,3080830
2007-03-15,1803.49,1825.21,1781.76,1817.07,3993102
2007-03-16,1817.07,1844.23,1806.2,1842.42,5465345
2007-03-19,1847.85,1880.44,1846.04,1871.39,3331114
2007-03-20,1872.29,1926.61,1872.29,1922.99,4955420
2007-03-21,1923.9,1984.56,1923.9,1974.6,5491899
2007-03-22,1991.8,2009.91,1947.44,1962.83,5223411
2007-03-23,1970.98,1970.98,1934.76,1951.06,4315881
2007-03-26,1958.3,1965.55,1921.18,1931.14,1838438
2007-03-27,1945.63,1951.06,1923.9,1940.2,2538229
2007-03-28,1946.53,1955.59,1884.97,1888.59,2834196
2007-03-29,1902.17,1914.84,1881.35,1911.22,2140272
2007-03-30,1924.8,1944.72,1895.83,1937.48,4370155
2007-04-02,1951.06,1968.26,1941.1,1968.26,5503532
2007-04-03,1981.84,1981.84,1944.72,1956.49,3543464
2007-04-04,1975.5,1981.84,1951.96,1956.49,2791843
2007-04-05,1966.45,1966.45,1934.76,1959.21,2254099
2007-04-10,1980.94,1990.9,1963.73,1989.99,2352909
2007-04-11,1989.99,2005.38,1955.87,1971.88,3120423
2007-04-12,1976.41,1976.41,1916.66,1932.95,4540891
2007-04-13,1943.82,1945.63,1917.56,1930.24,3329731
2007-04-16,1943.82,1943.82,1917.56,1932.95,2448548
2007-04-17,1928.43,1931.14,1881.35,1899.45,3044729
2007-04-18,1904.89,1904.89,1844.23,1855.09,4566300
2007-04-19,1846.94,1855.09,1818.64,1839.7,4725701
2007-04-20,1856.0,1858.46,1834.27,1837.89,3206635
2007-04-23,1854.19,1857.81,1838.79,1849.66,2800861
2007-04-24,1862.33,1862.33,1816.16,1825.21,2309785
2007-04-25,1838.79,1847.85,1816.16,1826.12,3055406
2007-04-26,1843.32,1850.56,1800.77,1808.92,2868790
2007-04-27,1808.92,1808.92,1769.08,1779.95,5890211
2007-04-30,1774.51,1796.24,1769.99,1776.32,2422484
2007-05-01,1786.28,1793.85,1760.93,1764.55,1879424
2007-05-02,1765.46,1809.82,1764.58,1804.39,2961101
2007-05-03,1809.82,1848.75,1805.3,1831.55,3972538
2007-05-04,1830.65,1846.94,1817.07,1842.42,3118705
2007-05-08,1846.04,1846.94,1801.67,1806.2,3749418
2007-05-09,1806.2,1823.4,1783.57,1792.62,4332227
2007-05-10,1810.73,1859.62,1792.62,1803.49,6748189
2007-05-11,1800.77,1836.98,1782.66,1805.3,5960265
2007-05-14,1821.59,1827.02,1797.15,1814.35,2888637
2007-05-15,1822.5,1840.15,1812.54,1827.02,5682920
2007-05-16,1810.73,1824.31,1739.2,1751.88,9558726
2007-05-17,1764.55,1778.99,1724.72,1736.49,4299313
2007-05-18,1738.3,1752.51,1709.33,1711.14,4827713
2007-05-21,1702.99,1735.58,1702.08,1719.29,3113602
2007-05-22,1720.19,1750.97,1700.27,1734.68,5257416
2007-05-23,1747.35,1753.69,1735.67,1743.73,5146379
2007-05-24,1728.34,1746.45,1709.33,1713.85,4848589
2007-05-25,1712.04,1713.9,1675.83,1682.17,6754865
2007-05-29,1693.94,1693.94,1671.3,1678.54,4024760
2007-05-30,1667.68,1715.66,1662.25,1709.33,8506555
2007-05-31,1718.38,1775.42,1718.38,1761.84,8169866
2007-06-01,1779.04,1783.57,1759.33,1766.37,6623767
2007-06-04,1738.3,1776.32,1731.96,1737.39,5258357
2007-06-05,1745.54,1745.54,1693.03,1699.37,4586945
2007-06-06,1705.71,1711.14,1638.71,1649.57,4657671
2007-06-07,1657.72,1668.59,1578.95,1590.72,11031047
2007-06-08,1590.72,1617.6,1570.81,1604.31,7241892
2007-06-11,1606.12,1634.18,1597.97,1625.13,4900063
2007-06-12,1635.99,1647.76,1620.6,1626.03,5738283
2007-06-13,1626.03,1649.57,1613.36,1632.37,6151409
2007-06-14,1644.14,1674.92,1639.61,1660.44,4630331
2007-06-15,1670.4,1692.13,1655.01,1683.07,4946132
2007-06-18,1700.27,1707.06,1642.33,1656.82,3654611
2007-06-19,1663.15,1673.11,1648.67,1657.72,4759838
2007-06-20,1647.76,1651.38,1611.55,1622.41,3614300
2007-06-21,1620.6,1620.6,1550.89,1566.28,8807620
2007-06-22,1576.24,1588.83,1537.31,1541.83,7191162
2007-06-25,1529.16,1554.51,1523.96,1549.98,4490486
2007-06-26,1548.17,1584.52,1534.59,1557.23,7459064
2007-06-27,1545.46,1566.82,1532.78,1563.56,5369681
2007-06-28,1580.77,1605.21,1548.87,1580.77,5696229
2007-06-29,1593.44,1600.32,1551.93,1578.05,9373036
2007-07-02,1577.14,1582.58,1540.93,1548.17,5531245
2007-07-03,1559.04,1587.1,1554.83,1568.09,6527295
2007-07-04,1583.48,1610.64,1575.33,1600.68,7215836
2007-07-05,1597.97,1628.75,1591.63,1600.68,5376706
2007-07-06,1600.68,1626.03,1584.39,1600.68,5983788
2007-07-09,1600.68,1620.6,1579.86,1585.29,4380528
2007-07-10,1579.86,1598.87,1554.51,1562.66,4617770
2007-07-11,1548.17,1646.58,1534.59,1552.7,4869710
2007-07-12,1553.6,1565.37,1528.25,1559.94,5095448
2007-07-13,1578.05,1601.59,1557.23,1584.39,6655502
2007-07-16,1591.29,1613.36,1566.28,1583.48,5486496
2007-07-17,1584.39,1584.39,1535.5,1543.65,7367766
2007-07-18,1534.59,1586.2,1529.91,1563.56,7313746
2007-07-19,1571.71,1639.61,1564.47,1616.07,8737810
2007-07-20,1619.7,1625.13,1600.68,1605.21,4532111
2007-07-23,1608.83,1613.21,1560.85,1582.58,3940978
2007-07-24,1583.48,1585.11,1555.42,1555.42,3983385
2007-07-25,1557.23,1575.33,1548.17,1549.98,5651759
2007-07-26,1553.6,1559.85,1461.26,1465.78,9621514
2007-07-27,1453.11,1531.74,1444.96,1473.93,8438645
2007-07-30,1482.08,1491.0,1450.39,1478.46,6295028
2007-07-31,1484.8,1543.65,1483.4,1531.88,8228267
2007-08-01,1502.0,1537.31,1475.74,1501.09,7076108
2007-08-02,1513.77,1521.01,1491.13,1505.62,4307810
2007-08-03,1513.77,1513.77,1482.99,1486.61,5030915
2007-08-06,1464.88,1521.01,1460.35,1504.71,8767703
2007-08-07,1504.71,1537.31,1500.65,1534.59,7595325
2007-08-08,1534.59,1618.79,1534.59,1609.74,7848654
2007-08-09,1608.83,1624.22,1545.46,1563.56,7808027
2007-08-10,1540.02,1575.5,1501.09,1530.97,6428123
2007-08-13,1550.89,1585.29,1527.91,1577.14,5344819
2007-08-14,1568.09,1598.87,1541.83,1550.89,5415041
2007-08-15,1552.7,1593.44,1526.44,1571.71,5750499
2007-08-16,1545.46,1577.14,1534.59,1550.89,8732085
2007-08-17,1557.23,1623.32,1531.88,1594.35,7894679
2007-08-20,1607.02,1616.07,1553.6,1564.47,5457459
2007-08-21,1582.58,1588.01,1540.93,1584.39,3831513
2007-08-22,1597.06,1649.57,1594.35,1640.52,5151530
2007-08-23,1605.77,1664.06,1597.06,1612.45,7600183
2007-08-24,1617.89,1638.71,1597.06,1628.75,3443267
2007-08-28,1636.9,1637.72,1575.33,1587.1,2493883
2007-08-29,1572.62,1614.26,1565.37,1607.02,3272519
2007-08-30,1619.7,1639.93,1610.64,1614.26,6891527
2007-08-31,1630.56,1650.48,1610.64,1640.52,5857057
2007-09-03,1655.01,1655.01,1629.66,1640.52,3575108
2007-09-04,1635.99,1657.72,1618.79,1654.1,3236153
2007-09-05,1683.98,1688.5,1642.33,1654.1,8919583
2007-09-06,1674.02,1677.64,1623.32,1645.95,3844691
2007-09-07,1653.19,1655.91,1573.52,1583.48,4567222
2007-09-10,1588.91,1590.72,1533.69,1541.83,5192840
2007-09-11,1562.66,1597.97,1532.78,1594.35,5766282
2007-09-12,1599.78,1603.4,1563.56,1579.86,2262441
2007-09-13,1579.86,1582.58,1552.7,1569.9,2604767
2007-09-14,1553.6,1559.94,1494.76,1511.05,6049374
2007-09-17,1499.28,1505.62,1424.14,1425.95,8448696
2007-09-18,1417.8,1487.51,1410.56,1473.93,7042102
2007-09-19,1524.63,1550.89,1428.51,1516.48,6674312
2007-09-20,1505.62,1516.48,1479.36,1497.47,3441790
2007-09-21,1490.23,1517.39,1480.27,1502.9,6642651
2007-09-24,1490.23,1503.81,1474.84,1481.18,4190079
2007-09-25,1479.36,1498.38,1460.35,1471.22,3543905
2007-09-26,1472.12,1502.9,1472.12,1496.57,2870073
2007-09-27,1501.09,1551.79,1501.09,1532.78,4997708
2007-09-28,1530.07,1544.55,1503.81,1522.82,2757336
2007-10-01,1511.96,1540.02,1506.53,1529.16,3912632
2007-10-02,1539.12,1562.66,1522.82,1555.42,4068967
2007-10-03,1554.51,1574.43,1544.55,1568.09,1859750
2007-10-04,1559.04,1594.02,1559.04,1578.05,3186473
2007-10-05,1576.24,1578.95,1498.38,1527.35,8888426
2007-10-08,1533.69,1549.02,1492.95,1493.85,3728550
2007-10-09,1498.38,1540.02,1475.74,1532.78,6353324
2007-10-10,1545.46,1552.7,1518.3,1537.31,4160651
2007-10-11,1537.31,1547.27,1497.4,1507.43,4425373
2007-10-12,1497.47,1515.58,1482.99,1494.76,3451057
2007-10-15,1494.76,1502.9,1458.54,1470.31,1914788
2007-10-16,1458.54,1494.17,1444.06,1469.41,2922897
2007-10-17,1477.55,1491.13,1439.9,1461.26,4114857
2007-10-18,1457.64,1484.8,1410.56,1425.95,7166881
2007-10-19,1425.95,1454.92,1402.41,1407.84,4655266
2007-10-22,1374.34,1412.37,1374.34,1393.36,3164010
2007-10-23,1412.37,1433.19,1399.33,1414.18,5106723
2007-10-24,1405.12,1413.27,1387.02,1397.88,5854153
2007-10-25,1415.99,1426.85,1380.68,1403.31,3971494
2007-10-26,1406.03,1433.19,1382.49,1424.14,3430543
2007-10-29,1444.96,1446.77,1405.12,1421.42,3178469
2007-10-30,1413.27,1454.92,1413.27,1447.68,4057354
2007-10-31,1461.26,1496.57,1448.58,1488.42,5112974
2007-11-01,1482.99,1502.9,1435.0,1454.92,4146760
2007-11-02,1441.34,1454.01,1417.8,1435.91,3168037
2007-11-05,1430.48,1444.96,1414.18,1424.14,2779672
2007-11-06,1430.48,1446.77,1398.61,1403.31,3073025
2007-11-07,1415.08,1421.42,1371.63,1383.4,2715476
2007-11-08,1377.96,1389.73,1336.32,1348.99,6557381
2007-11-09,1380.68,1401.5,1340.84,1361.67,5439293
2007-11-12,1367.1,1406.03,1361.67,1400.6,4204926
2007-11-13,1398.79,1427.76,1385.21,1419.61,3401140
2007-11-14,1443.15,1462.16,1377.06,1398.79,4397361
2007-11-15,1400.6,1402.41,1349.9,1358.05,5553508
2007-11-16,1352.61,1352.61,1294.67,1329.98,5531604
2007-11-19,1333.6,1348.99,1241.25,1246.69,6052418
2007-11-20,1254.83,1359.86,1248.5,1337.22,6981893
2007-11-21,1310.97,1346.28,1296.48,1314.59,5596027
2007-11-22,1318.21,1379.77,1293.77,1368.01,4379798
2007-11-23,1365.29,1415.08,1364.38,1383.4,4727252
2007-11-26,1396.98,1404.22,1312.78,1321.83,4537092
2007-11-27,1314.59,1340.84,1287.43,1312.78,5371440
2007-11-28,1313.68,1354.42,1301.01,1338.13,5210358
2007-11-29,1348.99,1372.53,1325.45,1347.18,4701273
2007-11-30,1348.99,1391.54,1341.75,1363.48,5362506
2007-12-03,1360.76,1400.6,1356.24,1376.15,4255860
2007-12-04,1380.68,1380.68,1321.83,1328.17,3633392
2007-12-05,1332.7,1369.82,1326.36,1364.38,4388505
2007-12-06,1377.06,1431.38,1361.67,1377.06,5263799
2007-12-07,1393.36,1416.89,1368.01,1384.3,4193586
2007-12-10,1376.15,1406.03,1372.53,1396.98,3050428
2007-12-11,1406.94,1407.84,1365.29,1377.06,2868848
2007-12-12,1358.95,1383.4,1332.7,1365.29,3461226
2007-12-13,1340.84,1363.48,1309.16,1309.16,4821306
2007-12-14,1324.55,1333.6,1284.71,1307.35,3171406
2007-12-17,1283.81,1299.2,1271.13,1281.09,5154271
2007-12-18,1271.13,1301.91,1271.13,1286.52,3588815
2007-12-19,1288.33,1310.97,1274.75,1284.71,3048044
2007-12-20,1292.86,1313.68,1283.81,1305.53,2745649
2007-12-21,1313.68,1327.26,1299.2,1323.64,4947602
2007-12-24,1310.06,1355.33,1310.06,1344.47,604757
2007-12-27,1339.03,1356.24,1329.07,1341.75,1547396
2007-12-28,1336.32,1361.67,1336.32,1356.24,1282547
2007-12-31,1345.37,1373.44,1332.7,1363.48,920039
2008-01-02,1349.9,1392.45,1342.65,1358.95,2117273
2008-01-03,1365.29,1380.68,1320.93,1349.9,3762404
2008-01-04,1343.56,1366.19,1308.25,1333.6,7213861
2008-01-07,1333.6,1341.75,1289.24,1306.44,5096401
2008-01-08,1307.35,1315.49,1279.28,1290.14,4495655
2008-01-09,1276.56,1312.78,1271.13,1289.24,4974290
2008-01-10,1297.39,1341.75,1296.48,1302.82,4796439
2008-01-11,1302.82,1363.48,1302.82,1323.64,5633862
2008-01-14,1333.6,1411.46,1310.97,1372.53,7340767
2008-01-15,1372.53,1382.49,1339.94,1344.47,6537478
2008-01-16,1336.32,1414.18,1319.04,1380.68,6958980
2008-01-17,1406.94,1452.2,1400.6,1407.84,7847929
2008-01-18,1408.75,1427.76,1370.72,1373.44,6448307
2008-01-21,1351.71,1392.45,1335.41,1358.95,5474506
2008-01-22,1321.83,1478.46,1319.12,1466.69,8979259
2008-01-23,1492.04,1494.76,1395.17,1438.62,7969447
2008-01-24,1488.42,1492.95,1416.89,1452.2,10737296
2008-01-25,1484.8,1484.8,1396.07,1412.37,6653468
2008-01-28,1404.22,1442.24,1385.21,1435.0,4524833
2008-01-29,1441.34,1453.11,1409.65,1437.72,3276873
2008-01-30,1435.91,1444.06,1388.83,1397.88,4322614
2008-01-31,1415.99,1447.68,1381.59,1442.24,4989355
2008-02-01,1466.69,1473.93,1430.48,1438.62,4504677
2008-02-04,1442.24,1477.55,1424.14,1461.26,2798413
2008-02-05,1448.58,1459.45,1394.26,1400.6,3943890
2008-02-06,1371.63,1415.99,1371.63,1402.41,3186500
2008-02-07,1403.31,1413.27,1375.25,1380.68,4369396
2008-02-08,1399.69,1419.61,1376.15,1411.46,2418010
2008-02-11,1402.41,1423.23,1387.92,1396.98,2122886
2008-02-12,1410.56,1438.62,1390.64,1438.62,3870538
2008-02-13,1435.0,1450.39,1412.37,1445.87,2916117
2008-02-14,1451.3,1456.73,1387.92,1406.03,3329049
2008-02-15,1411.46,1412.37,1361.67,1367.1,3457092
2008-02-18,1368.01,1395.17,1368.01,1385.21,3293618
2008-02-19,1382.49,1409.65,1371.63,1390.64,2864387
2008-02-20,1387.81,1392.45,1353.52,1388.83,3721735
2008-02-21,1399.69,1417.8,1386.11,1398.79,2274532
2008-02-22,1395.17,1415.08,1374.34,1392.45,2654299
2008-02-25,1404.22,1487.51,1404.22,1472.12,5154600
2008-02-26,1484.8,1490.23,1457.64,1489.32,3405659
2008-02-27,1479.36,1501.09,1462.16,1492.04,2892620
2008-02-28,1488.42,1491.13,1461.26,1467.6,2681309
2008-02-29,1464.88,1482.08,1418.71,1430.48,3491476
2008-03-03,1415.99,1450.39,1405.12,1418.71,2532567
2008-03-04,1429.57,1455.83,1400.6,1418.71,3551615
2008-03-05,1431.38,1475.74,1422.33,1465.78,3140087
2008-03-06,1466.69,1472.12,1436.81,1447.68,2658914
2008-03-07,1425.95,1432.29,1397.88,1404.22,3534251
2008-03-10,1404.22,1414.18,1352.61,1363.48,4865276
2008-03-11,1363.48,1427.76,1363.48,1398.79,4543888
2008-03-12,1419.61,1419.61,1385.21,1390.64,3056080
2008-03-13,1376.15,1376.15,1343.56,1365.29,3884873
2008-03-14,1364.38,1391.54,1350.8,1360.76,3982141
2008-03-17,1323.64,1331.79,1295.58,1298.29,4287501
2008-03-18,1320.02,1369.82,1317.3,1358.95,3528922
2008-03-19,1368.91,1383.4,1320.93,1348.09,5003639
2008-03-20,1328.17,1343.56,1310.06,1327.26,4879520
2008-03-25,1368.91,1409.65,1362.57,1378.87,3823073
2008-03-26,1373.44,1382.49,1354.42,1368.01,2102180
2008-03-27,1365.29,1397.88,1361.67,1390.64,2033183
2008-03-28,1390.64,1390.64,1348.99,1355.33,2835757
2008-03-31,1348.99,1366.19,1321.83,1366.19,4240133
2008-04-01,1358.05,1456.73,1358.05,1446.77,5119438
2008-04-02,1467.6,1467.6,1421.42,1445.87,3003266
2008-04-03,1446.77,1446.77,1399.69,1412.37,2517000
2008-04-04,1419.61,1419.61,1386.11,1397.88,2609511
2008-04-07,1416.89,1416.89,1367.1,1377.96,2800548
2008-04-08,1378.87,1385.21,1349.9,1383.4,2630459
2008-04-09,1371.63,1375.25,1354.42,1360.76,3610528
2008-04-10,1355.57,1378.87,1324.55,1346.28,3646399
2008-04-11,1346.88,1367.1,1314.59,1320.02,3050104
2008-04-14,1319.16,1336.32,1306.44,1328.17,1790596
2008-04-15,1331.79,1353.52,1310.06,1342.65,2619889
2008-04-16,1356.24,1373.44,1341.75,1369.82,2104150
2008-04-17,1378.87,1402.41,1369.82,1373.44,2075684
2008-04-18,1373.68,1412.37,1360.76,1406.94,2426875
2008-04-21,1414.18,1419.61,1351.71,1367.1,2615190
2008-04-22,1358.95,1366.19,1336.32,1346.28,2440921
2008-04-23,1346.51,1367.1,1328.17,1361.67,2184758
2008-04-24,1368.01,1368.01,1310.06,1344.47,2613980
2008-04-25,1355.33,1385.21,1343.56,1368.91,2598238
2008-04-28,1377.96,1410.56,1372.53,1397.88,1647407
2008-04-29,1397.88,1399.69,1370.72,1385.21,2151673
2008-04-30,1385.45,1401.5,1368.01,1394.26,1957725
2008-05-01,1383.06,1393.36,1362.57,1373.44,944143
2008-05-02,1393.36,1433.19,1381.59,1419.61,2882931
2008-05-06,1392.45,1404.22,1374.34,1396.98,1881726
2008-05-07,1397.22,1406.03,1364.38,1372.53,2760545
2008-05-08,1372.77,1385.21,1355.33,1371.63,2451632
2008-05-09,1369.82,1369.82,1336.32,1347.18,1952763
2008-05-12,1347.08,1359.86,1332.7,1337.22,1112719
2008-05-13,1337.37,1339.94,1304.63,1329.07,2567887
2008-05-14,1329.31,1347.18,1309.16,1328.17,2407280
2008-05-15,1332.7,1363.48,1320.93,1351.71,1925827
2008-05-16,1364.38,1371.63,1339.94,1348.09,1804093
2008-05-19,1358.05,1361.67,1332.2,1345.37,1837036
2008-05-20,1345.18,1349.9,1317.3,1317.3,2167314
2008-05-21,1323.64,1336.32,1306.44,1323.64,2196974
2008-05-22,1314.59,1329.98,1303.72,1309.16,2393515
2008-05-23,1319.12,1319.12,1292.86,1295.58,2020380
2008-05-27,1298.29,1306.44,1272.04,1282.0,2461021
2008-05-28,1292.86,1311.87,1280.18,1300.1,2131261
2008-05-29,1303.72,1310.97,1269.32,1282.0,3342853
2008-05-30,1273.85,1296.48,1261.17,1278.37,3146156
2008-06-02,1280.06,1281.09,1238.54,1272.94,4563252
2008-06-03,1272.94,1305.53,1265.7,1301.91,4894074
2008-06-04,1314.59,1324.55,1290.14,1316.4,3530616
2008-06-05,1320.93,1339.94,1305.53,1318.21,1929388
2008-06-06,1329.07,1342.65,1280.18,1282.9,3097127
2008-06-09,1282.0,1292.86,1245.78,1251.21,2749278
2008-06-10,1243.97,1263.89,1227.67,1240.35,2706561
2008-06-11,1244.88,1248.5,1205.94,1229.48,4654866
2008-06-12,1226.77,1250.31,1219.53,1241.25,2763084
2008-06-13,1236.73,1267.51,1215.0,1255.74,3167914
2008-06-16,1244.88,1264.79,1241.25,1258.46,3290432
2008-06-17,1265.7,1283.81,1247.59,1253.93,3068170
2008-06-18,1233.11,1234.01,1200.51,1205.94,5083479
2008-06-19,1204.13,1212.28,1186.93,1192.36,3832969
2008-06-20,1192.36,1216.81,1187.84,1212.28,3533371
2008-06-23,1193.27,1193.27,1149.81,1154.34,5505103
2008-06-24,1150.72,1157.06,1135.73,1140.76,4692994
2008-06-25,1138.95,1172.45,1131.7,1167.92,3053681
2008-06-26,1167.92,1167.92,1111.79,1111.79,3642218
2008-06-27,1109.98,1124.46,1080.1,1115.41,3104238
2008-06-30,1111.79,1136.23,1091.87,1115.41,3530558
2008-07-01,1111.79,1123.56,1076.48,1095.49,4649913
2008-07-02,1097.3,1108.17,1055.65,1063.8,3728986
2008-07-03,1050.22,1071.95,1036.64,1068.33,4424692
2008-07-04,1053.63,1078.29,1051.13,1065.61,1687417
2008-07-07,1081.0,1084.63,1062.9,1081.91,2181496
2008-07-08,1057.47,1093.68,1051.13,1089.15,4008956
2008-07-09,1101.83,1132.61,1097.3,1128.99,3776350
2008-07-10,1100.72,1118.12,1091.87,1097.3,2696200
2008-07-11,1100.02,1118.12,1057.47,1061.99,3801308
2008-07-14,1077.06,1118.12,1076.48,1087.34,3537997
2008-07-15,1075.57,1085.53,1017.63,1044.79,4170858
2008-07-16,1048.41,1058.37,994.09,1027.59,3983910
2008-07-17,1048.41,1071.05,1034.83,1050.22,4585577
2008-07-18,1058.37,1083.72,1028.49,1073.76,3292339
2008-07-21,1069.23,1150.72,1052.03,1136.23,4273021
2008-07-22,1131.7,1140.76,1098.21,1133.52,3242197
2008-07-23,1139.85,1192.36,1132.61,1174.26,2945987
2008-07-24,1179.69,1200.51,1148.0,1157.96,2284096
2008-07-25,1147.1,1147.1,1097.3,1133.52,3344192
2008-07-28,1123.56,1143.47,1101.83,1110.88,2138713
2008-07-29,1102.73,1121.75,1084.63,1111.79,2940532
2008-07-30,1133.52,1145.29,1118.12,1140.76,2595440
2008-07-31,1140.76,1180.59,1136.23,1169.73,3883155
2008-08-01,1170.64,1190.55,1156.15,1179.69,2464302
2008-08-04,1185.12,1202.32,1164.3,1199.61,2464692
2008-08-05,1201.42,1255.74,1186.03,1249.4,2880240
2008-08-06,1254.83,1258.46,1187.84,1217.71,4036437
2008-08-07,1210.47,1213.19,1182.41,1193.27,2949407
2008-08-08,1186.93,1222.24,1183.99,1216.81,1854791
2008-08-11,1228.58,1234.01,1204.13,1231.3,1403068
2008-08-12,1231.3,1252.5,1213.19,1252.12,2816268
2008-08-13,1245.78,1247.59,1180.59,1188.74,3957716
2008-08-14,1192.36,1210.47,1178.78,1194.18,2755518
2008-08-15,1206.85,1214.09,1180.59,1190.55,1957542
2008-08-18,1181.5,1198.7,1158.87,1186.93,1379839
2008-08-19,1176.07,1176.07,1131.7,1138.95,2714548
2008-08-20,1143.47,1165.2,1136.23,1152.53,2260135
2008-08-21,1144.38,1167.92,1136.23,1153.43,1916258
2008-08-22,1155.24,1215.9,1150.72,1196.89,2316713
2008-08-26,1175.16,1202.32,1163.39,1191.46,1583890
2008-08-27,1184.22,1186.93,1160.68,1167.92,1789182
2008-08-28,1172.45,1224.05,1169.73,1213.19,2652617
2008-08-29,1207.76,1248.5,1207.76,1231.3,2987147
2008-09-01,1214.09,1243.97,1205.04,1234.92,1228337
2008-09-02,1237.63,1262.08,1197.8,1202.32,3718828
2008-09-03,1188.74,1213.19,1161.58,1195.99,2586607
2008-09-04,1193.27,1207.76,1157.06,1159.77,2902412
2008-09-05,1147.1,1191.46,1144.38,1156.15,3632448
2008-09-08,1231.3,1234.01,1213.19,1213.19,1935084
2008-09-09,1222.24,1273.85,1215.0,1244.88,5432563
2008-09-10,1246.69,1299.2,1225.86,1285.62,6240209
2008-09-11,1286.52,1293.77,1224.96,1250.31,4637666
2008-09-12,1273.85,1289.24,1258.46,1282.0,3830977
2008-09-15,1224.05,1259.36,1201.42,1219.53,4982648
2008-09-16,1224.05,1252.06,1158.87,1163.39,6421664
2008-09-17,1170.64,1202.32,1142.57,1149.81,4823153
2008-09-18,1145.29,1185.12,1101.83,1101.83,7084871
2008-09-19,1627.84,1627.84,1142.57,1195.08,8120163
2008-09-22,1163.39,1226.77,1163.39,1175.16,4474542
2008-09-23,1145.29,1185.12,1100.92,1169.73,4198505
2008-09-24,1178.78,1189.65,1143.47,1167.01,2304087
2008-09-25,1188.74,1188.74,1141.66,1171.54,3857210
2008-09-26,1140.76,1189.65,1138.95,1163.39,3025066
2008-09-29,1131.7,1166.11,1076.48,1102.73,3871991
2008-09-30,1073.76,1136.23,1060.18,1131.7,4484986
2008-10-01,1153.43,1158.87,1122.65,1158.87,3465549
2008-10-02,1137.21,1184.22,1131.7,1167.92,3272754
2008-10-03,1176.12,1194.18,1144.38,1168.82,4552340
2008-10-06,1104.54,1179.69,1090.96,1109.07,4695683
2008-10-07,1145.29,1149.81,1047.51,1109.07,4713437
2008-10-08,1044.79,1146.19,1029.4,1070.14,5676631
2008-10-09,1070.14,1109.07,1052.94,1074.67,4158752
2008-10-10,989.56,1014.91,928.0,998.62,6845136
2008-10-13,992.8,1060.18,956.06,994.09,5503530
2008-10-14,1041.17,1048.41,1007.67,1047.51,5269812
2008-10-15,1028.96,1051.13,981.41,996.81,4651647
2008-10-16,947.01,995.0,937.96,974.17,4394566
2008-10-17,1010.39,1010.39,911.7,962.4,6036284
2008-10-20,1010.39,1010.39,956.06,982.32,3026510
2008-10-21,1002.24,1016.72,962.4,968.74,2748426
2008-10-22,966.93,966.93,918.94,928.0,4613428
2008-10-23,932.52,942.48,885.45,905.36,3929770
2008-10-24,881.82,890.88,833.84,869.6,6227117
2008-10-27,869.6,870.96,826.6,856.93,4278595
2008-10-28,882.73,898.57,860.1,863.26,3972360
2008-10-29,880.47,923.47,880.47,911.7,3942254
2008-10-30,943.39,968.74,918.94,950.63,3589592
2008-10-31,972.36,991.37,936.15,987.75,3497771
2008-11-03,968.74,1019.44,968.74,1009.48,2230411
2008-11-04,1023.06,1063.8,1006.76,1051.13,2649282
2008-11-05,1052.03,1081.0,1028.49,1068.33,2428636
2008-11-06,1025.78,1052.03,993.18,1024.87,4619152
2008-11-07,1026.68,1036.64,984.13,999.52,2790933
2008-11-10,1006.18,1030.3,956.06,965.12,3011009
2008-11-11,946.11,961.5,908.99,918.94,2763419
2008-11-12,918.94,956.97,894.5,918.04,2289782
2008-11-13,888.16,915.32,860.1,873.22,4493125
2008-11-14,909.89,913.51,859.64,869.6,3310942
2008-11-17,871.35,886.35,840.18,849.23,3436494
2008-11-18,850.59,867.79,819.35,845.16,3507557
2008-11-19,839.45,859.19,821.62,836.1,5739552
2008-11-20,807.13,827.5,800.34,822.52,5213387
2008-11-21,825.69,827.96,773.18,788.57,4170973
2008-11-24,796.72,815.28,791.29,810.3,3775435
2008-11-25,802.78,837.91,792.65,817.54,3958427
2008-11-26,801.25,829.77,800.79,814.83,2643141
2008-11-27,822.52,849.23,821.62,839.73,3029879
2008-11-28,848.78,856.93,832.93,855.57,2519328
2008-12-01,859.19,861.45,801.25,813.02,3783733
2008-12-02,790.38,824.33,772.73,810.3,6338224
2008-12-03,801.5,822.98,785.4,815.73,2777860
2008-12-04,818.9,878.2,812.56,814.83,3642648
2008-12-05,812.56,835.2,798.98,815.73,3014309
2008-12-08,846.52,869.6,832.93,841.08,3368821
2008-12-09,831.58,898.12,826.17,873.68,4538231
2008-12-10,863.26,888.16,842.89,852.85,3700450
2008-12-11,844.25,860.1,826.14,846.06,3133737
2008-12-12,812.56,837.46,805.32,833.39,3245392
2008-12-15,840.18,869.15,824.79,834.29,2920404
2008-12-16,828.41,837.46,796.27,826.6,2964056
2008-12-17,837.01,837.01,801.25,815.73,3605898
2008-12-18,825.69,858.74,815.73,846.06,2984727
2008-12-19,841.54,866.43,822.98,839.73,4107451
2008-12-22,841.99,841.99,810.75,817.54,2340015
2008-12-23,809.4,849.68,809.4,832.93,1732209
2008-12-24,845.16,856.47,824.79,832.03,313790
2008-12-29,809.4,834.75,803.06,814.37,1245936
2008-12-30,827.96,835.65,812.11,823.43,1059240
2008-12-31,810.75,840.63,810.75,833.84,758994
2009-01-02,820.71,863.26,820.71,859.19,1767976
2009-01-05,875.94,889.97,831.58,848.33,1900838
2009-01-06,860.1,936.15,858.29,909.89,3975188
2009-01-07,922.57,951.54,896.76,904.91,4002469
2009-01-08,898.12,914.42,869.6,890.88,5001788
2009-01-09,890.88,904.01,862.81,873.68,3867990
2009-01-12,865.08,873.68,835.65,850.59,3508095
2009-01-13,832.93,841.54,797.63,807.58,4936243
2009-01-14,818.0,818.0,728.37,735.16,6373446
2009-01-15,732.89,748.74,681.29,692.6,7241618
2009-01-16,709.35,709.81,675.85,679.93,5518638
2009-01-19,704.37,704.37,634.21,644.62,5329521
2009-01-20,648.69,656.39,589.84,596.63,6552804
2009-01-21,588.03,626.51,577.62,615.19,7052579
2009-01-22,614.91,648.69,593.92,601.61,4796642
2009-01-23,599.35,602.07,553.18,566.31,6495281
2009-01-26,567.21,599.35,561.78,594.82,4445614
2009-01-27,592.47,603.88,567.66,574.0,3451233
2009-01-28,587.59,606.59,578.07,588.49,7452326
2009-01-29,583.96,588.49,564.95,573.55,9041737
2009-01-30,577.17,624.25,575.36,624.25,7475151
2009-02-02,609.76,618.36,571.28,579.43,5176680
2009-02-03,584.87,586.22,565.85,585.77,3449026
2009-02-04,592.56,619.27,583.96,616.55,4314707
2009-02-05,599.35,600.26,569.47,584.41,5133238
2009-02-06,592.11,642.81,583.05,615.65,7666446
2009-02-09,620.63,654.58,617.91,650.96,5862109
2009-02-10,653.67,664.99,631.49,633.3,3307025
2009-02-11,629.23,630.13,611.12,620.17,2204178
2009-02-12,620.63,620.63,574.91,590.75,3910851
2009-02-13,602.97,611.12,576.72,582.15,2859630
2009-02-16,577.17,587.34,560.87,562.68,1872576
2009-02-17,559.51,561.78,505.19,514.7,5837929
2009-02-18,514.7,524.21,503.38,514.25,4259698
2009-02-19,514.25,519.23,492.52,500.21,6430945
2009-02-20,495.69,495.69,458.57,462.64,5137227
2009-02-23,475.32,476.22,459.47,463.55,6253967
2009-02-24,464.45,464.45,443.63,452.68,4247883
2009-02-25,466.26,491.61,456.76,477.58,3348575
2009-02-26,480.3,497.95,477.13,491.61,4186590
2009-02-27,479.39,497.04,479.39,497.04,5987289
2009-03-02,472.6,499.76,445.44,451.1,3906927
2009-03-03,453.59,465.81,425.29,440.23,5000796
2009-03-04,443.63,452.68,422.8,434.57,5192970
2009-03-05,435.03,446.12,422.58,427.11,4776774
2009-03-06,431.18,431.18,382.06,382.29,5670213
2009-03-09,392.02,392.02,334.53,344.04,10095183
2009-03-10,344.0,362.5,323.25,357.25,17966470
2009-03-11,362.0,362.0,345.0,346.75,7665970
2009-03-12,360.0,362.5,332.5,341.0,9296250
2009-03-13,342.5,378.5,341.25,370.5,16905092
2009-03-16,378.0,402.25,376.25,399.75,8266280
2009-03-17,399.75,399.75,386.75,394.5,7835613
2009-03-18,384.0,396.0,374.0,381.5,11512235
2009-03-19,381.0,427.5,365.75,426.5,17503154
2009-03-20,428.5,465.5,415.25,453.5,13510124
2009-03-23,465.0,465.0,443.5,460.5,5464206
2009-03-24,477.25,484.5,451.5,461.5,5973393
2009-03-25,454.0,454.0,426.25,437.5,9301377
2009-03-26,433.74,440.0,428.75,437.75,5552513
2009-03-27,444.25,452.5,435.75,438.5,3051748
2009-03-30,451.25,454.75,401.75,406.25,6457865
2009-03-31,419.75,439.75,407.0,437.25,7583385
2009-04-01,436.0,450.0,426.0,448.5,3541314
2009-04-02,469.0,498.25,453.0,495.25,7546205
2009-04-03,479.53,502.5,475.0,483.0,5520064
2009-04-06,498.75,533.5,487.75,497.5,6756869
2009-04-07,503.5,503.5,477.25,487.5,7670693
2009-04-08,484.0,517.5,466.0,516.0,6595004
2009-04-09,532.5,569.0,512.0,564.5,7429118
2009-04-14,566.0,605.5,561.5,573.0,7252781
2009-04-15,565.5,565.5,537.0,544.0,5192447
2009-04-16,546.83,549.5,531.5,540.0,4323081
2009-04-17,539.28,544.5,521.0,539.0,4322916
2009-04-20,537.5,540.0,496.75,504.5,4653948
2009-04-21,516.84,519.0,479.75,504.0,6585010
2009-04-22,510.5,549.0,504.5,537.0,5056281
2009-04-23,533.0,538.5,514.0,520.0,4323537
2009-04-24,530.0,548.0,500.5,541.0,5136775
2009-04-27,534.5,541.5,521.5,527.0,3132365
2009-04-28,515.0,525.0,498.5,517.0,3709134
2009-04-29,517.0,554.0,505.5,548.0,6167623
2009-04-30,560.5,571.5,558.0,562.5,4939796
2009-05-01,579.0,579.0,536.0,548.0,2322513
2009-05-05,573.0,595.0,559.0,561.5,4876711
2009-05-06,559.5,593.0,556.5,588.5,5699555
2009-05-07,591.0,625.0,587.5,592.0,5600142
2009-05-08,606.0,609.5,550.5,557.0,4719807
2009-05-11,550.5,555.0,533.0,550.0,3615696
2009-05-12,550.0,555.5,526.5,539.0,3257574
2009-05-13,530.0,530.0,458.75,468.0,8439174
2009-05-14,461.25,492.0,441.0,490.0,7984148
2009-05-15,496.5,499.75,458.0,473.5,4965926
2009-05-18,464.25,493.5,464.25,488.5,4574073
2009-05-19,498.0,529.0,494.5,519.0,6966060
2009-05-20,519.0,523.5,509.0,518.0,3298416
2009-05-21,499.75,510.5,482.5,488.0,4696832
2009-05-22,493.5,505.0,488.75,496.5,2650610
2009-05-26,477.0,494.25,477.0,491.25,3141412
2009-05-27,502.0,505.0,490.0,496.0,3849429
2009-05-28,488.75,496.48,479.0,487.25,3549679
2009-05-29,491.5,499.25,484.75,486.75,5181253
2009-06-01,496.0,509.5,492.75,506.0,3433037
2009-06-02,505.0,510.0,488.75,497.0,4438929
2009-06-03,497.0,499.0,469.5,476.25,4253005
2009-06-04,478.0,492.5,478.0,483.5,4600129
2009-06-05,487.75,502.0,483.5,488.0,4849334
2009-06-08,492.54,497.75,477.25,487.75,3834326
2009-06-09,493.5,500.5,488.5,495.75,6210925
2009-06-10,502.0,515.0,496.75,503.5,4599006
2009-06-11,500.5,513.5,500.5,504.0,4149095
2009-06-12,505.0,519.5,504.0,511.0,3506775
2009-06-15,512.0,512.0,484.25,490.25,3518636
2009-06-16,487.0,499.0,478.75,490.5,4403330
2009-06-17,485.62,489.5,463.75,466.25,3761396
2009-06-18,471.5,474.0,455.0,462.5,3774721
2009-06-19,463.0,491.25,462.5,487.0,7728528
2009-06-22,484.75,486.0,466.75,468.0,4615689
2009-06-23,465.0,472.25,459.5,466.0,3584776
2009-06-24,466.0,477.0,465.25,470.5,4313996
2009-06-25,471.5,474.25,461.0,467.0,2370066
2009-06-26,471.75,473.5,459.0,467.75,2853919
2009-06-29,467.75,474.0,463.25,470.0,4534796
2009-06-30,473.75,483.5,466.75,471.25,5692013
2009-07-01,475.5,481.25,472.5,479.25,4579823
2009-07-02,479.5,479.5,461.25,461.5,3223785
2009-07-03,465.5,465.5,443.5,443.5,3619113
2009-07-06,444.25,444.25,435.0,439.5,4896527
2009-07-07,440.0,445.5,436.5,438.75,4592262
2009-07-08,438.75,439.25,415.25,416.75,4772280
2009-07-09,422.0,429.0,416.0,421.5,2733754
2009-07-10,423.75,430.0,418.5,423.75,1947469
2009-07-13,424.0,441.75,421.5,441.75,2937319
2009-07-14,441.75,449.5,435.5,440.25,2299640
2009-07-15,447.0,462.75,447.0,462.75,6867645
2009-07-16,464.25,487.0,459.0,484.5,7733690
2009-07-17,489.5,493.75,474.0,481.75,4946958
2009-07-20,482.51,493.0,478.75,490.0,3008347
2009-07-21,489.0,495.75,486.0,488.5,2665226
2009-07-22,492.75,496.0,478.25,481.75,3307335
2009-07-23,485.75,504.5,475.25,500.0,5815222
2009-07-24,502.0,513.0,493.5,508.5,3279198
2009-07-27,505.94,515.0,487.0,489.0,2660678
2009-07-28,489.75,501.5,487.0,500.5,3050895
2009-07-29,500.5,513.0,498.04,510.0,3131433
2009-07-30,509.13,523.5,507.0,521.0,3145868
2009-07-31,520.5,544.0,518.0,534.0,4000446
2009-08-03,535.39,537.64,517.0,525.5,2159186
2009-08-04,525.5,541.5,524.5,541.5,2353626
2009-08-05,542.5,586.5,540.0,579.0,5822067
2009-08-06,588.0,625.0,582.5,610.5,7429116
2009-08-07,607.0,608.5,570.5,595.5,5304464
2009-08-10,590.0,613.0,583.0,605.5,4072814
2009-08-11,604.0,606.0,570.5,575.5,4337009
2009-08-12,573.0,597.5,564.0,597.0,3586783
2009-08-13,600.0,630.5,591.5,626.5,5873330
2009-08-14,630.0,669.0,626.5,631.0,7296860
2009-08-17,634.0,634.0,601.0,610.0,4510230
2009-08-18,610.0,615.0,590.5,607.5,2574549
2009-08-19,601.5,623.0,589.0,617.0,4191131
2009-08-20,619.5,629.0,609.5,610.5,5137589
2009-08-21,605.0,620.0,600.5,614.0,4968282
2009-08-24,617.0,627.0,614.0,626.5,3232786
2009-08-25,623.0,634.5,614.0,630.0,3567348
2009-08-26,633.5,639.0,625.5,634.0,2208825
2009-08-27,636.0,636.0,615.0,619.0,2867867
2009-08-28,622.0,632.0,617.5,617.5,3155293
2009-08-31,622.0,632.0,614.0,619.0,3232786
2009-09-01,630.0,638.0,606.5,611.5,5597294
2009-09-02,614.5,614.5,594.5,603.5,4107736
2009-09-03,607.0,617.5,597.5,602.0,2988029
2009-09-04,608.5,626.0,604.0,620.0,3636589
2009-09-07,627.0,634.5,622.0,631.0,1365930
2009-09-08,635.5,635.5,620.5,627.0,2801508
2009-09-09,627.0,649.0,625.0,647.0,3524500
2009-09-10,640.51,652.21,633.5,639.5,2487747
2009-09-11,641.44,657.0,640.5,653.0,3810379
2009-09-14,645.5,657.5,638.0,655.0,3000436
2009-09-15,650.22,665.23,645.5,659.5,2648785
2009-09-16,654.44,678.5,652.0,673.0,4890305
2009-09-17,680.0,694.5,674.0,683.0,7592815
2009-09-18,681.93,701.0,675.5,687.0,8978467
2009-09-21,689.31,691.5,675.5,686.5,2217839
2009-09-22,687.14,693.0,679.0,684.5,3734443
2009-09-23,684.5,687.5,669.5,675.0,5509484
2009-09-24,671.5,673.5,638.5,649.0,6865613
2009-09-25,650.0,658.0,634.0,642.5,4185579
2009-09-28,641.7,658.0,633.5,656.5,2829452
2009-09-29,655.08,662.5,628.5,638.0,3284930
2009-09-30,638.0,643.5,612.0,625.0,5272980
2009-10-01,638.93,644.0,618.0,620.0,3889430
2009-10-02,618.5,620.5,601.5,608.5,3058625
2009-10-05,608.5,619.0,598.5,610.5,3525332
2009-10-06,612.97,631.0,610.5,629.0,4220349
2009-10-07,626.5,642.0,623.5,634.0,3466962
2009-10-08,643.5,645.0,623.5,627.5,3660775
2009-10-09,629.0,635.5,625.5,630.0,2309163
2009-10-12,631.03,638.0,628.86,631.0,2876441
2009-10-13,628.5,632.0,620.0,624.0,2759810
2009-10-14,624.0,638.0,618.5,631.0,4041779
2009-10-15,628.0,642.5,625.0,637.0,4067415
2009-10-16,632.81,650.0,628.5,634.0,3817666
2009-10-19,639.0,653.01,638.0,652.0,3144847
2009-10-20,652.5,663.5,643.0,647.0,4115534
2009-10-21,647.0,663.0,644.5,660.5,4257296
2009-10-22,653.5,666.5,647.0,661.5,2711220
2009-10-23,667.0,681.0,665.0,669.0,4229474
2009-10-26,669.5,680.5,661.65,671.5,2711378
2009-10-27,671.5,676.0,656.5,663.0,5459602
2009-10-28,663.0,674.5,629.0,631.0,4431521
2009-10-29,627.0,654.0,621.0,654.0,3795472
2009-10-30,663.0,672.5,652.0,662.0,6886726
2009-11-02,662.4,667.5,640.5,650.5,3290343
2009-11-03,645.5,652.5,635.5,647.0,2540160
2009-11-04,655.0,673.0,651.5,673.0,5149487
2009-11-05,670.5,677.0,660.5,673.0,3170348
2009-11-06,674.5,695.0,674.0,686.5,3969708
2009-11-09,692.0,698.5,690.5,698.5,2028616
2009-11-10,696.5,702.0,687.5,690.0,3761560
2009-11-11,691.5,710.0,691.5,705.0,5992814
2009-11-12,707.0,718.0,704.0,710.5,3090426
2009-11-13,713.5,729.5,711.0,726.5,4285757
2009-11-16,737.5,743.5,722.0,726.0,4930533
2009-11-17,725.5,726.0,706.92,714.5,4260925
2009-11-18,723.0,724.5,706.0,713.0,3977752
2009-11-19,713.0,714.5,693.5,701.0,4352080
2009-11-20,701.0,703.5,682.0,684.0,6214825
2009-11-23,690.0,700.5,685.5,697.5,3795206
2009-11-24,693.14,705.0,690.5,692.0,2680561
2009-11-25,695.0,702.0,685.0,687.0,3060471
2009-11-26,685.5,691.5,658.5,660.5,4600006
2009-11-27,648.5,673.0,642.5,670.5,2871666
2009-11-30,670.5,678.0,656.5,658.5,3201678
2009-12-01,662.0,677.0,661.5,677.0,3442272
2009-12-02,676.5,682.0,670.0,680.0,1888551
2009-12-03,680.5,695.0,680.5,691.0,3008137
2009-12-04,691.0,694.0,674.5,685.0,3160752
2009-12-07,682.0,686.5,675.0,678.5,2138521
2009-12-08,677.5,685.0,651.0,656.5,4962290
2009-12-09,650.0,659.0,638.5,647.0,3043459
2009-12-10,644.5,648.5,635.0,635.0,4753771
2009-12-11,636.0,649.5,636.0,638.0,3326498
2009-12-14,643.5,648.5,636.0,638.5,2556506
2009-12-15,645.34,647.5,634.65,643.0,1939700
2009-12-16,644.5,659.0,643.0,651.5,2934804
2009-12-17,650.5,657.0,644.5,647.0,2434365
2009-12-18,644.0,651.5,637.5,638.0,6393363
2009-12-21,641.0,649.5,637.0,646.5,1652776
2009-12-22,647.0,655.0,643.0,646.5,1210709
2009-12-23,650.0,654.0,642.5,646.5,1148350
2009-12-24,649.5,654.5,638.5,645.0,444670
2009-12-29,650.0,661.5,637.5,660.5,1629855
2009-12-30,660.0,666.0,657.0,657.0,1031118
2009-12-31,657.0,685.0,655.0,685.0,1473974
2010-01-04,674.5,683.0,663.0,673.0,3013296
2010-01-05,670.5,674.5,659.0,666.5,4250641
2010-01-06,668.5,672.84,658.5,662.0,3006225
2010-01-07,660.5,664.5,650.5,663.5,2973249
2010-01-08,664.5,669.5,659.5,664.0,2527050
2010-01-11,670.0,690.5,666.0,683.0,5587038
2010-01-12,689.0,698.0,684.5,693.5,3489386
2010-01-13,690.5,695.5,685.0,694.0,2975808
2010-01-14,692.11,699.0,681.5,684.0,2947699
2010-01-15,684.0,695.0,683.5,686.5,4748594
2010-01-18,692.0,696.0,684.0,693.0,2569457
2010-01-19,689.5,689.5,675.0,686.0,3697885
2010-01-20,680.0,691.5,672.0,676.5,2506226
2010-01-21,680.5,683.5,659.5,661.5,3497418
2010-01-22,659.0,660.0,644.5,651.0,3258384
2010-01-25,646.0,660.0,644.0,654.0,1598093
2010-01-26,655.5,661.5,647.5,660.5,2127642
2010-01-27,659.0,659.5,645.0,654.0,4000710
2010-01-28,662.0,662.0,643.5,643.5,2625753
2010-01-29,647.0,654.0,638.0,640.5,5473306
2010-02-01,638.5,647.0,635.5,645.0,3519084
2010-02-02,645.5,663.5,644.5,662.5,2793988
2010-02-03,663.5,673.5,650.5,654.0,2243435
2010-02-04,655.0,656.0,641.5,644.0,3882891
2010-02-05,640.5,645.78,623.5,631.0,3627235
2010-02-08,632.5,637.0,615.21,622.0,3323969
2010-02-09,621.0,646.5,619.5,634.5,3167781
2010-02-10,639.5,652.5,636.5,640.5,2874402
2010-02-11,643.5,649.0,618.5,625.5,4069574
2010-02-12,628.5,632.5,622.5,629.0,2385523
2010-02-15,632.5,636.0,629.59,632.5,1214201
2010-02-16,635.0,638.5,634.0,636.5,3310592
2010-02-17,641.5,648.5,638.5,641.0,4051445
2010-02-18,641.5,650.0,641.0,644.5,1709307
2010-02-19,646.0,648.09,641.5,645.0,3295813
2010-02-22,645.39,649.5,641.5,645.0,1972585
2010-02-23,648.5,651.0,643.0,644.5,2386551
2010-02-24,641.0,644.0,633.5,636.5,2199395
2010-02-25,635.0,650.9,631.0,633.0,4179638
2010-02-26,640.5,640.5,623.0,632.5,5788634
2010-03-01,637.0,641.0,632.0,639.5,4154827
2010-03-02,641.5,658.0,640.5,657.0,2001804
2010-03-03,657.04,664.5,656.5,662.0,2903409
2010-03-04,662.01,669.5,659.5,665.0,2381432
2010-03-05,668.5,681.5,668.0,679.0,3154821
2010-03-08,682.0,688.5,669.0,670.5,2319378
2010-03-09,671.5,674.0,660.0,662.5,2458302
2010-03-10,658.5,668.0,658.0,667.5,2678137
2010-03-11,665.0,673.5,665.0,668.0,1729772
2010-03-12,669.0,684.5,668.0,674.0,1366029
2010-03-15,672.0,677.5,669.0,670.5,1536915
2010-03-16,673.5,677.0,670.0,673.0,1018069
2010-03-17,675.5,676.0,668.5,669.5,1932270
2010-03-18,672.51,676.5,667.5,675.5,1641610
2010-03-19,678.5,681.5,673.5,675.0,4488150
2010-03-22,671.5,676.5,660.0,672.0,2178335
2010-03-23,672.5,680.5,671.0,674.5,1638201
2010-03-24,678.0,680.0,667.0,673.0,1858397
2010-03-25,673.0,686.0,673.0,680.0,3062061
2010-03-26,680.5,691.0,679.0,684.5,3418893
2010-03-29,687.77,693.0,683.5,689.5,1636658
2010-03-30,689.01,694.0,676.5,680.0,2805409
2010-03-31,680.5,682.5,669.5,678.0,3119822
2010-04-01,677.5,683.5,675.0,678.0,1694775
2010-04-06,679.5,689.0,676.5,682.0,2159506
2010-04-07,693.5,702.0,682.5,687.0,3613087
2010-04-08,685.0,685.0,669.5,672.0,2884779
2010-04-09,675.0,682.0,672.0,681.0,2941178
2010-04-12,679.45,685.41,676.5,678.0,1486244
2010-04-13,677.5,684.0,674.0,679.0,2726110
2010-04-14,682.0,682.0,675.5,676.5,1602760
2010-04-15,678.62,680.0,672.0,678.5,2127998
2010-04-16,676.0,683.5,669.5,673.5,2805073
2010-04-19,671.5,677.5,653.5,659.5,2742983
2010-04-20,662.0,667.5,654.5,665.5,3368614
2010-04-21,668.0,672.5,662.5,671.5,1960749
2010-04-22,669.5,672.0,658.0,659.5,2748503
2010-04-23,663.5,670.0,658.5,668.5,2720830
2010-04-26,678.5,679.0,663.0,666.0,2502067
2010-04-27,666.07,667.0,648.5,648.5,2540153
2010-04-28,643.5,649.5,637.0,642.5,2603206
2010-04-29,642.29,658.0,639.0,656.0,2597533
2010-04-30,658.5,663.0,656.0,659.0,2407801
2010-05-04,668.0,669.0,642.0,644.0,3272777
2010-05-05,644.0,645.0,624.38,627.0,3920763
2010-05-06,622.0,639.0,617.0,627.5,4734829
2010-05-07,610.5,621.5,581.0,591.5,8091788
2010-05-10,609.5,622.5,600.5,621.5,4364988
2010-05-11,618.3,624.5,610.5,622.5,3632458
2010-05-12,622.5,637.0,619.0,637.0,2795364
2010-05-13,634.04,644.0,632.5,635.5,2321288
2010-05-14,625.03,633.5,609.5,610.5,4402384
2010-05-17,605.0,622.0,602.5,620.0,4837276
2010-05-18,636.0,641.0,629.5,635.0,3751659
2010-05-19,628.5,628.5,610.0,610.0,4656090
2010-05-20,618.98,620.0,593.5,596.0,5279055
2010-05-21,595.0,601.0,588.0,596.5,5627596
2010-05-24,599.5,605.5,591.5,595.5,2942042
2010-05-25,582.5,584.5,565.5,566.0,3628152
2010-05-26,576.0,576.0,566.5,569.0,3294703
2010-05-27,573.5,595.5,571.0,595.5,2942497
2010-05-28,602.0,613.0,597.0,601.0,4154800
2010-06-01,603.5,610.0,594.5,609.5,2580602
2010-06-02,606.5,618.5,603.0,617.5,3169457
2010-06-03,629.5,631.26,622.0,623.5,1596084
2010-06-04,626.5,626.5,604.0,606.5,2664600
2010-06-07,595.0,609.5,592.5,601.0,3306842
2010-06-08,598.5,601.5,583.5,587.5,3095991
2010-06-09,591.5,601.0,583.5,600.5,2327894
2010-06-10,600.0,615.5,597.0,611.5,1872708
2010-06-11,608.42,617.5,607.0,611.5,2097734
2010-06-14,620.5,620.5,611.0,617.0,1611544
2010-06-15,614.5,632.0,612.5,630.0,3362249
2010-06-16,638.5,638.5,623.0,628.5,1907668
2010-06-17,630.0,630.0,611.0,615.0,2698950
2010-06-18,618.0,620.0,608.5,609.0,4001869
2010-06-21,619.0,622.5,607.5,610.0,1392393
2010-06-22,608.0,612.0,602.0,611.5,2101037
2010-06-23,600.0,610.0,596.5,597.0,2160935
2010-06-24,598.5,600.0,582.5,585.0,2406278
2010-06-25,586.5,590.5,579.0,581.0,1938123
2010-06-28,586.0,588.5,580.5,586.0,2263058
2010-06-29,580.0,581.5,569.5,572.0,2708869
2010-06-30,571.0,573.5,555.0,558.5,3910349
2010-07-01,551.5,558.18,547.0,551.0,3749346
2010-07-02,554.5,554.5,543.0,551.5,2693031
2010-07-05,553.5,553.5,545.0,545.0,1613036
2010-07-06,548.0,566.0,548.0,563.0,3539804
2010-07-07,559.5,578.5,557.0,577.0,2963702
2010-07-08,583.0,593.5,581.5,587.5,2812906
2010-07-09,590.0,590.0,578.5,579.0,1625380
2010-07-12,578.0,583.5,576.5,582.5,643847
2010-07-13,580.5,595.0,580.5,595.0,1515582
2010-07-14,599.0,600.0,581.5,584.5,1448731
2010-07-15,584.0,587.0,575.0,578.0,3288761
2010-07-16,581.5,594.5,571.95,573.0,1965444
2010-07-19,574.5,580.5,569.5,577.0,1314472
2010-07-20,580.92,589.5,570.5,581.0,2609067
2010-07-21,586.0,594.5,583.0,589.5,2839003
2010-07-22,588.0,604.5,587.0,603.0,4774629
2010-07-23,606.5,614.5,604.0,611.5,3583323
2010-07-26,619.0,619.0,609.0,616.0,1794217
2010-07-27,620.5,630.5,616.5,626.0,3283846
2010-07-28,629.5,630.5,619.0,620.5,1734832
2010-07-29,620.5,627.0,620.0,622.0,1641743
2010-07-30,622.5,627.5,607.0,612.5,2595609
2010-08-02,616.0,630.0,615.0,627.0,2131766
2010-08-03,627.0,631.0,625.0,628.5,1996100
2010-08-04,625.0,625.0,618.5,621.5,2397361
2010-08-05,620.5,626.0,617.5,621.0,1463654
2010-08-06,625.5,631.39,612.0,615.0,1668372
2010-08-09,622.0,626.5,619.0,620.5,1116360
2010-08-10,618.5,621.5,610.0,612.5,1559459
2010-08-11,610.0,612.49,603.5,604.0,1599117
2010-08-12,600.5,605.0,592.0,601.0,2678230
2010-08-13,604.0,604.5,594.5,598.5,1879682
2010-08-16,598.0,601.5,595.0,600.0,2304721
2010-08-17,600.5,614.5,600.5,614.0,2072425
2010-08-18,611.0,617.5,608.5,610.0,2722795
2010-08-19,614.0,616.0,605.0,608.0,2325831
2010-08-20,608.5,610.0,600.5,604.0,1675863
2010-08-23,606.5,608.5,602.5,604.0,2137507
2010-08-24,601.5,603.0,593.0,598.0,1722627
2010-08-25,598.5,608.0,596.0,603.0,2746093
2010-08-26,608.5,608.5,595.0,598.5,2482731
2010-08-27,594.0,612.0,593.5,612.0,2995091
2010-08-31,602.5,612.42,597.15,611.5,3706292
2010-09-01,623.0,642.5,619.0,641.0,4980551
2010-09-02,638.71,650.07,635.0,640.0,2901104
2010-09-03,642.0,653.0,639.0,649.0,2599934
2010-09-06,653.0,654.11,647.85,653.0,1911599
2010-09-07,652.0,653.0,638.0,641.5,2539789
2010-09-08,643.0,650.0,643.0,648.5,2242282
2010-09-09,647.39,654.5,645.0,649.0,4437405
2010-09-10,649.0,650.0,644.5,649.5,1210979
2010-09-13,653.0,655.0,649.0,655.0,4320652
2010-09-14,654.0,656.0,646.5,650.5,2335788
2010-09-15,644.0,646.5,638.5,639.5,1785253
2010-09-16,640.5,641.0,629.5,631.0,1456099
2010-09-17,636.0,642.0,620.19,620.5,3395046
2010-09-20,629.82,636.5,621.0,634.0,1358988
2010-09-21,631.5,639.8,631.5,634.5,2626198
2010-09-22,636.5,638.0,624.0,626.5,2921688
2010-09-23,630.0,630.0,618.0,625.0,1177933
2010-09-24,626.0,641.28,621.0,638.5,1809231
2010-09-27,637.5,643.63,637.0,641.5,2203830
2010-09-28,641.5,641.5,630.0,639.5,1708528
2010-09-29,640.0,644.5,632.0,642.5,1646756
2010-09-30,639.5,652.5,634.0,640.5,2709323
2010-10-01,645.0,658.0,642.5,651.0,4188603
2010-10-04,653.0,656.0,645.5,653.0,2053499
2010-10-05,652.5,665.0,646.0,663.0,2656117
2010-10-06,664.5,676.0,664.0,676.0,2527535
2010-10-07,679.5,689.0,670.0,687.0,2484931
2010-10-08,684.0,685.5,668.5,671.0,2910004
2010-10-11,672.0,675.0,667.0,674.0,1041066
2010-10-12,667.5,673.0,665.0,672.5,1759121
2010-10-13,676.0,681.04,675.5,679.5,1614687
2010-10-14,681.0,685.5,674.5,683.5,2016592
2010-10-15,685.0,687.0,676.5,679.5,1658367
2010-10-18,677.5,681.0,670.5,673.0,1799003
2010-10-19,674.5,682.5,672.5,678.0,1719123
2010-10-20,679.0,681.0,671.5,681.0,1235881
2010-10-21,681.5,682.89,675.0,678.5,1503462
2010-10-22,676.5,679.5,675.0,678.0,1203545
2010-10-25,681.5,684.5,676.5,678.5,954982
2010-10-26,674.0,680.0,674.0,677.5,1451043
2010-10-27,678.5,687.0,671.5,679.5,2405704
2010-10-28,685.05,686.0,672.0,677.5,1777570
2010-10-29,675.0,680.0,670.51,677.0,1707418
2010-11-01,676.78,682.5,670.0,674.0,2048761
2010-11-02,672.0,679.5,668.0,671.0,1707749
2010-11-03,676.0,678.0,669.0,670.5,1786894
2010-11-04,679.5,690.0,673.69,686.5,3772229
2010-11-05,689.0,695.5,681.0,691.0,4003287
2010-11-08,691.38,697.0,688.5,693.0,1783985
2010-11-09,695.94,701.05,692.0,696.5,2233373
2010-11-10,695.5,696.5,689.5,695.0,3070108
2010-11-11,697.5,704.0,690.5,694.0,2682527
2010-11-12,689.0,698.0,681.5,691.0,2319652
2010-11-15,690.5,699.5,684.5,696.5,1391222
2010-11-16,696.5,696.5,671.0,673.0,3245381
2010-11-17,670.5,676.88,662.0,668.5,2866252
2010-11-18,674.0,676.5,667.5,670.0,1448653
2010-11-19,677.0,677.0,665.0,669.5,1676739
2010-11-22,677.5,677.5,648.5,651.5,2807272
2010-11-23,646.0,653.5,643.5,645.0,2068626
2010-11-24,648.0,648.0,638.0,639.5,3121846
2010-11-25,645.0,664.5,645.0,654.5,3971811
2010-11-26,653.5,653.5,639.0,647.5,2423440
2010-11-29,647.89,657.0,633.0,634.0,2773073
2010-11-30,636.0,639.28,625.5,629.0,2504580
2010-12-01,629.0,638.5,624.91,638.5,3489498
2010-12-02,644.0,651.5,640.0,651.5,3723111
2010-12-03,652.0,654.0,645.0,651.5,2095973
2010-12-06,651.5,653.35,643.0,647.5,1282573
2010-12-07,651.0,660.5,647.0,658.5,2536443
2010-12-08,654.19,657.0,647.5,652.5,1870297
2010-12-09,656.0,659.5,649.65,659.5,1541430
2010-12-10,662.5,663.0,656.5,661.0,1950376
2010-12-13,663.0,666.5,660.3,663.0,2284625
2010-12-14,663.05,669.0,660.5,667.5,2256597
2010-12-15,670.5,675.5,664.5,665.0,1981089
2010-12-16,668.56,669.5,659.5,660.5,1481329
2010-12-17,662.51,678.0,657.0,657.0,4770738
2010-12-20,657.7,660.0,652.0,655.0,2699586
2010-12-21,658.5,663.5,657.0,663.0,2135272
2010-12-22,660.5,667.0,658.5,665.5,1343868
2010-12-23,667.5,675.08,665.0,673.0,1703491
2010-12-24,672.14,676.5,668.0,673.5,306322
2010-12-29,673.39,679.5,671.0,676.5,1362204
2010-12-30,675.5,678.0,667.5,672.0,806165
2010-12-31,672.5,676.5,669.5,674.0,563714
2011-01-04,694.0,694.0,675.5,680.5,2808857
2011-01-05,680.29,688.5,680.0,683.0,2080903
2011-01-06,682.5,684.5,680.0,682.0,2092084
2011-01-07,683.67,691.5,677.5,686.0,1627705
2011-01-10,687.0,689.0,681.0,683.5,1298650
2011-01-11,686.5,696.0,682.0,692.0,1938708
2011-01-12,695.0,708.0,693.65,707.0,3070625
2011-01-13,707.02,708.5,701.5,704.0,2029543
2011-01-14,705.77,706.0,697.0,700.0,2296697
2011-01-17,702.5,703.0,687.0,693.0,1638042
2011-01-18,695.5,705.06,693.8,698.5,2171521
2011-01-19,702.5,708.5,692.5,694.5,2437044
2011-01-20,694.0,697.0,679.5,679.5,2591815
2011-01-21,682.5,684.0,673.0,678.0,2475676
2011-01-24,680.5,687.0,674.5,685.5,1420632
2011-01-25,688.0,690.0,680.0,687.0,1724585
2011-01-26,690.0,692.0,686.5,690.0,1533217
2011-01-27,689.5,690.5,682.5,689.0,2579145
2011-01-28,689.0,690.0,677.5,678.5,1958694
2011-01-31,677.5,678.0,668.5,674.5,3979731
2011-02-01,681.0,684.0,675.0,681.5,2296724
2011-02-02,679.26,685.0,676.0,676.5,1458580
2011-02-03,679.5,687.0,677.5,681.5,2156967
2011-02-04,681.5,687.0,679.0,687.0,1968332
2011-02-07,689.0,693.0,683.0,686.5,1632484
2011-02-08,686.5,698.0,684.0,695.5,2746150
2011-02-09,700.0,700.0,692.5,698.5,4067724
2011-02-10,698.5,702.0,694.0,698.0,3326775
2011-02-11,698.89,702.5,692.0,700.0,1804449
2011-02-14,699.5,705.5,697.76,701.0,1965380
2011-02-15,698.0,707.0,698.0,702.0,3049496
2011-02-16,706.0,730.0,703.5,727.0,4702299
2011-02-17,726.0,740.5,726.0,735.5,3803106
2011-02-18,735.5,748.5,735.5,744.5,4288494
2011-02-21,744.0,747.0,733.0,735.5,2679462
2011-02-22,735.5,740.5,728.0,735.0,2934668
2011-02-23,734.5,742.5,732.0,741.0,4035843
2011-02-24,736.0,743.0,730.5,737.0,3999368
2011-02-25,735.89,750.42,737.0,749.0,2473467
2011-02-28,748.0,769.0,744.0,766.5,3144652
2011-03-01,760.9,770.5,754.0,759.5,5422452
2011-03-02,757.5,761.5,752.66,758.0,2688122
2011-03-03,762.0,762.5,755.0,762.5,2989380
2011-03-04,761.4,780.0,758.5,773.0,4006190
2011-03-07,769.85,776.5,765.5,768.5,2460856
2011-03-08,772.0,772.0,759.85,768.0,3695228
2011-03-09,770.0,773.2,763.0,766.5,1748620
2011-03-10,761.0,764.5,746.0,749.0,4252660
2011-03-11,744.0,748.0,737.5,745.0,3315722
2011-03-14,745.5,747.5,735.5,736.0,1973341
2011-03-15,725.0,732.0,715.07,721.5,3500596
2011-03-16,716.0,722.5,700.5,702.5,4307697
2011-03-17,706.5,722.0,698.0,720.0,3058903
2011-03-18,720.5,730.0,719.0,721.0,4306917
2011-03-21,729.5,729.5,719.92,725.0,1567672
2011-03-22,724.5,728.5,717.0,721.0,2328103
2011-03-23,717.0,726.5,716.5,725.5,2519442
2011-03-24,723.5,736.5,720.5,736.0,1832337
2011-03-25,740.5,741.0,729.5,733.0,1911350
2011-03-28,732.5,735.0,728.5,732.5,1592112
2011-03-29,735.5,735.5,727.0,733.0,1592065
2011-03-30,737.0,739.5,732.5,738.5,1840737
2011-03-31,739.0,743.0,733.5,733.5,2299544
2011-04-01,733.5,750.0,729.5,747.0,2503264
2011-04-04,744.5,751.31,742.5,747.0,2139245
2011-04-05,747.0,751.0,741.5,746.5,1785089
2011-04-06,750.0,750.0,741.0,744.5,1674425
2011-04-07,746.0,750.0,735.0,735.5,2218460
2011-04-08,740.5,743.61,736.59,740.0,2252321
2011-04-11,740.0,745.0,736.0,736.0,2118402
2011-04-12,738.56,742.5,733.5,735.5,1865197
2011-04-13,736.5,742.5,734.5,740.5,1279662
2011-04-14,738.0,744.0,737.0,738.5,1538080
2011-04-15,741.5,757.69,741.5,753.5,3405711
2011-04-18,754.5,758.39,741.0,743.0,1903923
2011-04-19,747.0,749.5,740.5,741.5,1774073
2011-04-20,748.5,756.0,744.0,753.5,1639958
2011-04-21,758.5,763.0,754.0,762.5,892697
2011-04-26,762.0,778.0,761.73,777.0,1681683
2011-04-27,778.0,790.0,775.5,786.0,2062514
2011-04-28,789.0,796.0,781.5,785.0,1926779
2011-05-03,785.32,791.5,784.0,791.5,2971280
2011-05-04,791.5,792.0,780.5,782.0,1979480
2011-05-05,784.0,788.5,776.0,781.0,1611414
2011-05-06,780.5,785.0,771.5,777.5,2324218
2011-05-09,767.5,773.0,762.5,766.0,2513975
2011-05-10,768.5,773.0,766.0,771.5,1984218
2011-05-11,771.5,773.0,768.0,768.5,2240004
2011-05-12,765.5,767.5,759.0,762.0,3541217
2011-05-13,763.0,767.0,760.67,761.5,1137496
2011-05-16,757.5,759.5,752.0,754.0,2633537
2011-05-17,750.5,754.0,747.5,747.5,3090511
2011-05-18,777.5,804.0,775.0,795.5,6882018
2011-05-19,791.49,807.5,791.0,791.0,2545519
2011-05-20,794.5,797.5,785.5,790.0,2621262
2011-05-23,780.0,787.0,776.0,779.0,2526156
2011-05-24,779.0,787.0,775.5,782.5,1941219
2011-05-25,779.5,792.0,778.5,787.5,2833075
2011-05-26,794.0,806.0,793.5,804.0,3320944
2011-05-27,808.5,825.5,805.5,825.0,2462937
2011-05-31,829.0,837.5,828.0,832.0,3205472
2011-06-01,836.5,839.0,834.0,837.0,2386203
2011-06-02,832.0,837.5,828.5,831.0,3370723
2011-06-03,835.0,840.5,830.5,833.0,1311759
2011-06-06,832.5,845.0,829.5,845.0,1988692
2011-06-07,842.0,846.5,837.5,842.0,3642156
2011-06-08,841.27,852.0,834.5,836.0,3974493
2011-06-09,835.5,848.5,830.5,848.0,2973930
2011-06-10,845.0,849.38,836.5,838.0,2336623
2011-06-13,839.0,839.0,832.5,835.0,1555472
2011-06-14,840.5,840.5,830.5,837.5,2303841
2011-06-15,836.0,844.5,835.0,841.5,2618983
2011-06-16,836.0,842.5,834.0,840.0,2754126
2011-06-17,840.17,846.5,830.0,837.5,3908372
2011-06-20,843.75,846.5,832.55,842.5,2438754
2011-06-21,846.5,855.5,843.5,854.0,2051467
2011-06-22,849.24,859.0,847.5,849.0,3758284
2011-06-23,843.0,848.5,830.5,832.0,2599601
2011-06-24,841.0,842.0,817.0,821.5,3764482
2011-06-27,821.0,827.5,818.5,827.0,1830587
2011-06-28,829.5,834.56,822.0,833.5,2741236
2011-06-29,836.0,841.5,831.5,838.0,3234110
2011-06-30,840.5,853.5,838.5,852.5,1768684
2011-07-01,853.5,870.0,852.0,866.5,2986948
2011-07-04,869.0,884.5,869.0,880.5,3508674
2011-07-05,880.0,894.66,877.5,885.0,4444018
2011-07-06,885.0,886.5,881.0,885.0,2645714
2011-07-07,880.0,884.75,859.0,859.5,4755464
2011-07-08,858.5,869.49,853.0,856.0,2495806
2011-07-11,852.0,857.0,839.5,844.0,2253322
2011-07-12,836.0,845.0,832.5,842.5,3967845
2011-07-13,842.5,872.5,842.11,869.0,4388762
2011-07-14,862.0,877.5,862.0,870.0,3523543
2011-07-15,869.5,884.5,868.0,878.0,2915117
2011-07-18,870.0,877.0,861.0,866.0,3391659
2011-07-19,864.44,869.5,859.0,864.5,2120879
2011-07-20,870.0,878.0,863.0,872.5,1404162
2011-07-21,874.5,875.0,858.0,865.0,2905516
2011-07-22,870.0,875.0,861.0,867.0,1670064
2011-07-25,863.5,875.0,863.5,874.5,1635630
2011-07-26,875.0,877.0,862.0,870.0,1589343
2011-07-27,867.8,872.0,862.0,869.5,2122246
2011-07-28,867.88,868.0,856.5,862.5,1737123
2011-07-29,855.0,861.5,843.5,855.0,2509058
2011-08-01,867.0,871.0,846.5,854.0,2444799
2011-08-02,850.0,858.5,849.0,849.0,2881741
2011-08-03,843.5,850.5,828.0,833.5,4588264
2011-08-04,841.81,842.0,803.0,810.5,3739858
2011-08-05,792.0,800.5,772.5,776.5,4178142
2011-08-08,768.0,784.5,732.5,737.5,4781740
2011-08-09,735.5,759.5,701.0,756.0,4446914
2011-08-10,767.0,777.0,750.5,752.0,5791848
2011-08-11,767.25,790.0,748.5,788.5,4890086
2011-08-12,792.0,810.0,773.5,803.0,2922712
2011-08-15,807.5,814.5,796.0,809.0,4199755
2011-08-16,805.5,807.5,785.0,800.5,5050822
2011-08-17,796.5,801.0,781.0,791.5,2322781
2011-08-18,784.0,789.5,752.5,763.0,2444280
2011-08-19,754.5,754.5,717.0,733.0,5240103
2011-08-22,726.0,750.5,726.0,738.0,1906072
2011-08-23,745.0,750.0,731.5,741.0,2238912
2011-08-24,742.0,745.0,732.5,736.0,2515660
2011-08-25,743.0,743.0,708.0,716.5,2996236
2011-08-26,715.5,717.0,694.0,705.0,3675567
2011-08-30,719.5,728.0,714.5,728.0,2789027
2011-08-31,715.0,741.5,709.5,736.5,5188689
2011-09-01,740.5,748.0,732.0,742.5,4826073
2011-09-02,735.0,746.0,724.0,733.5,3538137
2011-09-05,720.5,729.5,714.0,721.0,3810816
2011-09-06,720.5,732.5,715.0,721.0,3463194
2011-09-07,733.0,741.5,726.5,741.0,1588365
2011-09-08,735.85,754.0,732.5,735.0,2254558
2011-09-09,731.0,737.5,710.5,712.5,2705740
2011-09-12,699.0,705.5,690.5,690.5,3167719
2011-09-13,693.2,700.0,667.5,670.0,3783960
2011-09-14,657.5,663.5,650.5,658.0,5510375
2011-09-15,664.0,674.0,660.5,674.0,4959850
2011-09-16,681.0,688.5,671.5,677.5,4928441
2011-09-19,668.0,674.0,657.5,659.5,2058199
2011-09-20,654.5,676.5,652.0,676.5,2242432
2011-09-21,679.0,685.5,676.5,682.5,3851971
2011-09-22,667.5,668.0,642.5,643.0,2499031
2011-09-23,648.5,651.5,621.0,634.5,3994631
2011-09-26,630.29,651.0,623.0,633.5,5114133
2011-09-27,649.0,659.5,645.5,658.5,4689038
2011-09-28,654.28,666.0,637.5,642.5,2586418
2011-09-29,640.0,653.0,638.0,647.5,2697841
2011-09-30,647.5,654.0,634.5,642.0,2760927
2011-10-03,629.5,633.5,626.0,628.0,1930136
2011-10-04,621.5,622.59,610.0,616.0,3445505
2011-10-05,628.5,648.0,621.0,648.0,2685669
2011-10-06,652.0,687.0,648.5,687.0,4538372
2011-10-07,687.0,698.0,686.0,693.0,2913025
2011-10-10,698.0,698.0,682.0,688.5,1604264
2011-10-11,688.0,689.0,676.0,679.5,1565910
2011-10-12,676.0,705.5,673.0,702.0,1943868
2011-10-13,699.5,710.5,688.0,694.0,1176728
2011-10-14,697.5,714.41,693.5,713.5,1554413
2011-10-17,717.5,722.0,701.0,706.0,1217324
2011-10-18,702.0,703.5,682.5,686.5,1576564
2011-10-19,693.0,695.0,674.0,678.0,1935757
2011-10-20,668.5,673.5,650.5,653.0,2116072
2011-10-21,656.5,672.0,652.0,672.0,2032303
2011-10-24,673.5,694.3,667.0,692.5,1886976
2011-10-25,688.5,693.5,666.5,668.0,2061434
2011-10-26,666.0,669.0,640.5,650.0,3213594
2011-10-27,668.0,697.5,663.0,686.5,4386120
2011-10-28,690.0,702.0,685.0,699.5,3075966
2011-10-31,692.5,699.0,684.0,684.0,1798105
2011-11-01,672.5,678.5,644.5,663.0,3332354
2011-11-02,669.5,679.0,654.0,669.0,2364972
2011-11-03,662.5,683.5,656.5,679.0,2494727
2011-11-04,685.0,695.5,684.0,691.0,2104043
2011-11-07,689.0,694.5,675.5,680.0,1623059
2011-11-08,679.5,697.5,679.0,694.0,1883336
2011-11-09,696.0,698.0,670.0,676.5,1483555
2011-11-10,670.5,690.0,668.1,673.0,2228441
2011-11-11,678.43,695.0,670.0,694.5,1199766
2011-11-14,697.5,697.5,683.0,686.5,1239515
2011-11-15,689.0,693.5,673.5,689.5,1737664
2011-11-16,687.0,700.44,680.0,686.0,2115310
2011-11-17,682.0,688.05,660.0,664.5,1971935
2011-11-18,661.0,665.99,656.12,661.0,2332396
2011-11-21,657.5,664.5,643.5,644.5,2098764
2011-11-22,645.0,658.0,645.0,645.0,2151979
2011-11-23,636.5,654.44,635.5,635.5,2428488
2011-11-24,639.0,648.0,623.5,632.5,1463864
2011-11-25,632.44,642.0,617.12,635.5,1707233
2011-11-28,642.0,661.5,638.5,661.0,2055827
2011-11-29,659.27,673.52,655.0,669.0,2181754
2011-11-30,656.0,689.0,653.5,687.0,3974209
2011-12-01,690.5,691.5,676.0,686.0,2251919
2011-12-02,686.66,693.5,674.0,683.0,2147988
2011-12-05,688.0,689.0,675.5,677.0,1463172
2011-12-06,672.0,684.5,670.5,681.5,1242283
2011-12-07,688.0,688.5,661.5,669.0,2181430
2011-12-08,671.0,671.0,645.5,650.5,2421118
2011-12-09,643.5,660.81,643.5,651.0,1693754
2011-12-12,652.5,654.0,629.0,629.0,1741577
2011-12-13,633.0,644.5,630.5,637.0,2105154
2011-12-14,637.0,637.0,611.5,612.5,2537565
2011-12-15,612.5,626.5,612.0,624.5,1524325
2011-12-16,627.5,631.85,612.5,613.5,3226955
2011-12-19,614.93,618.5,608.5,612.0,1999820
2011-12-20,608.5,622.74,608.0,620.0,1784311
2011-12-21,627.5,635.0,614.5,616.0,2056734
2011-12-22,616.5,627.91,616.0,617.5,1430494
2011-12-23,618.5,626.5,614.5,626.0,378329
2011-12-28,631.5,635.0,622.0,622.5,1264811
2011-12-29,622.5,630.0,620.0,630.0,994314
2011-12-30,634.5,639.5,627.5,635.5,1062714
2012-01-03,644.0,648.5,634.5,642.0,2185932
2012-01-04,640.0,644.0,626.5,628.5,1654452
2012-01-05,630.0,642.5,627.0,636.5,2698323
2012-01-06,635.78,642.0,616.5,621.5,2166475
2012-01-09,624.0,630.0,616.5,618.0,1868193
2012-01-10,624.5,639.5,622.5,631.5,2526094
2012-01-11,632.5,639.5,627.0,631.0,1450359
2012-01-12,635.0,646.0,631.0,641.0,2069941
2012-01-13,634.97,647.5,626.5,635.5,2014312
2012-01-16,633.0,638.5,628.5,634.0,975466
2012-01-17,643.5,649.0,639.0,642.5,1767265
2012-01-18,642.0,654.0,636.0,643.0,2048432
2012-01-19,648.5,679.5,645.0,679.5,4360022
2012-01-20,670.0,693.0,669.5,691.0,3952460
2012-01-23,688.0,707.5,687.5,691.5,2881534
2012-01-24,685.0,687.5,675.0,682.0,2318697
2012-01-25,682.5,695.5,682.0,687.0,1638919
2012-01-26,690.0,697.5,688.0,695.0,1764616
2012-01-27,691.5,699.39,689.0,693.5,1085849
2012-01-30,691.5,693.0,680.0,681.5,1450730
2012-01-31,683.5,688.0,672.08,674.5,4310751
2012-02-01,676.0,684.5,676.0,679.0,2600705
2012-02-02,683.5,683.5,670.5,675.5,2240046
2012-02-03,676.79,690.22,673.0,687.5,3155979
2012-02-06,687.0,693.5,685.15,687.5,1430754
2012-02-07,689.5,689.5,677.5,680.0,1714941
2012-02-08,679.0,684.0,677.5,680.5,1390671
2012-02-09,682.0,686.5,675.5,682.0,3924631
2012-02-10,681.5,684.5,678.08,678.5,2544341
2012-02-13,678.5,690.38,678.5,690.0,1513002
2012-02-14,686.0,691.0,682.0,686.0,2814124
2012-02-15,687.46,693.0,685.0,687.5,2616509
2012-02-16,685.5,685.5,676.5,685.5,927233
2012-02-17,686.5,691.0,684.5,684.5,1285298
2012-02-20,686.0,694.0,683.0,691.5,1559715
2012-02-21,688.5,690.7,675.5,683.0,2192686
2012-02-22,685.5,685.5,670.5,672.5,1513373
2012-02-23,675.0,677.0,665.5,676.0,2490471
2012-02-24,678.0,688.0,675.06,684.5,1589401
2012-02-27,683.0,684.0,671.0,678.5,2492817
2012-02-28,681.5,688.0,673.0,676.5,1602187
2012-02-29,676.85,684.0,673.5,675.0,2477147
2012-03-01,675.0,692.5,673.0,683.0,2578133
2012-03-02,683.0,691.0,683.0,689.5,1870753
2012-03-05,688.3,697.5,682.5,691.5,2132573
2012-03-06,692.65,698.0,676.0,677.0,3179265
2012-03-07,682.45,691.0,675.1,688.5,2194826
2012-03-08,692.5,704.06,691.65,701.0,2331990
2012-03-09,702.5,728.0,700.5,716.5,4728439
2012-03-12,714.66,729.5,701.03,728.0,2631121
2012-03-13,731.0,742.14,729.0,740.0,2909395
2012-03-14,737.91,740.0,728.0,731.5,2157332
2012-03-15,733.0,735.0,723.5,730.0,2874796
2012-03-16,728.0,749.5,726.5,743.0,4510437
2012-03-19,742.93,743.0,725.0,738.5,2009876
2012-03-20,735.5,735.5,726.5,731.0,1820040
2012-03-21,731.5,736.5,729.5,732.0,2365877
2012-03-22,732.61,731.5,718.5,724.0,1970301
2012-03-23,723.87,729.5,712.0,719.5,2541453
2012-03-26,723.0,732.0,715.5,724.5,2123382
2012-03-27,729.0,732.0,717.5,721.0,2197784
2012-03-28,718.5,722.5,707.25,708.5,2556323
2012-03-29,713.61,712.0,703.5,707.5,2737436
2012-03-30,709.0,722.64,705.5,722.5,2915163
2012-04-02,723.5,732.0,722.0,730.5,4089587
2012-04-03,731.5,736.5,724.0,724.0,2640974
2012-04-04,724.5,727.0,718.0,719.0,3937240
2012-04-05,720.0,724.95,715.5,724.0,3356816
2012-04-10,717.0,721.29,713.5,716.0,3480566
2012-04-11,715.0,723.0,709.0,716.5,2728378
2012-04-12,722.44,724.5,713.32,721.0,2979798
2012-04-13,720.5,724.67,711.5,714.0,1602210
2012-04-16,710.5,716.5,703.0,707.5,2164976
2012-04-17,708.5,720.0,707.0,717.5,1683378
2012-04-18,720.5,723.0,712.5,716.0,2237088
2012-04-19,716.84,724.0,713.5,719.5,3144246
2012-04-20,720.0,732.5,716.14,731.0,2645905
2012-04-23,730.31,730.5,710.7,717.5,1689213
2012-04-24,720.5,726.5,717.0,722.5,1807776
2012-04-25,725.0,735.0,722.5,726.0,1524412
2012-04-26,729.5,730.0,713.5,727.0,1916379
2012-04-27,723.0,745.0,723.0,739.5,4256395
2012-04-30,741.0,741.0,725.0,727.5,2054618
2012-05-01,727.5,741.5,724.5,739.5,622662
2012-05-02,742.0,745.0,736.0,737.0,1940773
2012-05-03,738.5,747.5,738.0,742.5,1439821
2012-05-04,738.0,743.5,724.5,729.0,1411982
2012-05-08,730.5,750.0,728.0,742.0,2628265
2012-05-09,745.5,745.5,727.0,737.5,2007398
2012-05-10,739.5,740.0,731.5,734.5,1590871
2012-05-11,736.5,755.0,729.5,751.0,1888519
2012-05-14,747.0,748.0,731.0,738.0,1856611
2012-05-15,735.0,739.5,729.0,734.5,1861075
2012-05-16,718.0,738.0,714.5,735.5,3084738
2012-05-17,733.0,737.5,721.5,725.0,1971022
2012-05-18,716.0,722.0,714.0,717.5,3267735
2012-05-21,715.0,723.77,709.0,721.0,1685972
2012-05-22,730.5,730.5,712.0,722.0,1909221
2012-05-23,719.0,720.7,707.0,707.5,1824618
2012-05-24,710.0,720.0,703.5,713.5,2363867
2012-05-25,717.0,719.5,709.0,711.0,1514090
2012-05-28,715.5,722.5,697.51,717.5,1564374
2012-05-29,722.0,725.0,713.0,716.0,1669775
2012-05-30,715.0,715.5,699.7,704.0,3432811
2012-05-31,709.0,715.0,705.5,709.0,3592954
2012-06-01,709.43,713.5,702.44,706.0,3100863
2012-06-06,708.0,725.0,705.5,713.5,4818952
2012-06-07,716.5,726.0,714.5,719.5,2189886
2012-06-08,710.0,721.0,710.0,717.0,1464478
2012-06-11,727.0,727.0,705.5,707.5,1507186
2012-06-12,704.0,715.0,704.0,715.0,3786527
2012-06-13,713.5,719.5,711.0,719.5,1826320
2012-06-14,716.0,727.0,714.85,726.5,2040457
2012-06-15,730.5,738.0,725.5,731.5,5204371
2012-06-18,731.32,743.0,725.5,732.0,2035379
2012-06-19,734.0,748.0,734.0,744.5,2127150
2012-06-20,738.0,748.0,735.5,746.5,1913093
2012-06-21,740.5,742.12,733.0,737.0,3548184
2012-06-22,729.5,736.89,725.5,732.5,2024219
2012-06-25,729.5,735.5,725.5,727.5,1658034
2012-06-26,730.5,736.0,726.0,730.5,2216095
2012-06-27,735.5,744.0,732.5,740.5,1840961
2012-06-28,745.0,745.0,720.0,728.5,2211145
2012-06-29,742.5,746.5,737.5,738.5,2764182
2012-07-02,740.5,750.5,738.0,750.5,2389944
2012-07-03,754.0,755.0,749.0,755.0,2327697
2012-07-04,755.0,755.58,750.5,754.5,1444329
2012-07-05,757.0,757.0,746.0,751.5,1988908
2012-07-06,750.0,756.5,750.0,755.5,1444564
2012-07-09,754.5,767.0,749.58,758.0,2060010
2012-07-10,763.0,767.5,758.5,762.0,2118176
2012-07-11,762.5,769.0,762.0,765.5,2553122
2012-07-12,763.5,772.08,760.38,769.0,2054599
2012-07-13,770.0,782.0,770.0,776.5,1804921
2012-07-16,779.0,786.0,776.37,783.0,1513096
2012-07-17,784.5,787.5,770.0,781.0,1721832
2012-07-18,773.5,780.0,771.5,775.0,3328255
2012-07-19,774.5,786.0,770.0,783.5,1965757
2012-07-20,783.5,788.0,770.0,772.0,3217859
2012-07-23,770.5,771.0,758.0,762.5,2274753
2012-07-24,765.5,768.03,759.5,764.5,1665561
2012-07-25,762.5,780.5,762.5,780.0,2510950
2012-07-26,780.75,788.0,772.5,785.5,1982928
2012-07-27,789.5,791.5,777.5,791.5,1768777
2012-07-30,793.5,799.08,790.0,799.0,1372484
2012-07-31,798.0,801.5,787.5,790.0,1591866
2012-08-01,792.5,802.0,791.0,799.5,2488312
2012-08-02,801.0,805.0,794.0,797.0,1816763
2012-08-03,800.5,812.0,797.0,808.0,1622425
2012-08-06,807.5,816.5,807.5,809.0,1125174
2012-08-07,805.69,814.0,802.0,808.5,1953154
2012-08-08,803.0,812.0,801.0,812.0,2742025
2012-08-09,815.5,815.5,802.0,803.5,1605254
2012-08-10,803.0,811.0,797.0,798.0,1186771
2012-08-13,799.0,805.0,797.83,800.5,1508748
2012-08-14,806.0,807.5,802.0,806.0,1060514
2012-08-15,809.0,809.5,802.0,806.0,1552312
2012-08-16,808.0,810.0,803.5,804.0,2164225
2012-08-17,808.5,809.5,803.0,807.5,1518819
2012-08-20,809.5,817.0,808.65,810.5,1747587
2012-08-21,815.5,818.5,810.0,815.0,1486831
2012-08-22,813.5,815.0,802.0,805.0,1392466
2012-08-23,805.0,808.2,786.5,788.0,2532469
2012-08-24,792.0,792.0,779.0,783.0,2186531
2012-08-28,782.5,787.5,776.5,785.5,1189268
2012-08-29,788.0,788.53,780.0,782.0,1221055
2012-08-30,781.5,791.0,776.5,788.0,1706684
2012-08-31,789.0,794.65,786.0,791.0,1921964
2012-09-03,788.0,797.0,787.0,793.5,889429
2012-09-04,783.0,784.7,774.0,777.5,2420836
2012-09-05,779.0,787.2,775.5,785.5,2042447
2012-09-06,789.5,802.5,784.0,801.0,2064755
2012-09-07,802.5,807.0,800.0,803.0,1177202
2012-09-10,800.0,803.5,796.5,798.0,956906
2012-09-11,797.0,798.5,791.0,792.5,1355344
2012-09-12,789.0,789.5,782.0,788.0,1773913
2012-09-13,789.0,791.0,782.0,784.5,1253985
2012-09-14,794.0,803.5,788.0,795.5,1559184
2012-09-17,792.0,799.0,790.55,796.5,1162219
2012-09-18,795.0,796.0,790.5,792.5,1034342
2012-09-19,797.0,800.0,786.0,786.5,1897974
2012-09-20,784.5,785.0,771.0,772.0,2161713
2012-09-21,773.0,775.19,766.0,767.0,4116260
2012-09-24,766.85,769.0,761.5,764.0,1458942
2012-09-25,766.0,777.5,764.0,776.5,1867956
2012-09-26,769.5,773.5,764.0,768.0,1761085
2012-09-27,770.0,773.0,762.0,766.5,1881314
2012-09-28,766.5,772.5,761.0,761.5,1820612
2012-10-01,762.0,769.0,759.55,767.0,1738176
2012-10-02,764.5,770.5,763.0,766.5,1366512
2012-10-03,766.0,773.0,764.0,771.0,1263939
2012-10-04,772.5,775.5,766.0,771.0,1310404
2012-10-05,767.0,776.5,762.5,775.0,1386772
2012-10-08,771.0,774.5,768.5,773.5,1615740
2012-10-09,774.0,777.5,772.0,774.0,1907763
2012-10-10,772.5,779.0,771.0,776.5,2852478
2012-10-11,774.5,790.5,774.5,788.5,1737959
2012-10-12,787.0,788.78,783.5,784.5,1071603
2012-10-15,783.5,798.55,783.5,796.5,1812752
2012-10-16,800.0,805.5,797.0,803.5,2047991
2012-10-17,807.5,808.0,801.5,807.0,1591476
2012-10-18,808.0,814.0,804.0,807.5,1599095
2012-10-19,807.5,818.0,807.0,812.0,1459145
2012-10-22,811.0,812.5,806.05,810.0,1344734
2012-10-23,812.0,812.0,800.0,804.0,1636471
2012-10-24,807.0,807.5,801.95,807.0,1895371
2012-10-25,805.5,810.0,803.05,806.5,1983062
2012-10-26,803.0,810.0,795.5,806.5,1707533
2012-10-29,808.5,813.5,806.0,811.0,1042629
2012-10-30,813.0,814.5,806.0,809.5,1505734
2012-10-31,806.5,816.5,804.0,804.0,1999382
2012-11-01,804.5,812.5,803.25,811.0,1739182
2012-11-02,809.5,824.0,809.5,817.0,2145039
2012-11-05,812.5,817.0,812.0,815.5,1181623
2012-11-06,818.5,824.5,816.5,821.0,1012706
2012-11-07,828.0,828.0,807.0,811.0,1948465
2012-11-08,802.0,809.0,787.0,794.5,3013361
2012-11-09,796.5,798.0,784.0,788.5,1888608
2012-11-12,788.0,797.52,788.0,792.0,1099546
2012-11-13,793.0,793.0,784.0,791.5,2136575
2012-11-14,789.0,791.0,780.0,782.5,2032043
2012-11-15,785.0,785.0,770.5,772.5,2041960
2012-11-16,772.5,774.5,762.5,762.5,1739130
2012-11-19,768.0,776.0,765.5,775.0,1722511
2012-11-20,772.5,781.0,768.0,777.0,1215592
2012-11-21,781.0,791.5,781.0,783.5,1675064
2012-11-22,789.5,794.0,788.05,792.0,1201950
2012-11-23,792.0,796.0,789.05,795.0,772703
2012-11-26,794.5,801.5,791.5,796.0,1222804
2012-11-27,801.0,802.0,795.5,798.0,946388
2012-11-28,795.0,797.95,791.0,792.5,2025828
2012-11-29,796.5,804.0,794.0,801.0,1355225
2012-11-30,803.0,816.0,800.5,808.0,4426206
2012-12-03,807.92,817.0,807.5,814.5,1361316
2012-12-04,814.5,820.0,807.5,816.5,1750719
2012-12-05,812.5,816.0,801.5,807.5,1794131
2012-12-06,810.0,812.0,800.5,805.5,1430876
2012-12-07,805.0,813.0,802.5,813.0,698037
2012-12-10,811.0,816.5,808.5,814.5,859339
2012-12-11,816.5,819.0,810.5,812.0,1060274
2012-12-12,810.5,813.5,808.0,810.0,1571859
2012-12-13,810.0,817.0,808.0,812.5,984802
2012-12-14,812.5,816.54,809.5,813.5,1538086
2012-12-17,814.5,815.5,803.5,809.0,1151447
2012-12-18,809.0,812.5,806.5,809.5,2193680
2012-12-19,811.5,820.0,808.5,819.0,1730999
2012-12-20,818.0,825.5,816.5,823.5,1239602
2012-12-21,820.5,825.0,816.0,817.5,3121277
2012-12-24,817.0,822.5,807.5,820.5,211887
2012-12-27,821.5,830.0,820.24,825.5,594944
2012-12-28,826.0,828.5,817.26,820.0,701833
2012-12-31,815.5,817.26,808.0,813.5,661659
2013-01-02,824.5,831.0,819.0,824.0,1267436
2013-01-03,824.5,827.5,820.5,822.0,734197
2013-01-04,820.0,831.5,819.5,829.0,1475523
2013-01-07,831.0,833.5,828.5,832.0,1343000
2013-01-08,830.0,839.5,825.5,831.0,1735972
2013-01-09,831.0,836.0,830.5,832.5,1304219
2013-01-10,830.0,835.5,829.11,832.0,1058305
2013-01-11,831.5,842.0,830.73,831.5,1013487
2013-01-14,832.0,839.5,825.7,827.0,1158770
2013-01-15,827.5,831.0,824.5,829.0,779951
2013-01-16,829.0,833.0,818.5,823.0,1632048
2013-01-17,823.0,823.0,815.5,818.0,1501200
2013-01-18,817.84,821.05,812.5,816.0,1524169
2013-01-21,816.0,819.0,746.0,812.5,1258417
2013-01-22,811.0,811.5,801.5,805.5,1860948
2013-01-23,807.0,811.5,802.5,810.0,1441421
2013-01-24,807.5,819.5,805.0,815.5,2430312
2013-01-25,814.5,818.0,810.5,814.0,1187803
2013-01-28,814.5,817.0,806.0,807.5,1349630
2013-01-29,808.0,812.0,800.0,806.0,1614267
2013-01-30,807.5,810.0,803.0,804.5,1161669
2013-01-31,806.99,809.0,800.5,803.0,2202508
2013-02-01,803.5,808.0,800.0,804.5,1182882
2013-02-04,803.5,807.0,798.0,801.5,1351131
2013-02-05,802.0,813.0,802.0,809.0,1624023
2013-02-06,811.0,815.53,804.0,807.0,1599747
2013-02-07,807.0,809.25,798.0,799.0,1883384
2013-02-08,804.0,819.0,799.5,812.5,2703335
2013-02-11,810.5,820.11,809.5,817.0,1223384
2013-02-12,815.0,831.0,815.0,831.0,1342888
2013-02-13,830.0,839.14,827.5,832.0,1527339
2013-02-14,834.0,834.0,822.5,829.0,1489166
2013-02-15,827.5,839.0,826.5,835.0,2010562
2013-02-18,836.5,843.5,834.0,840.5,1268096
2013-02-19,839.5,848.5,836.36,845.5,2052491
2013-02-20,845.0,850.0,839.0,842.0,1458465
2013-02-21,839.0,841.58,827.0,836.0,1494703
2013-02-22,839.5,844.0,838.0,841.0,1121889
2013-02-25,840.0,842.5,826.0,831.0,1858591
2013-02-26,826.0,827.0,815.17,819.0,1637269
2013-02-27,821.5,822.55,810.5,815.5,1609563
2013-02-28,817.5,835.5,817.5,829.5,2584272
2013-03-01,829.5,844.5,829.0,840.5,1695019
2013-03-04,843.0,848.5,837.0,842.5,1165145
2013-03-05,847.5,852.5,844.5,849.0,1777056
2013-03-06,850.5,853.5,840.5,843.0,2041990
2013-03-07,844.0,853.0,843.32,847.0,1532700
2013-03-08,851.0,851.0,844.0,847.5,1003255
2013-03-11,845.5,846.32,830.5,832.5,2018747
2013-03-12,830.0,830.0,821.0,823.5,1940863
2013-03-13,817.5,821.82,813.0,818.0,2430110
2013-03-14,817.5,830.9,817.5,826.0,2307797
2013-03-15,825.0,828.5,818.69,826.5,4129807
2013-03-18,810.5,818.0,809.0,816.0,1470892
2013-03-19,817.0,819.64,810.0,814.5,1393517
2013-03-20,821.0,825.0,817.0,822.0,1700936
2013-03-21,821.27,822.55,809.0,809.5,1435472
2013-03-22,809.0,820.0,805.5,813.5,1217204
2013-03-25,813.5,822.57,802.0,818.0,1978611
2013-03-26,820.0,821.0,813.0,819.5,1382366
2013-03-27,821.0,822.0,807.0,813.5,1772727
2013-03-28,814.0,831.5,814.0,829.0,1908131
2013-04-02,828.5,838.0,827.5,838.0,1916549
2013-04-03,841.0,841.5,830.0,831.5,1343304
2013-04-04,829.0,892.61,822.5,824.5,1784432
2013-04-05,827.0,827.0,810.5,815.5,1389723
2013-04-08,819.5,822.0,814.0,820.0,1061961
2013-04-09,821.5,831.5,821.5,829.0,1315842
2013-04-10,829.0,850.5,829.0,850.0,1851162
2013-04-11,852.0,860.5,849.0,858.5,1769320
2013-04-12,856.5,861.5,854.5,859.0,2015803
2013-04-15,854.5,860.0,849.0,854.0,1287969
2013-04-16,849.5,860.5,846.0,859.0,1339918
2013-04-17,860.0,863.5,848.0,854.5,1698705
2013-04-18,857.0,861.0,849.0,853.5,904139
2013-04-19,856.0,864.27,854.48,863.0,1447297
2013-04-22,865.0,872.5,862.96,870.0,1754269
2013-04-23,870.0,880.64,866.48,878.0,2193430
2013-04-24,878.0,880.0,874.0,877.5,1854072
2013-04-25,879.5,880.0,873.0,879.0,1204871
2013-04-26,875.0,879.77,872.86,876.5,1690437
2013-04-29,878.5,887.0,878.0,886.0,1169343
2013-04-30,890.0,892.5,865.5,873.5,2333378
2013-05-01,874.5,883.5,870.5,876.5,627099
2013-05-02,873.0,878.5,868.0,874.0,1190203
2013-05-03,873.5,885.0,870.17,882.0,1317563
2013-05-07,886.0,899.5,883.5,898.0,1561019
2013-05-08,899.5,914.5,895.1,911.0,1776865
2013-05-09,909.5,924.5,907.5,920.0,1989868
2013-05-10,916.8,924.94,915.0,920.0,985752
2013-05-13,921.0,925.0,920.0,925.0,1558864
2013-05-14,923.0,934.5,923.0,934.5,1538376
2013-05-15,935.0,991.0,927.75,985.0,3287950
2013-05-16,980.0,994.5,979.59,987.0,3020710
2013-05-17,986.5,992.29,983.0,990.0,2388191
2013-05-20,993.5,1006.0,989.0,994.0,1410538
2013-05-21,989.0,992.42,972.8,981.0,2241876
2013-05-22,977.0,993.0,975.5,992.5,2894445
2013-05-23,975.0,981.0,960.0,967.0,2750500
2013-05-24,972.5,972.5,952.0,961.0,1570002
2013-05-28,969.5,982.69,968.0,971.5,1478971
2013-05-29,930.0,963.5,930.0,946.0,3541039
2013-05-30,948.05,949.5,929.5,933.5,2006900
2013-05-31,936.06,939.5,922.0,933.5,2849259
2013-06-03,926.0,936.5,913.0,928.0,1290875
2013-06-04,931.0,948.5,930.0,946.0,2349825
2013-06-05,941.5,943.5,929.0,932.0,1908499
2013-06-06,931.0,932.09,906.0,908.0,1709474
2013-06-07,920.0,932.5,913.0,931.0,2401130
2013-06-10,928.5,932.5,917.0,920.0,1725864
2013-06-11,917.5,917.5,897.0,906.5,2228082
2013-06-12,905.5,908.5,893.5,893.5,2423643
2013-06-13,881.0,895.0,877.98,888.5,2112351
2013-06-14,895.5,918.0,894.5,902.0,2549181
2013-06-17,902.5,908.28,899.5,900.0,1897627
2013-06-18,899.0,912.0,899.0,906.0,1715425
2013-06-19,900.5,906.1,887.5,899.5,1856187
2013-06-20,888.0,890.0,875.5,878.5,2793667
2013-06-21,878.5,893.0,872.5,872.5,4498144
2013-06-24,872.5,877.83,845.0,852.5,1881380
2013-06-25,858.0,860.0,845.0,855.5,2204142
2013-06-26,860.5,878.5,860.0,876.0,1700386
2013-06-27,880.0,891.5,876.5,881.0,2390509
2013-06-28,885.5,893.5,880.0,884.0,2010453
2013-07-01,895.0,900.5,877.5,892.0,2494173
2013-07-02,891.0,905.5,885.5,903.0,2629941
2013-07-03,895.0,900.5,889.5,897.0,1781730
2013-07-04,906.5,927.5,894.0,926.5,2285319
2013-07-05,928.0,944.5,926.5,939.0,2127520
2013-07-08,948.5,952.5,936.0,952.0,1553607
2013-07-09,952.5,965.5,952.0,959.0,2449846
2013-07-10,957.0,958.5,948.5,954.5,1741388
2013-07-11,962.0,972.0,961.0,972.0,2406634
2013-07-12,971.5,976.0,959.5,963.0,1483016
2013-07-15,966.5,973.0,959.3,967.0,1435467
2013-07-16,968.5,978.5,968.5,969.5,1962686
2013-07-17,969.0,973.0,941.5,945.0,1914973
2013-07-18,940.0,967.0,940.0,964.5,1439789
2013-07-19,961.5,970.0,961.0,968.5,2071435
2013-07-22,970.0,971.73,962.0,965.0,1444352
2013-07-23,970.5,973.5,957.5,957.5,2279575
2013-07-24,956.0,961.5,942.0,950.5,1846186
2013-07-25,947.5,953.75,936.5,939.5,1783929
2013-07-26,945.0,949.0,932.0,933.0,1241436
2013-07-29,933.0,945.5,931.0,935.5,1122034
2013-07-30,940.0,946.0,932.0,943.5,1967759
2013-07-31,942.5,958.5,939.0,949.0,1774526
2013-08-01,954.5,963.5,949.0,963.5,1767891
2013-08-02,963.5,966.0,946.5,949.0,1850432
2013-08-05,946.5,959.5,946.5,951.5,2431738
2013-08-06,949.0,956.5,940.75,947.5,1572167
2013-08-07,943.5,949.5,920.0,920.5,4028606
2013-08-08,920.0,925.0,912.0,922.0,3193146
2013-08-09,924.0,924.0,912.5,918.0,894556
2013-08-12,919.5,924.0,908.5,909.5,1972255
2013-08-13,913.5,923.0,910.0,916.5,1918751
2013-08-14,916.5,922.0,911.5,913.5,1342427
2013-08-15,915.0,919.0,888.5,892.0,1190511
2013-08-16,890.0,905.0,889.0,904.0,1621534
2013-08-19,907.0,910.5,891.5,894.0,1168427
2013-08-20,890.5,899.5,888.5,895.0,1165380
2013-08-21,892.5,897.5,886.06,886.5,1560830
2013-08-22,884.0,896.5,883.0,886.5,1928474
2013-08-23,889.0,910.5,884.0,902.0,2023930
2013-08-27,900.5,900.5,886.5,886.5,1899340
2013-08-28,886.5,891.0,881.5,890.5,1841015
2013-08-29,894.5,895.0,877.71,888.0,1470216
2013-08-30,894.5,896.5,882.5,883.0,1685761
2013-09-02,896.0,911.0,892.0,908.5,1229356
2013-09-03,899.5,899.5,881.0,881.0,2483774
2013-09-04,881.0,882.0,864.0,878.0,1469415
2013-09-05,882.5,887.0,875.0,881.0,1364187
2013-09-06,878.0,887.0,875.0,884.0,1646508
2013-09-09,889.0,895.5,887.0,893.5,1272188
2013-09-10,900.0,915.16,900.0,907.5,1950492
2013-09-11,905.0,906.0,895.5,902.0,1352451
2013-09-12,905.0,910.0,896.5,908.5,1620874
2013-09-13,909.5,922.6,906.5,922.0,1296099
2013-09-16,934.5,934.5,921.0,929.0,1443109
2013-09-17,933.5,933.5,918.5,920.5,1348091
2013-09-18,920.0,924.0,896.0,901.5,2270409
2013-09-19,920.0,932.64,919.5,925.5,4121637
2013-09-20,926.0,941.25,924.5,932.0,3334610
2013-09-23,934.5,934.5,916.5,921.0,1895994
2013-09-24,920.0,932.0,920.0,927.0,1381720
2013-09-25,925.5,928.5,914.9,922.0,847301
2013-09-26,923.5,936.5,917.5,933.5,1376490
2013-09-27,935.0,935.0,922.5,926.5,927507
2013-09-30,915.5,921.75,911.5,919.0,3215606
2013-10-01,920.0,925.5,913.5,924.5,1595449
2013-10-02,920.0,924.5,911.5,921.0,781769
2013-10-03,916.5,921.57,911.0,919.0,861513
2013-10-04,917.0,927.5,915.52,920.5,1219344
2013-10-07,916.0,921.0,910.66,914.5,921041
2013-10-08,915.0,919.5,911.0,915.5,1762200
2013-10-09,910.5,920.5,905.5,916.5,930584
2013-10-10,918.5,936.0,917.5,932.0,1760426
2013-10-11,934.0,947.0,933.5,945.0,1795471
2013-10-14,941.0,958.5,940.0,952.5,1130618
2013-10-15,960.5,962.0,954.5,958.0,968870
2013-10-16,955.0,971.5,954.5,968.0,1953072
2013-10-17,964.5,973.0,960.5,973.0,1769590
2013-10-18,978.0,980.0,972.0,978.5,2232926
2013-10-21,978.0,980.5,971.5,978.5,1267685
2013-10-22,977.5,998.0,973.5,981.5,2029931
2013-10-23,976.5,987.0,976.5,987.0,1414919
2013-10-24,987.5,1000.0,985.5,990.5,2443867
2013-10-25,994.0,1007.0,988.3,991.0,2288309
2013-10-28,995.0,996.5,989.0,993.0,1024525
2013-10-29,994.5,1000.0,991.5,999.0,1484942
2013-10-30,998.0,1001.0,991.0,995.0,1610291
2013-10-31,995.0,997.0,984.0,988.5,1756733
2013-11-01,989.5,989.5,970.5,976.0,2185929
2013-11-04,984.0,990.0,979.01,985.0,1514378
2013-11-05,985.0,985.0,968.0,972.0,1918729
2013-11-06,980.0,980.0,967.5,972.0,1489840
2013-11-07,969.0,979.0,964.0,970.5,1702466
2013-11-08,965.5,976.0,964.5,975.0,1377909
2013-11-11,977.5,986.0,972.5,980.0,1252590
2013-11-12,999.5,1009.0,967.0,974.0,2345412
2013-11-13,972.0,974.0,956.5,967.0,2380976
2013-11-14,974.5,981.5,966.0,971.0,1323724
2013-11-15,976.0,977.79,968.5,977.5,1489553
2013-11-18,973.5,975.0,966.0,969.5,1408223
2013-11-19,965.0,965.5,959.0,963.5,1487831
2013-11-20,963.0,965.0,944.59,950.0,1511466
2013-11-21,945.0,956.5,942.5,955.0,1433840
2013-11-22,956.5,960.0,950.5,950.5,1754202
2013-11-25,953.0,958.0,951.0,951.0,1525519
2013-11-26,951.5,961.0,951.5,955.5,2038526
2013-11-27,955.0,959.5,953.75,955.5,1122037
2013-11-28,953.0,959.0,948.5,954.0,1250179
2013-11-29,952.0,963.0,951.0,953.0,931633
2013-12-02,950.0,952.5,939.0,943.0,1513250
2013-12-03,939.0,943.5,936.0,941.5,1801946
2013-12-04,935.0,943.1,931.5,935.5,2717209
2013-12-05,930.0,942.1,929.3,937.5,1139871
2013-12-06,937.0,942.0,933.0,940.5,1616977
2013-12-09,942.5,947.5,934.0,947.5,1201174
2013-12-10,944.0,945.0,940.0,940.5,1139798
2013-12-11,936.5,947.0,936.5,940.0,2363603
2013-12-12,936.0,938.0,929.5,932.0,1758331
2013-12-13,930.5,934.5,927.0,928.5,873956
2013-12-16,925.5,941.0,924.0,931.5,1607881
2013-12-17,927.0,932.5,925.0,927.0,1396793
2013-12-18,928.0,932.5,926.0,928.0,847454
2013-12-19,938.5,953.5,937.67,951.0,2009702
2013-12-20,954.5,954.5,940.0,949.0,3460567
2013-12-23,944.0,958.0,944.0,957.0,761097
2013-12-24,953.5,965.0,953.5,962.0,181923
2013-12-27,959.5,966.0,949.82,955.0,754144
2013-12-30,951.0,957.0,943.0,946.0,844418
2013-12-31,951.5,963.5,947.0,963.5,645986
2014-01-02,967.5,967.5,947.0,948.0,1529149
2014-01-03,948.5,963.0,947.0,959.0,984305
2014-01-06,959.5,968.5,955.5,961.5,1331793
2014-01-07,958.0,979.5,958.0,976.5,1716619
2014-01-08,979.5,982.5,974.0,978.5,1698792
2014-01-09,980.5,986.0,974.0,978.0,1727798
2014-01-10,984.0,990.0,979.0,988.0,1319053
2014-01-13,990.0,997.0,989.0,995.5,915810
2014-01-14,985.0,994.0,981.0,989.5,1317974
2014-01-15,995.5,1010.0,990.5,1006.0,1891318
2014-01-16,1004.0,1010.0,996.0,1008.0,1304937
2014-01-17,1007.0,1036.0,1006.6,1030.0,3159312
2014-01-20,1029.0,1035.0,1021.0,1034.0,1300917
2014-01-21,1035.0,1049.0,1035.0,1045.0,2072369
2014-01-22,1043.0,1055.0,1037.0,1047.0,2370062
2014-01-23,1049.0,1055.0,1039.0,1047.0,2227189
2014-01-24,1046.0,1052.0,1046.0,1050.0,2848887
2014-01-27,1059.0,1070.0,1049.0,1055.0,3341249
2014-01-28,1061.0,1069.0,1045.0,1051.0,2730283
2014-01-29,1056.0,1061.0,1033.0,1035.0,2709816
2014-01-30,1034.0,1038.0,1030.0,1035.0,1906419
2014-01-31,1033.0,1035.0,1018.0,1029.0,2675630
2014-02-03,1026.0,1033.0,1024.0,1028.0,2131720
2014-02-04,1023.0,1026.0,1013.0,1014.0,3035211
2014-02-05,1015.0,1025.0,1005.0,1019.0,2560855
2014-02-06,1025.0,1028.0,1016.0,1023.0,2815283
2014-02-07,1024.0,1035.0,1022.0,1034.0,2293197
2014-02-10,1037.0,1050.46,1033.59,1048.0,1490607
2014-02-11,1050.0,1062.0,1046.0,1060.0,1452622
2014-02-12,1061.0,1062.92,1041.0,1043.0,2670655
2014-02-13,1043.0,1048.0,1033.0,1048.0,2350234
2014-02-14,1046.0,1051.0,1041.0,1044.0,1734354
2014-02-17,1047.0,1067.17,1045.0,1064.0,1533531
2014-02-18,1069.0,1081.0,1059.08,1080.0,1764557
2014-02-19,1077.0,1084.75,1071.0,1078.0,1272352
2014-02-20,1071.0,1091.0,1070.0,1091.0,1271155
2014-02-21,1093.0,1103.0,1081.0,1093.0,3031907
2014-02-24,1088.0,1089.0,1075.0,1087.0,1805811
2014-02-25,1088.0,1097.0,1086.38,1093.0,2755418
2014-02-26,1091.0,1093.0,1081.0,1085.0,1233274
2014-02-27,1083.0,1088.0,1075.0,1084.0,1244868
2014-02-28,1086.0,1089.0,1076.0,1086.0,1416049
2014-03-03,1073.0,1079.0,1063.0,1070.0,1406227
2014-03-04,1080.0,1092.0,1078.0,1090.0,1174684
2014-03-05,1087.0,1097.0,1087.0,1096.0,1292279
2014-03-06,1100.0,1100.0,1094.0,1094.0,2458808
2014-03-07,1089.0,1094.0,1075.0,1078.0,1321245
2014-03-10,1078.0,1083.0,1070.0,1073.0,1697832
2014-03-11,1073.0,1078.0,1063.0,1067.0,1297937
2014-03-12,1054.0,1055.95,1032.0,1032.0,3062778
2014-03-13,1036.0,1038.0,1024.0,1032.0,1919657
2014-03-14,1026.0,1038.0,1017.0,1034.0,2525513
2014-03-17,1048.0,1056.0,1038.0,1049.0,1722477
2014-03-18,1046.0,1064.0,1041.0,1052.0,1644765
2014-03-19,1052.0,1063.0,1052.0,1059.0,1771495
2014-03-20,1051.0,1053.0,1034.0,1037.0,1706700
2014-03-21,1039.0,1042.0,1031.0,1033.0,3063781
2014-03-24,1031.0,1036.0,1021.0,1026.0,1267601
2014-03-25,1028.0,1043.0,1028.0,1042.0,1569096
2014-03-26,1042.0,1048.0,1035.0,1035.0,1871665
2014-03-27,1031.0,1034.85,1025.0,1026.0,1434536
2014-03-28,1028.0,1036.0,1026.0,1034.0,1566723
2014-03-31,1035.0,1039.0,1020.0,1021.0,1993163
2014-04-01,1022.0,1027.0,1016.0,1022.0,1999261
2014-04-02,1022.0,1039.0,1021.0,1035.0,1732685
2014-04-03,1032.0,1039.36,1028.0,1031.0,1430626
2014-04-04,1032.0,1037.0,1028.0,1033.0,1511751
2014-04-07,1026.0,1032.0,1022.0,1024.0,1515204
2014-04-08,1022.0,1024.0,1007.0,1013.0,1515876
2014-04-09,1011.0,1021.0,1011.0,1016.0,1546881
2014-04-10,1021.0,1045.0,1021.0,1045.0,1933455
2014-04-11,1037.0,1040.0,1022.0,1023.0,1779097
2014-04-14,1017.0,1028.0,1008.0,1028.0,1447881
2014-04-15,1031.0,1042.0,1028.72,1031.0,1878475
2014-04-16,1038.0,1044.0,1037.0,1040.0,1183482
2014-04-17,1043.0,1050.0,1042.28,1047.0,1632582
2014-04-22,1048.0,1062.0,1047.0,1058.0,1475417
2014-04-23,1060.0,1075.0,1059.0,1060.0,1035228
2014-04-24,1066.0,1068.0,1057.0,1063.0,1097237
2014-04-25,1059.0,1065.0,1055.0,1055.0,1052480
2014-04-28,1056.0,1069.0,1056.0,1059.0,2197900
2014-04-29,1063.0,1077.0,1061.25,1072.0,1349045
2014-04-30,1074.0,1074.0,1057.0,1062.0,1340089
2014-05-01,1063.0,1075.0,1060.0,1060.0,1071493
2014-05-02,1058.0,1066.0,1055.0,1059.0,1393037
2014-05-06,1062.0,1073.0,1056.0,1071.0,1558458
2014-05-07,1065.0,1078.0,1065.0,1078.0,1213630
2014-05-08,1084.0,1096.0,1079.0,1094.0,1412990
2014-05-09,1094.0,1094.0,1081.72,1092.0,979770
2014-05-12,1096.0,1097.0,1079.64,1085.0,958548
2014-05-13,1091.0,1101.0,1089.0,1101.0,1263314
2014-05-14,1100.0,1111.0,1085.0,1105.0,1772498
2014-05-15,1090.0,1093.34,1063.0,1078.0,2216627
2014-05-16,1081.0,1084.0,1051.0,1064.0,2205342
2014-05-19,1065.0,1077.0,1061.0,1063.0,1675898
2014-05-20,1060.0,1074.0,1050.0,1054.0,1590977
2014-05-21,1054.0,1061.0,1051.0,1052.0,1330082
2014-05-22,1052.0,1059.0,1045.0,1056.0,1969364
2014-05-23,1059.0,1059.0,1045.0,1047.0,2035200
2014-05-27,1043.0,1059.0,1042.0,1059.0,1916035
2014-05-28,1060.0,1071.0,1057.0,1066.0,1040503
2014-05-29,1065.0,1071.0,1059.0,1062.0,804864
2014-05-30,1063.0,1074.0,1059.44,1068.0,1512340
2014-06-02,1074.0,1078.0,1069.0,1074.0,1105127
2014-06-03,1075.0,1077.0,1064.31,1071.0,888853
2014-06-04,1073.0,1078.0,1064.0,1077.0,1204813
2014-06-05,1075.0,1079.0,1069.0,1076.0,1216818
2014-06-06,1076.0,1099.0,1076.0,1093.0,1566266
2014-06-09,1098.0,1103.0,1094.0,1095.0,1308679
2014-06-10,1091.0,1098.0,1087.0,1094.0,1118890
2014-06-11,1091.0,1096.0,1072.0,1074.0,1542758
2014-06-12,1074.0,1082.0,1070.0,1075.0,779638
2014-06-13,1060.0,1062.84,1028.0,1028.0,2450930
2014-06-16,1028.0,1040.0,1024.0,1030.0,2933128
2014-06-17,1032.0,1040.0,1020.0,1020.0,1831020
2014-06-18,1017.0,1023.0,1009.0,1011.0,1574484
2014-06-19,1020.0,1031.0,1018.0,1028.0,2279995
2014-06-20,1024.0,1028.0,1015.0,1020.0,3250401
2014-06-23,1021.0,1024.25,1007.05,1013.0,1007779
2014-06-24,1014.0,1028.88,1009.0,1028.0,1730699
2014-06-25,1023.0,1035.37,1021.0,1027.0,1641211
2014-06-26,1029.0,1042.0,1022.0,1041.0,2442107
2014-06-27,1046.0,1051.0,1040.0,1040.0,1185823
2014-06-30,1040.0,1045.0,1032.0,1036.0,1768058
2014-07-01,1041.0,1057.0,1035.0,1053.0,1491271
2014-07-02,1060.0,1065.0,1054.38,1058.0,1640186
2014-07-03,1060.0,1062.0,1049.0,1049.0,1925356
2014-07-04,1053.0,1054.0,1040.0,1040.0,654712
2014-07-07,1041.0,1043.28,1019.0,1019.0,2428874
2014-07-08,1020.0,1022.0,1004.0,1004.0,2114623
2014-07-09,1005.0,1013.0,995.0,1009.0,2536815
2014-07-10,1010.0,1027.0,1007.0,1025.0,2082674
2014-07-11,1027.0,1027.0,1015.0,1020.0,934434
2014-07-14,1020.0,1024.0,1016.64,1020.0,1678021
2014-07-15,1018.0,1022.0,1008.0,1010.0,1087410
2014-07-16,1015.0,1028.0,1010.2,1028.0,2363331
2014-07-17,1029.0,1041.0,1022.0,1029.0,1160637
2014-07-18,1028.0,1038.0,1020.0,1037.0,2006389
2014-07-21,1035.0,1040.0,1023.12,1030.0,883595
2014-07-22,1037.0,1059.0,1034.0,1051.0,1968677
2014-07-23,1050.0,1060.0,1046.0,1058.0,2047132
2014-07-24,1059.0,1067.0,1052.0,1065.0,3839109
2014-07-25,1061.0,1066.0,1049.0,1051.0,2007936
2014-07-28,1052.0,1052.05,1041.0,1046.0,1144786
2014-07-29,1047.0,1056.0,1047.0,1051.0,1286905
2014-07-30,1053.0,1053.0,1045.0,1049.0,1192158
2014-07-31,1048.0,1048.0,1040.88,1043.0,1749009
2014-08-01,1040.0,1044.0,1030.0,1036.0,2036163
2014-08-04,1037.0,1038.0,1030.0,1035.0,1136938
2014-08-05,1034.0,1041.0,1032.0,1033.0,1347003
2014-08-06,1027.0,1027.0,1009.0,1018.0,1917914
2014-08-07,1018.0,1040.12,1015.0,1035.0,1934806
2014-08-08,1029.0,1032.0,1019.0,1031.0,1506674
2014-08-11,1035.0,1055.0,1034.15,1051.0,1322693
2014-08-12,1048.0,1052.0,1042.0,1044.0,1312506
2014-08-13,1043.0,1075.88,1042.0,1066.0,2133505
2014-08-14,1075.0,1093.0,1074.0,1090.0,2320086
2014-08-15,1092.0,1108.0,1090.0,1098.0,2581623
2014-08-18,1100.0,1103.0,1089.0,1092.0,1261969
2014-08-19,1097.0,1103.0,1091.0,1096.0,1216370
2014-08-20,1094.0,1100.0,1080.0,1082.0,1648368
2014-08-21,1081.0,1091.62,1081.0,1081.0,1452363
2014-08-22,1083.0,1090.0,1081.0,1087.0,1201198
2014-08-26,1092.0,1095.0,1084.46,1093.0,1176817
2014-08-27,1094.0,1096.0,1079.48,1084.0,1259914
2014-08-28,1084.0,1090.0,1082.57,1086.0,777499
2014-08-29,1087.0,1087.0,1074.0,1082.0,1063084
2014-09-01,1082.0,1084.0,1077.0,1079.0,734233
2014-09-02,1082.0,1083.0,1065.0,1067.0,2000084
2014-09-03,1071.0,1081.0,1071.0,1077.0,1283159
2014-09-04,1078.0,1087.0,1073.0,1083.0,1304290
2014-09-05,1085.0,1086.0,1074.0,1081.0,1131145
2014-09-08,1080.0,1084.0,1064.31,1071.0,837761
2014-09-09,1067.0,1070.75,1057.0,1066.0,855597
2014-09-10,1063.0,1067.0,1051.25,1056.0,931304
2014-09-11,1061.0,1069.9,1052.52,1057.0,1222464
2014-09-12,1057.0,1065.0,1055.0,1058.0,879494
2014-09-15,1055.0,1060.0,1050.0,1059.0,1065123
2014-09-16,1058.0,1060.52,1039.0,1045.0,1748752
2014-09-17,1052.0,1058.0,1050.0,1052.0,1092758
2014-09-18,1052.0,1066.0,1045.0,1063.0,1933139
2014-09-19,1073.0,1089.0,1070.0,1079.0,4027042
2014-09-22,1077.0,1082.0,1069.0,1075.0,1426389
2014-09-23,1076.0,1076.0,1056.0,1056.0,1316795
2014-09-24,1056.0,1058.0,1046.0,1054.0,2431212
2014-09-25,1050.0,1061.0,1036.0,1040.0,3700028
2014-09-26,1040.0,1057.0,1030.0,1051.0,1441937
2014-09-29,1049.0,1054.0,1040.0,1047.0,1410075
2014-09-30,1049.0,1050.0,1029.0,1039.0,2225784
2014-10-01,1035.0,1040.0,1026.0,1034.0,1865180
2014-10-02,1036.0,1037.0,1018.0,1018.0,1948512
2014-10-03,1022.0,1033.0,1018.0,1032.0,1409806
2014-10-06,1033.0,1039.0,1026.21,1032.0,1086951
2014-10-07,1030.0,1033.0,1021.0,1031.0,1736354
2014-10-08,1029.0,1034.0,1016.0,1030.0,1722259
2014-10-09,1038.0,1040.0,1023.12,1028.0,2038130
2014-10-10,1021.0,1036.0,1018.0,1029.0,2461075
2014-10-13,1021.0,1026.0,1012.25,1022.0,2210510
2014-10-14,1016.0,1033.08,1013.0,1024.0,1967224
2014-10-15,1028.0,1028.0,1006.0,1007.0,2326788
2014-10-16,1013.0,1027.0,988.5,1022.0,3253847
2014-10-17,1025.0,1040.0,1020.0,1033.0,3427953
2014-10-20,1030.0,1046.0,1029.0,1045.0,2514649
2014-10-21,1042.0,1068.0,1038.0,1068.0,2492408
2014-10-22,1071.0,1087.0,1067.0,1086.0,2701190
2014-10-23,1084.0,1097.0,1078.0,1093.0,2428389
2014-10-24,1090.0,1092.0,1081.0,1084.0,1748676
2014-10-27,1093.0,1095.0,1074.0,1076.0,2502742
2014-10-28,1081.0,1085.0,1074.0,1082.0,2901641
2014-10-29,1086.0,1094.0,1081.0,1088.0,1916079
2014-10-30,1088.0,1091.0,1070.0,1090.0,2484204
2014-10-31,1095.0,1108.0,1094.0,1107.0,2193335
2014-11-03,1104.0,1107.0,1099.0,1103.0,1563698
2014-11-04,1104.0,1115.0,1103.0,1108.0,3674869
2014-11-05,1111.0,1125.0,1111.0,1125.0,1668504
2014-11-06,1122.0,1124.0,1107.0,1121.0,1810212
2014-11-07,1125.0,1127.0,1098.0,1104.0,2343560
2014-11-10,1108.0,1111.0,1094.0,1111.0,1915104
2014-11-11,1131.0,1150.36,1121.44,1137.0,1994446
2014-11-12,1139.0,1143.0,1126.0,1142.0,1864851
2014-11-13,1148.0,1159.0,1144.1,1155.0,2017464
2014-11-14,1154.0,1161.0,1151.0,1158.0,1952926
2014-11-17,1153.0,1160.0,1147.0,1158.0,2040874
2014-11-18,1163.0,1170.0,1152.0,1170.0,1994867
2014-11-19,1174.0,1175.0,1165.0,1170.0,1729980
2014-11-20,1169.0,1172.0,1153.0,1158.0,1869967
2014-11-21,1161.0,1165.64,1156.75,1161.0,3228019
2014-11-24,1164.0,1175.0,1160.35,1165.0,1334051
2014-11-25,1165.0,1180.0,1163.75,1173.0,2126686
2014-11-26,1173.0,1178.0,1167.0,1173.0,1305749
2014-11-27,1176.0,1195.0,1175.21,1195.0,1253692
2014-11-28,1189.0,1201.0,1187.0,1188.0,2139875
2014-12-01,1191.0,1195.0,1182.12,1191.0,1318039
2014-12-02,1195.0,1210.0,1189.0,1196.0,1474144
2014-12-03,1192.0,1200.0,1181.0,1186.0,1557538
2014-12-04,1178.0,1190.0,1176.0,1180.0,1767165
2014-12-05,1186.0,1202.0,1183.0,1185.0,2351405
2014-12-08,1185.0,1185.0,1178.0,1180.0,1240075
2014-12-09,1181.0,1186.0,1151.0,1151.0,2083224
2014-12-10,1154.0,1166.0,1154.0,1159.0,1967444
2014-12-11,1162.0,1162.0,1143.0,1146.0,1813960
2014-12-12,1145.0,1146.0,1128.0,1134.0,1852787
2014-12-15,1136.0,1137.29,1112.0,1114.0,2003353
2014-12-16,1119.0,1148.0,1116.0,1147.0,3414329
2014-12-17,1140.0,1146.0,1137.0,1139.0,1951906
2014-12-18,1133.0,1145.0,1126.0,1145.0,2956688
2014-12-19,1148.0,1160.0,1148.0,1155.0,4161133
2014-12-22,1160.0,1181.0,1160.0,1173.0,1479243
2014-12-23,1178.0,1190.0,1168.0,1176.0,1094930
2014-12-24,1178.0,1189.0,1174.99,1184.0,227735
2014-12-29,1184.0,1184.0,1150.0,1157.0,2192362
2014-12-30,1148.0,1152.0,1143.0,1149.0,882973
2014-12-31,1152.0,1171.0,1149.0,1157.0,521081
2015-01-02,1169.0,1169.0,1140.0,1152.0,1033123
2015-01-05,1148.0,1170.0,1147.0,1162.0,2085824
2015-01-06,1158.0,1162.0,1138.0,1151.0,2071460
2015-01-07,1153.0,1179.0,1150.0,1173.0,2295976
2015-01-08,1183.0,1195.0,1169.0,1181.0,2342322
2015-01-09,1177.0,1187.0,1173.0,1182.0,1610040
2015-01-12,1187.0,1203.15,1185.0,1193.0,1290274
2015-01-13,1190.0,1211.0,1190.0,1208.0,1534054
2015-01-14,1195.0,1221.0,1195.0,1202.0,2374477
2015-01-15,1207.0,1226.0,1196.0,1226.0,2597842
2015-01-16,1219.0,1234.0,1209.0,1234.0,2898807
2015-01-19,1232.0,1246.0,1225.0,1239.0,1450537
2015-01-20,1245.0,1256.0,1240.0,1253.0,1962724
2015-01-21,1253.0,1272.0,1250.0,1263.0,2339903
2015-01-22,1262.0,1282.0,1256.0,1275.0,2195862
2015-01-23,1279.0,1289.0,1277.0,1284.0,2040295
2015-01-26,1283.0,1290.0,1277.0,1286.0,1839131
2015-01-27,1282.0,1292.0,1265.0,1270.0,1676933
2015-01-28,1277.0,1289.0,1259.0,1289.0,2659008
2015-01-29,1284.0,1300.0,1275.0,1298.0,1556699
2015-01-30,1297.0,1301.0,1270.0,1274.0,2793780
2015-02-02,1283.0,1294.08,1269.0,1294.0,1619536
2015-02-03,1293.0,1300.0,1285.0,1285.0,2924298
2015-02-04,1288.0,1295.27,1273.0,1295.0,2436133
2015-02-05,1290.0,1305.0,1288.0,1305.0,2541637
2015-02-06,1300.0,1312.0,1295.0,1302.0,2514591
2015-02-09,1302.0,1303.0,1267.0,1272.0,1735833
2015-02-10,1272.0,1278.0,1262.0,1269.0,3007114
2015-02-11,1269.0,1274.0,1261.0,1266.0,1474943
2015-02-12,1262.0,1271.0,1248.0,1253.0,2783819
2015-02-13,1258.0,1263.0,1244.0,1250.0,3003197
2015-02-16,1248.0,1254.0,1241.0,1243.0,1640325
2015-02-17,1241.0,1248.0,1231.0,1246.0,1735885
2015-02-18,1242.0,1250.0,1217.0,1223.0,2705513
2015-02-19,1230.0,1238.67,1223.0,1234.0,2204362
2015-02-20,1234.0,1234.0,1219.0,1230.0,2102507
2015-02-23,1237.0,1241.0,1227.0,1237.0,2368974
2015-02-24,1236.0,1250.0,1233.0,1238.0,2200583
2015-02-25,1241.0,1242.0,1225.0,1231.0,1971350
2015-02-26,1228.0,1244.0,1224.0,1243.0,2049420
2015-02-27,1246.0,1261.0,1238.0,1256.0,3208778
2015-03-02,1263.0,1280.0,1258.0,1278.0,3032936
2015-03-03,1285.0,1291.0,1278.0,1280.0,3089436
2015-03-04,1285.0,1285.0,1271.0,1277.0,2298981
2015-03-05,1277.0,1293.36,1277.0,1291.0,1628892
2015-03-06,1294.0,1295.0,1261.0,1265.0,2873339
2015-03-09,1263.0,1265.0,1229.0,1239.0,2375401
2015-03-10,1238.0,1254.0,1213.0,1215.0,2588351
2015-03-11,1212.0,1220.32,1207.0,1211.0,1926955
2015-03-12,1206.0,1218.0,1198.0,1198.0,2672174
2015-03-13,1201.0,1222.0,1201.0,1220.0,2664533
2015-03-16,1222.0,1235.96,1220.0,1233.0,2045675
2015-03-17,1229.0,1240.0,1225.0,1233.0,1888730
2015-03-18,1231.0,1262.0,1231.0,1260.0,1651612
2015-03-19,1267.0,1284.0,1265.0,1272.0,4328634
2015-03-20,1273.0,1277.0,1264.24,1276.0,3515320
2015-03-23,1277.0,1281.0,1268.0,1275.0,1755143
2015-03-24,1272.0,1291.0,1268.0,1286.0,1748223
2015-03-25,1288.0,1298.0,1270.0,1273.0,1344800
2015-03-26,1263.0,1270.0,1251.0,1260.0,3540828
2015-03-27,1265.0,1272.0,1253.0,1268.0,1906085
2015-03-30,1280.0,1280.0,1257.0,1264.0,1695662
2015-03-31,1265.0,1273.0,1250.5,1253.0,3178938
2015-04-01,1253.0,1263.25,1248.0,1255.0,2214848
2015-04-02,1257.0,1260.0,1249.0,1259.0,1284548
2015-04-07,1265.0,1282.0,1264.0,1276.0,1484663
2015-04-08,1276.0,1278.0,1267.0,1276.0,1147556
2015-04-09,1280.0,1293.0,1277.9,1289.0,1082713
2015-04-10,1292.0,1300.02,1290.0,1299.0,2034008
2015-04-13,1301.0,1306.0,1288.0,1292.0,2164570
2015-04-14,1288.0,1305.0,1288.0,1304.0,1820361
2015-04-15,1309.0,1310.0,1286.0,1291.0,1458526
2015-04-16,1296.0,1296.0,1268.0,1278.0,1689472
2015-04-17,1279.0,1291.0,1264.0,1267.0,2140081
2015-04-20,1273.0,1282.0,1268.0,1282.0,1641817
2015-04-21,1285.0,1289.0,1276.0,1281.0,1242113
2015-04-22,1288.0,1292.0,1259.0,1277.0,1649365
2015-04-23,1282.0,1282.0,1265.0,1275.0,1344046
2015-04-24,1274.0,1278.0,1255.0,1269.0,1785973
2015-04-27,1270.0,1281.0,1249.0,1271.0,1651467
2015-04-28,1276.0,1292.0,1250.0,1262.0,2018993
2015-04-29,1268.0,1280.0,1251.0,1251.0,2473355
2015-04-30,1251.0,1256.0,1232.0,1249.0,2568666
2015-05-01,1245.0,1245.0,1224.0,1229.0,1222260
2015-05-05,1236.0,1250.24,1221.0,1221.0,2482774
2015-05-06,1220.0,1220.5,1205.0,1212.0,2949543
2015-05-07,1208.0,1217.0,1191.0,1212.0,3912347
2015-05-08,1279.0,1284.0,1244.0,1263.0,4833058
2015-05-11,1263.0,1279.0,1259.0,1260.0,1804566
2015-05-12,1258.0,1262.0,1231.0,1258.0,2642450
2015-05-13,1259.0,1284.0,1256.25,1281.0,1893448
2015-05-14,1280.0,1300.0,1265.0,1296.0,1533841
2015-05-15,1300.0,1317.0,1300.0,1309.0,3119755
2015-05-18,1306.0,1321.0,1300.0,1311.0,2295782
2015-05-19,1325.0,1363.0,1325.0,1363.0,3266607
2015-05-20,1362.0,1362.0,1332.0,1338.0,2951477
2015-05-21,1339.0,1339.0,1321.0,1324.0,2199498
2015-05-22,1323.0,1330.0,1317.0,1320.0,2718003
2015-05-26,1320.0,1329.0,1303.0,1308.0,2601409
2015-05-27,1309.0,1335.0,1309.0,1327.0,1944215
2015-05-28,1321.0,1333.4,1318.0,1331.0,1529003
2015-05-29,1328.0,1337.0,1310.0,1313.0,2603783
2015-06-01,1312.0,1333.0,1308.0,1323.0,2241163
2015-06-02,1331.0,1331.0,1294.0,1294.0,2199287
2015-06-03,1294.0,1298.0,1271.0,1272.0,2715869
2015-06-04,1271.0,1287.0,1255.0,1273.0,2302514
2015-06-05,1269.0,1271.0,1249.0,1249.0,1846732
2015-06-08,1253.0,1258.0,1243.25,1246.0,1156883
2015-06-09,1245.0,1264.0,1242.0,1252.0,1885244
2015-06-10,1252.0,1271.0,1245.0,1269.0,1914109
2015-06-11,1263.0,1308.0,1261.0,1296.0,2343389
2015-06-12,1289.0,1297.0,1268.0,1270.0,2733168
2015-06-15,1266.0,1280.0,1261.0,1270.0,2160935
2015-06-16,1268.0,1275.0,1256.0,1268.0,2123046
2015-06-17,1271.0,1277.0,1236.0,1236.0,2012786
2015-06-18,1229.0,1233.0,1213.0,1231.0,3327488
2015-06-19,1228.0,1245.0,1227.0,1232.0,3637068
2015-06-22,1248.0,1259.0,1244.0,1256.0,1986348
2015-06-23,1259.0,1266.0,1246.0,1258.0,1440876
2015-06-24,1255.0,1257.0,1243.0,1245.0,1654468
2015-06-25,1245.0,1255.0,1238.0,1244.0,1898112
2015-06-26,1244.0,1247.0,1236.0,1240.0,889944
2015-06-29,1209.0,1232.59,1205.45,1218.0,1903518
2015-06-30,1218.0,1219.0,1204.0,1204.0,2009346
2015-07-01,1218.0,1236.0,1216.0,1234.0,3232975
2015-07-02,1237.0,1243.0,1230.64,1232.0,1793649
2015-07-03,1233.0,1253.0,1230.0,1249.0,2056972
2015-07-06,1244.0,1251.0,1229.0,1230.0,1654356
2015-07-07,1260.0,1269.0,1241.0,1250.0,3072903
2015-07-08,1250.0,1260.0,1244.0,1251.0,1578599
2015-07-09,1252.0,1275.0,1250.0,1275.0,1858530
2015-07-10,1290.0,1291.0,1281.0,1287.0,1420209
2015-07-13,1300.0,1308.27,1287.0,1303.0,1918011
2015-07-14,1308.0,1309.0,1287.0,1303.0,1635422
2015-07-15,1306.0,1314.0,1299.0,1308.0,1120490
2015-07-16,1316.0,1329.0,1313.0,1327.0,1311228
2015-07-17,1330.0,1334.0,1313.0,1331.0,1704618
2015-07-20,1315.0,1332.0,1311.0,1320.0,1236452
2015-07-21,1324.0,1325.0,1305.0,1305.0,3289331
2015-07-22,1301.0,1312.79,1296.0,1302.0,2379555
2015-07-23,1310.0,1310.0,1281.0,1285.0,2529454
2015-07-24,1284.0,1312.36,1282.0,1297.0,2485127
2015-07-27,1292.0,1309.0,1281.0,1282.0,2281069
2015-07-28,1287.0,1297.0,1280.0,1289.0,1730685
2015-07-29,1296.0,1303.0,1282.0,1293.0,2938068
2015-07-30,1295.0,1302.0,1273.0,1283.0,1401272
2015-07-31,1284.0,1305.55,1281.08,1298.0,2498031
2015-08-03,1292.0,1309.0,1292.0,1300.0,1290730
2015-08-04,1300.0,1313.0,1291.0,1312.0,1378231
2015-08-05,1312.0,1317.11,1306.0,1317.0,1612763
2015-08-06,1313.0,1332.0,1306.0,1330.0,2055227
2015-08-07,1328.0,1338.0,1322.72,1328.0,1249097
2015-08-10,1334.0,1338.0,1322.0,1335.0,1543630
2015-08-11,1330.26,1338.25,1316.0,1318.0,2203982
2015-08-12,1323.3,1323.46,1300.0,1307.0,2226491
2015-08-13,1320.0,1327.0,1310.0,1316.0,1878940
2015-08-14,1317.0,1330.0,1313.0,1318.0,1757660
2015-08-17,1325.0,1325.0,1311.5,1322.0,1229439
2015-08-18,1320.0,1331.0,1318.0,1326.0,1536373
2015-08-19,1323.0,1326.0,1308.0,1308.0,1647649
2015-08-20,1308.0,1312.0,1297.0,1299.0,1899479
2015-08-21,1284.0,1305.0,1280.0,1280.0,2853119
2015-08-24,1244.0,1252.0,1195.74,1217.0,4354244
2015-08-25,1235.0,1267.0,1225.0,1260.0,3246229
2015-08-26,1248.0,1263.0,1228.0,1228.0,2610463
2015-08-27,1252.0,1265.0,1239.0,1261.0,2222224
2015-08-28,1262.0,1262.0,1241.0,1252.0,1687347
2015-09-01,1236.0,1243.0,1219.0,1224.0,3026165
2015-09-02,1231.8,1260.82,1229.8,1247.81,1722140
2015-09-03,1259.82,1263.83,1247.81,1247.81,2014320
2015-09-04,1235.81,1235.81,1218.43,1221.8,1842270
2015-09-07,1230.8,1234.81,1220.8,1223.8,661440
2015-09-08,1231.8,1244.35,1225.8,1236.81,1254650
2015-09-09,1254.82,1264.83,1244.81,1248.82,1270150
2015-09-10,1241.81,1251.82,1232.81,1243.81,1212510
2015-09-11,1248.82,1248.82,1220.8,1220.8,1212160
2015-09-14,1225.8,1232.81,1208.79,1211.79,2278330
2015-09-15,1211.79,1213.79,1198.78,1205.79,1563450
2015-09-16,1211.79,1223.8,1208.79,1220.8,1694610
2015-09-17,1219.8,1233.81,1218.8,1228.8,1835470
2015-09-18,1225.8,1251.18,1222.8,1237.81,3622130
2015-09-21,1229.8,1245.81,1229.8,1237.81,1556450
2015-09-22,1237.81,1242.81,1219.8,1220.8,2449280
2015-09-23,1220.8,1255.82,1213.41,1247.81,1760650
2015-09-24,1248.82,1263.83,1241.81,1253.82,2095690
2015-09-25,1265.83,1283.84,1259.13,1280.84,1854960
2015-09-28,1278.84,1286.84,1254.82,1254.82,1386510
2015-09-29,1239.81,1255.82,1230.8,1234.81,1614380
2015-09-30,1257.82,1264.83,1248.82,1259.82,2365270
2015-10-01,1270.83,1280.84,1252.82,1252.82,1228160
2015-10-02,1261.82,1277.83,1248.82,1267.83,2055960
2015-10-05,1288.84,1306.85,1285.84,1306.85,2062720
2015-10-06,1309.86,1311.86,1292.84,1293.84,1594670
2015-10-07,1294.85,1301.85,1257.82,1262.82,1796490
2015-10-08,1261.82,1294.85,1261.82,1283.84,2161320
2015-10-09,1290.84,1298.85,1275.11,1282.84,1772980
2015-10-12,1284.84,1288.84,1277.83,1280.84,854120
2015-10-13,1281.84,1290.84,1276.83,1290.84,1133920
2015-10-14,1286.84,1291.84,1277.83,1288.84,1803640
2015-10-15,1292.84,1300.85,1286.84,1297.85,1262280
2015-10-16,1300.85,1303.85,1291.84,1296.85,1649690
2015-10-19,1293.84,1315.86,1293.84,1311.86,1473920
2015-10-20,1315.86,1322.86,1312.86,1315.86,1307220
2015-10-21,1320.86,1327.87,1313.86,1316.86,1390750
2015-10-22,1318.86,1338.87,1312.86,1336.87,1394250
2015-10-23,1339.88,1346.88,1334.87,1339.88,1521640
2015-10-26,1336.87,1343.88,1327.87,1335.87,1592500
2015-10-27,1330.87,1339.88,1329.87,1334.87,1058300
2015-10-28,1334.87,1355.88,1334.87,1352.88,1089400
2015-10-29,1350.88,1352.88,1336.87,1342.88,1495480
2015-10-30,1341.88,1349.88,1337.18,1339.88,2012210
2015-11-02,1330.87,1343.88,1330.87,1337.87,1257620
2015-11-03,1340.88,1340.88,1320.86,1323.86,1571720
2015-11-04,1323.86,1327.87,1299.85,1300.85,2504290
2015-11-05,1305.85,1324.87,1299.85,1323.86,1910010
2015-11-06,1328.87,1329.87,1306.85,1308.85,1588240
2015-11-09,1308.85,1312.86,1278.84,1278.84,2598370
2015-11-10,1270.83,1273.83,1228.8,1243.81,3324140
2015-11-11,1249.82,1249.82,1223.8,1241.81,3960610
2015-11-12,1239.81,1250.82,1221.8,1221.8,2092480
2015-11-13,1217.8,1223.8,1207.79,1220.8,2706240
2015-11-16,1215.79,1230.8,1208.79,1230.8,1491530
2015-11-17,1243.81,1255.82,1238.81,1246.81,2462020
2015-11-18,1245.81,1249.82,1234.81,1239.81,1407610
2015-11-19,1248.82,1256.82,1241.81,1250.82,1865130
2015-11-20,1258.82,1258.82,1243.81,1248.82,2055910
2015-11-23,1240.81,1244.81,1223.8,1224.8,1368830
2015-11-24,1222.8,1222.8,1202.09,1213.79,2103450
2015-11-25,1215.79,1241.81,1215.79,1232.81,1505230
2015-11-26,1235.81,1235.81,1220.8,1225.8,1060660
2015-11-27,1221.8,1234.81,1217.09,1233.81,972440
2015-11-30,1234.81,1239.81,1225.8,1231.8,1775070
2015-12-01,1232.81,1244.81,1228.8,1241.81,1658520
2015-12-02,1248.82,1253.82,1241.81,1243.81,1890690
2015-12-03,1232.81,1243.81,1197.78,1197.78,2619110
2015-12-04,1196.78,1210.79,1187.62,1206.79,2879770
2015-12-07,1214.79,1234.81,1209.79,1218.8,1372250
2015-12-08,1216.79,1221.8,1204.79,1204.79,1356480
2015-12-09,1203.79,1212.79,1198.78,1198.78,2696560
2015-12-10,1190.78,1203.69,1185.77,1186.78,1960100
2015-12-11,1185.77,1188.78,1157.76,1157.76,2285690
2015-12-14,1157.76,1180.37,1140.74,1140.74,1714190
2015-12-15,1148.75,1165.76,1140.74,1160.76,2822690
2015-12-16,1160.76,1189.78,1157.76,1187.78,2277750
2015-12-17,1200.78,1209.64,1182.77,1186.78,1421600
2015-12-18,1185.77,1191.78,1171.77,1171.77,2236020
2015-12-21,1172.77,1190.78,1161.76,1161.76,949980
2015-12-22,1172.77,1178.77,1159.76,1163.76,1207420
2015-12-23,1173.77,1182.77,1160.62,1182.77,1008830
2015-12-24,1186.78,1187.67,1179.67,1186.78,152590
2015-12-29,1193.78,1203.79,1187.81,1202.79,1265320
2015-12-30,1200.78,1204.79,1182.77,1188.78,1128440
2015-12-31,1189.78,1193.78,1177.77,1177.77,562690
2016-01-04,1167.76,1170.76,1151.75,1166.76,1867640
2016-01-05,1177.77,1190.78,1170.12,1186.78,1604330
2016-01-06,1189.78,1189.78,1165.76,1165.76,2293830
2016-01-07,1142.75,1151.75,1136.74,1142.75,2702020
2016-01-08,1147.75,1147.75,1118.73,1118.73,1854030
2016-01-11,1118.73,1140.74,1110.72,1118.73,1900790
2016-01-12,1127.74,1139.74,1118.73,1125.73,1902530
2016-01-13,1131.74,1139.74,1121.73,1124.73,1521340
2016-01-14,1112.73,1115.73,1097.72,1097.72,2855060
2016-01-15,1098.72,1107.72,1074.87,1076.7,3636130
2016-01-18,1076.61,1088.71,1067.7,1068.7,1805930
2016-01-19,1085.71,1094.71,1079.7,1081.71,2424120
2016-01-20,1068.7,1073.7,1053.69,1060.69,2212900
2016-01-21,1061.69,1079.7,1048.68,1074.7,3288620
2016-01-22,1096.72,1096.72,1080.7,1093.71,3202940
2016-01-25,1098.72,1101.08,1088.71,1094.71,1816080
2016-01-26,1080.7,1089.71,1077.7,1088.71,2162450
2016-01-27,1094.71,1094.71,1081.07,1086.71,2146080
2016-01-28,1080.7,1090.71,1067.7,1067.7,2483230
2016-01-29,1080.7,1098.33,1076.7,1095.71,3452710
2016-02-01,1098.72,1106.72,1089.71,1105.72,2216650
2016-02-02,1101.72,1106.1,1084.71,1086.71,2070030
2016-02-03,1082.71,1089.71,1065.7,1071.7,1839020
2016-02-04,1090.71,1090.71,1057.69,1061.69,2147170
2016-02-05,1067.7,1080.7,1063.69,1066.7,3147130
2016-02-08,1075.7,1078.7,1015.66,1019.67,3704990
2016-02-09,1020.67,1021.67,1000.65,1004.66,2897570
2016-02-10,1009.66,1038.68,1005.66,1022.67,2596230
2016-02-11,1012.66,1070.89,983.64,983.64,2711080
2016-02-12,990.65,1005.66,981.64,996.65,4433860
2016-02-15,1011.66,1028.67,1011.66,1024.67,1686060
2016-02-16,1028.67,1031.67,1011.66,1017.66,2070980
2016-02-17,1016.66,1039.68,1016.66,1038.68,1600750
2016-02-18,1041.68,1042.68,1030.67,1033.67,1308780
2016-02-19,1028.67,1038.68,1026.77,1036.68,1380160
2016-02-22,1040.68,1044.68,1010.66,1013.66,2402020
2016-02-23,1007.66,1011.66,991.15,992.15,2596670
2016-02-24,990.65,994.15,963.63,967.63,1696350
2016-02-25,977.14,998.15,976.47,997.15,1972410
2016-02-26,1003.65,1012.66,1002.65,1006.66,2257600
2016-02-29,1000.65,1010.66,994.65,1009.66,4005540
2016-03-01,1012.66,1039.68,1004.01,1039.68,3614650
2016-03-02,1042.68,1048.68,1035.68,1046.68,2654540
2016-03-03,1048.68,1059.69,1048.68,1054.69,2073900
2016-03-04,1059.69,1064.69,1046.68,1060.69,1953090
2016-03-07,1055.69,1057.69,1041.68,1041.68,1959040
2016-03-08,1043.49,1046.16,1030.56,1045.68,3869680
2016-03-09,1050.69,1051.69,1033.67,1036.68,1704320
2016-03-10,1030.67,1055.69,1023.67,1024.67,3089950
2016-03-11,1039.68,1053.69,1038.68,1051.69,2162730
2016-03-14,1055.69,1084.71,1054.69,1076.7,2783680
2016-03-15,1074.7,1084.71,1070.7,1078.7,2495390
2016-03-16,1085.71,1090.71,1064.69,1069.7,3119290
2016-03-17,1075.7,1079.7,1060.1,1078.7,2092700
2016-03-18,1084.71,1096.72,1072.7,1095.71,5065740
2016-03-21,1090.71,1105.17,1087.71,1098.72,1570980
2016-03-22,1095.71,1097.72,1071.55,1080.7,2715640
2016-03-23,1085.71,1085.71,1072.7,1079.7,2079400
2016-03-24,1070.7,1082.71,1062.69,1062.69,1523430
2016-03-29,1080.7,1086.71,1068.7,1080.7,1339290
2016-03-30,1088.71,1094.71,1079.7,1089.71,1627890
2016-03-31,1087.71,1101.72,1080.7,1101.72,3137200
2016-04-01,1090.71,1095.71,1086.71,1090.71,1917250
2016-04-04,1089.71,1105.72,1084.71,1097.72,1493640
2016-04-05,1090.71,1105.72,1089.71,1101.72,2296060
2016-04-06,1104.72,1119.73,1100.85,1117.73,1934280
2016-04-07,1117.73,1125.73,1103.72,1109.72,2457510
2016-04-08,1109.72,1128.93,1109.72,1121.73,2070410
2016-04-11,1119.73,1125.73,1114.73,1122.73,1260420
2016-04-12,1125.73,1125.73,1112.73,1121.73,1242830
2016-04-13,1129.74,1152.75,1125.73,1152.75,2040580
2016-04-14,1150.75,1153.75,1131.74,1132.74,2122790
2016-04-15,1133.74,1133.74,1110.72,1110.72,1875860
2016-04-18,1104.72,1106.72,1088.71,1097.72,1538910
2016-04-19,1096.72,1106.72,1092.71,1104.72,2014230
2016-04-20,1100.72,1114.73,1095.71,1114.73,1999190
2016-04-21,1117.73,1118.73,1097.22,1108.72,1818190
2016-04-22,1105.72,1105.72,1070.7,1074.7,2533980
2016-04-25,1073.7,1095.71,1071.75,1095.71,1927060
2016-04-26,1115.73,1132.74,1097.72,1126.73,2867960
2016-04-27,1123.73,1145.75,1122.73,1144.75,2886850
2016-04-28,1136.74,1144.75,1135.74,1140.74,2124720
2016-04-29,1136.74,1145.75,1131.74,1132.74,2557110
2016-05-03,1134.74,1143.75,1131.74,1134.74,2665950
2016-05-04,1138.74,1140.74,1130.74,1133.74,1733510
2016-05-05,1134.74,1142.75,1133.74,1142.75,1235330
2016-05-06,1138.74,1159.76,1138.74,1159.76,2194600
2016-05-09,1165.76,1185.77,1162.76,1177.77,1805230
2016-05-10,1184.77,1188.78,1173.77,1179.77,2059130
2016-05-11,1173.77,1179.77,1148.75,1151.75,1906730
2016-05-12,1148.75,1148.75,1136.74,1141.74,1840020
2016-05-13,1137.74,1145.75,1126.73,1145.75,2507570
2016-05-16,1137.74,1144.75,1132.74,1139.74,1614990
2016-05-17,1141.74,1181.77,1141.74,1162.76,2454390
2016-05-18,1152.75,1162.76,1151.75,1154.75,2123340
2016-05-19,1150.75,1158.76,1143.75,1144.75,2465800
2016-05-20,1157.76,1178.77,1153.75,1175.77,2913780
2016-05-23,1174.77,1192.78,1174.77,1187.78,3251140
2016-05-24,1186.78,1206.79,1177.77,1202.79,2516530
2016-05-25,1208.79,1211.79,1180.27,1180.77,2435050
2016-05-26,1179.77,1196.78,1173.77,1189.78,2076910
2016-05-27,1185.77,1188.78,1176.77,1188.78,2101920
2016-05-31,1189.78,1190.78,1166.76,1166.76,3088850
2016-06-01,1166.76,1166.76,1127.74,1145.75,2649290
2016-06-02,1142.75,1151.75,1140.74,1148.75,2207450
2016-06-03,1152.75,1167.96,1151.75,1163.76,1518810
2016-06-06,1159.76,1169.76,1154.75,1163.76,1442220
2016-06-07,1168.76,1171.77,1161.76,1163.76,1927480
2016-06-08,1157.76,1167.76,1154.75,1165.76,1113140
2016-06-09,1160.76,1170.76,1155.75,1165.76,1324220
2016-06-10,1166.76,1166.76,1138.74,1141.74,1751960
2016-06-13,1126.73,1140.74,1120.86,1124.73,1658230
2016-06-14,1119.73,1119.73,1095.71,1102.72,2181960
2016-06-15,1106.72,1119.73,1102.72,1109.72,1920140
2016-06-16,1096.72,1119.05,1085.71,1092.71,2452870
2016-06-17,1100.72,1105.96,1094.71,1099.72,4170900
2016-06-20,1138.74,1167.76,1138.74,1167.76,3247870
2016-06-21,1168.76,1188.78,1099.72,1185.77,3234100
2016-06-22,1197.78,1199.78,1179.77,1188.78,2500930
2016-06-23,1185.77,1209.79,1175.77,1190.78,2427310
2016-06-24,810.53,1038.84,810.53,1005.66,10256450
2016-06-27,985.64,992.15,900.09,910.59,6200190
2016-06-28,960.63,1001.65,953.12,989.65,7252980
2016-06-29,1003.65,1022.67,997.65,1022.67,4683410
2016-06-30,1015.66,1040.68,1004.66,1039.68,4406980
2016-07-01,1054.69,1059.69,1028.87,1039.68,3276040
2016-07-04,1050.69,1051.69,968.13,980.64,3733480
2016-07-05,969.63,970.63,924.1,944.62,5708910
2016-07-06,937.11,938.11,912.91,923.1,5922640
2016-07-07,937.61,990.65,935.87,963.13,4830050
2016-07-08,966.13,1014.35,957.62,1009.66,4474100
2016-07-11,1021.67,1060.72,1016.66,1057.69,4187880
2016-07-12,1054.69,1077.7,1037.68,1049.68,4583760
2016-07-13,1042.68,1050.69,1026.67,1038.68,2929260
2016-07-14,1051.69,1055.69,1038.68,1046.68,2789510
2016-07-15,1044.68,1055.69,1036.68,1045.68,3176460
2016-07-18,1045.68,1052.69,1033.67,1042.68,3312310
2016-07-19,1044.68,1076.7,1033.67,1074.7,3872870
2016-07-20,1080.7,1120.73,1068.7,1100.72,6152240
2016-07-21,1096.72,1103.72,1072.7,1087.71,3515400
2016-07-22,1083.71,1094.89,1075.7,1091.71,1578490
2016-07-25,1091.71,1107.72,1087.71,1102.72,2017710
2016-07-26,1108.72,1108.72,1090.71,1093.71,1810530
2016-07-27,1092.71,1101.72,1090.71,1095.71,2587300
2016-07-28,1100.72,1102.72,1089.71,1089.71,2322230
2016-07-29,1091.71,1098.72,1087.71,1094.71,1892830
2016-08-01,1094.71,1105.72,1089.71,1099.72,1273380
2016-08-02,1095.71,1098.72,1077.7,1082.71,1537670
2016-08-03,1082.71,1087.71,1067.7,1074.7,1759160
2016-08-04,1072.7,1097.72,1065.7,1094.71,2676280
2016-08-05,1099.72,1102.72,1088.71,1100.72,1518290
2016-08-08,1106.72,1111.73,1091.71,1099.72,2960470
2016-08-09,1099.72,1100.72,1085.71,1098.72,1292520
2016-08-10,1097.72,1106.72,1091.71,1102.72,1731220
2016-08-11,1110.72,1110.72,1076.7,1087.71,2115130
2016-08-12,1082.71,1109.72,1081.71,1106.72,1715470
2016-08-15,1103.72,1109.72,1096.72,1105.72,1134220
2016-08-16,1102.72,1102.81,1083.71,1083.71,1492210
2016-08-17,1085.71,1088.71,1074.37,1076.7,1758510
2016-08-18,1087.71,1088.71,1074.7,1083.71,1457510
2016-08-19,1081.71,1085.71,1071.7,1084.71,1844420
2016-08-22,1084.71,1093.71,1081.7,1093.71,1491320
2016-08-23,1100.72,1112.73,1097.72,1106.72,1210630
2016-08-24,1104.72,1114.73,1100.94,1114.73,1696960
2016-08-25,1107.72,1107.72,1093.71,1095.71,2171890
2016-08-26,1091.71,1096.72,1084.71,1093.71,1777580
2016-08-30,1094.71,1107.72,1088.71,1090.71,1532750
2016-08-31,1087.71,1099.72,1084.71,1094.71,2169240
2016-09-01,1096.72,1115.73,1096.72,1108.72,2526890
2016-09-02,1110.72,1111.73,1094.71,1098.72,3138090
2016-09-05,1104.72,1105.72,1087.71,1097.72,1576800
2016-09-06,1094.71,1096.72,1084.71,1085.71,2541860
2016-09-07,1084.71,1087.83,1080.7,1085.71,2107330
2016-09-08,1076.7,1084.71,1066.7,1080.7,2196200
2016-09-09,1072.7,1082.33,1057.69,1058.69,2492090
2016-09-12,1041.68,1067.9,1032.04,1039.68,2595430
2016-09-13,1045.68,1048.68,1014.66,1014.66,3240530
2016-09-14,1018.66,1019.67,1007.66,1018.66,3194590
2016-09-15,1017.66,1020.67,1006.66,1013.66,2829510
2016-09-16,1013.66,1015.66,1004.66,1007.66,4306070
2016-09-19,1011.66,1023.67,1005.41,1022.67,2704370
2016-09-20,1023.67,1050.2,1023.67,1037.68,2720450
2016-09-21,1043.68,1050.69,1033.67,1035.68,1594390
2016-09-22,1045.68,1060.69,1043.68,1059.69,1297900
2016-09-23,1059.69,1060.69,1048.09,1051.69,2233020
2016-09-26,1046.68,1047.68,1031.67,1046.68,1525750
2016-09-27,1055.69,1055.69,1036.68,1053.69,1742700
2016-09-28,1052.69,1058.69,1047.68,1049.68,1109510
2016-09-29,1053.69,1054.69,1041.68,1045.68,1481760
2016-09-30,1039.68,1058.78,1030.34,1058.69,2668710
2016-10-03,1054.69,1060.69,1050.69,1058.69,2275630
2016-10-04,1063.69,1069.7,1053.69,1054.69,3398730
2016-10-05,1050.69,1055.69,1020.67,1022.67,3144880
2016-10-06,1026.67,1026.67,1007.02,1013.66,3242190
2016-10-07,1018.66,1020.67,986.64,986.64,4728650
2016-10-10,992.65,994.15,970.13,971.63,4011640
2016-10-11,975.14,994.65,971.63,982.64,2608610
2016-10-12,980.64,987.14,968.13,969.63,2419740
2016-10-13,967.63,990.15,963.13,987.14,2414440
2016-10-14,989.65,1002.65,986.14,994.65,2628390
2016-10-17,998.65,999.15,986.64,987.14,2167800
2016-10-18,988.64,1006.16,988.64,1001.65,1632040
2016-10-19,1000.15,1005.66,990.33,1001.65,2973020
2016-10-20,1001.65,1028.67,999.15,1020.67,2639380
2016-10-21,1019.67,1022.67,1004.66,1011.66,2147910
2016-10-24,1015.66,1028.67,1008.66,1017.66,1660740
2016-10-25,1021.67,1030.67,1019.67,1025.67,2095050
2016-10-26,1025.67,1025.67,998.65,1004.66,1677840
2016-10-27,997.65,1000.65,974.14,985.64,2187240
2016-10-28,981.64,999.65,961.13,992.65,2979540
2016-10-31,994.15,1002.65,978.14,999.65,2489600
2016-11-01,1007.66,1007.66,981.64,984.14,2055160
2016-11-02,976.64,991.15,974.67,983.64,2147460
2016-11-03,978.14,1036.39,978.14,1007.66,4813000
2016-11-04,1002.65,1002.65,977.14,981.64,2089100
2016-11-07,997.15,1002.65,987.14,995.65,1723490
2016-11-08,991.15,1005.66,985.14,995.15,1995460
2016-11-09,965.63,995.65,965.63,995.65,2920540
2016-11-10,1000.65,1014.66,968.63,976.14,2902340
2016-11-11,977.14,997.15,977.14,988.14,2132140
2016-11-14,996.65,1002.65,983.64,985.64,2649640
2016-11-15,1023.67,1032.67,995.65,1002.65,3849650
2016-11-16,1000.65,1012.66,978.64,987.64,3285410
2016-11-17,987.64,1009.66,987.64,1006.66,2491100
2016-11-18,1004.66,1010.66,992.15,995.15,2307250
2016-11-21,994.65,997.65,975.64,980.64,2109460
2016-11-22,986.14,996.15,983.64,989.65,1771360
2016-11-23,991.65,996.65,964.63,969.63,2472840
2016-11-24,975.64,976.14,960.63,970.13,1131740
2016-11-25,971.63,974.2,965.13,971.63,903270
2016-11-28,966.13,973.63,960.63,972.13,2653600
2016-11-29,971.63,976.64,965.63,975.64,1853050
2016-11-30,979.14,985.14,966.63,970.63,4160830
2016-12-01,960.63,962.63,936.11,939.61,2843220
2016-12-02,934.11,964.13,933.61,960.13,3177070
2016-12-05,955.12,961.63,948.12,949.62,1882460
2016-12-06,956.62,972.13,955.62,969.63,3605090
2016-12-07,972.13,998.65,972.13,997.65,3235940
2016-12-08,1000.65,1013.86,997.82,1006.66,2267550
2016-12-09,1006.66,1018.66,1002.65,1014.66,1904280
2016-12-12,1014.66,1014.66,988.64,997.65,2351340
2016-12-13,998.65,1020.67,996.15,1018.66,2520910
2016-12-14,1018.66,1022.67,1014.66,1021.67,2171790
2016-12-15,1017.66,1025.67,1005.66,1021.67,2595680
2016-12-16,1019.67,1031.67,1019.67,1030.67,3372060
2016-12-19,1034.67,1036.68,1027.67,1032.67,1703920
2016-12-20,1034.67,1042.68,1029.67,1042.68,1878280
2016-12-21,1041.68,1050.86,1033.67,1048.68,1733000
2016-12-22,1046.68,1051.47,1041.68,1049.68,1070660
2016-12-23,1050.69,1072.7,1050.69,1070.7,754530
2016-12-28,1066.7,1070.7,1037.68,1039.68,1594580
2016-12-29,1036.68,1050.21,1025.67,1049.68,903270
2016-12-30,1047.68,1066.7,1046.48,1066.7,1042880
2017-01-03,1069.7,1069.7,1038.68,1044.68,1502840
2017-01-04,1042.68,1047.96,1036.68,1045.68,1482520
2017-01-05,1048.68,1051.69,1040.68,1043.68,2393560
2017-01-06,1043.68,1061.14,1043.68,1057.69,2260020
2017-01-09,1056.69,1060.69,1025.67,1034.67,1952840
2017-01-10,1032.67,1040.68,1025.67,1039.68,2567130
2017-01-11,1038.68,1042.68,1032.67,1034.67,1875190
2017-01-12,1030.67,1033.69,1018.66,1024.67,1958140
2017-01-13,1024.67,1028.67,1018.35,1020.67,1561480
2017-01-16,1013.66,1018.44,1006.66,1011.66,1568500
2017-01-17,1008.66,1026.67,999.65,1020.67,2912870
2017-01-18,1025.67,1025.67,1013.66,1015.66,1257060
2017-01-19,1015.66,1019.67,987.09,988.64,2531140
2017-01-20,990.65,999.61,983.64,985.14,2358080
2017-01-23,981.64,1001.65,979.64,1000.15,2308980
2017-01-24,1006.66,1007.66,987.14,988.14,1874580
2017-01-25,1005.66,1005.66,984.64,992.65,2092180
2017-01-26,996.65,1007.16,988.14,1006.66,2097500
2017-01-27,1010.66,1010.66,988.64,992.65,1462310
2017-01-30,986.64,991.9,977.99,986.64,1182540
2017-01-31,988.64,996.15,984.64,994.65,2438590
2017-02-01,1000.65,1006.66,996.65,1002.65,1551940
2017-02-02,998.65,1002.65,990.15,994.15,2138380
2017-02-03,1001.65,1007.66,999.65,1004.66,1749810
2017-02-06,1002.65,1006.66,994.15,1000.15,1218270
2017-02-07,1004.66,1019.67,1003.65,1013.66,2212850
2017-02-08,1011.66,1031.67,1005.66,1026.67,1851200
2017-02-09,1032.67,1048.68,1022.99,1046.68,3097500
2017-02-10,1046.68,1049.68,1039.4,1048.68,1759850
2017-02-13,1045.68,1049.68,1042.68,1044.68,1607180
2017-02-14,1040.68,1051.69,1038.68,1051.69,1864500
2017-02-15,1050.69,1057.69,1048.66,1054.69,1430500
2017-02-16,1052.69,1060.91,1047.68,1052.69,1512230
2017-02-17,1047.68,1054.78,1045.68,1054.69,1781190
2017-02-20,1055.69,1063.69,1054.69,1058.69,1241920
2017-02-21,1064.69,1064.69,1057.69,1058.69,1160640
2017-02-22,1060.69,1061.17,1050.69,1059.69,1149740
2017-02-23,1064.69,1072.7,1061.69,1064.69,1827270
2017-02-24,1062.69,1069.7,1061.47,1067.7,1226110
2017-02-27,1070.7,1070.7,1052.91,1056.69,1308130
2017-02-28,1064.69,1070.7,1059.69,1066.7,2311470
2017-03-01,1068.7,1072.7,1059.19,1068.7,2279360
2017-03-02,1063.69,1067.7,1055.69,1059.69,1612540
2017-03-03,1058.69,1062.01,1053.69,1061.69,1912820
2017-03-06,1061.69,1064.69,1056.69,1063.69,948520
2017-03-07,1067.7,1067.7,1056.69,1058.69,1520740
2017-03-08,1055.69,1059.69,1050.69,1054.69,1079080
2017-03-09,1049.68,1053.69,1045.68,1052.69,1623860
2017-03-10,1057.69,1057.69,1040.68,1040.68,2202030
2017-03-13,1044.68,1047.68,1034.39,1044.68,1478220
2017-03-14,1046.68,1047.68,1034.67,1036.68,1715490
2017-03-15,1039.68,1039.93,1028.67,1030.67,2364020
2017-03-16,1040.68,1043.78,1030.67,1043.68,3524910
2017-03-17,1041.68,1072.7,1034.67,1037.68,5338320
2017-03-20,1036.68,1049.68,1033.92,1046.68,2689440
2017-03-21,1047.68,1050.96,1037.68,1050.69,2119920
2017-03-22,1045.68,1048.68,1037.68,1040.68,2535810
2017-03-23,1040.68,1054.69,1035.68,1053.69,2778260
2017-03-24,1051.69,1056.69,1042.68,1055.69,1787870
2017-03-27,1056.69,1056.69,1040.68,1044.68,1617000
2017-03-28,1046.68,1050.69,1037.05,1037.68,1893290
2017-03-29,1042.68,1048.68,1036.68,1044.68,1983250
2017-03-30,1044.68,1044.87,1026.67,1027.67,2567700
2017-03-31,1025.67,1059.69,1025.67,1059.69,2738440
2017-04-03,1062.69,1063.69,1038.68,1044.68,1815140
2017-04-04,1048.68,1058.69,1048.38,1054.69,1493000
2017-04-05,1059.69,1072.7,1049.68,1071.7,2040550
2017-04-06,1077.85,1093.71,1066.7,1089.71,2999910
2017-04-07,1087.71,1105.72,1085.71,1099.72,2676950
2017-04-10,1100.72,1102.72,1087.71,1095.71,1234950
2017-04-11,1092.71,1117.23,1085.71,1115.73,2919980
2017-04-12,1121.73,1121.73,1109.72,1118.73,2142860
2017-04-13,1118.73,1124.73,1111.73,1117.73,2807810
2017-04-18,1116.73,1127.74,1103.72,1125.73,2458850
2017-04-19,1121.73,1130.74,1108.72,1113.73,3208870
2017-04-20,1116.73,1116.73,1102.72,1109.72,1733280
2017-04-21,1107.72,1111.73,1097.72,1097.72,2394010
2017-04-24,1122.73,1122.73,1105.72,1111.73,1762300
2017-04-25,1113.73,1127.74,1105.72,1120.73,1608990
2017-04-26,1116.73,1131.74,1112.73,1125.73,2018270
2017-04-27,1120.73,1124.73,1112.73,1118.73,2371160
2017-04-28,1114.73,1115.73,1104.72,1106.72,2293900
2017-05-02,1111.73,1126.73,1103.72,1123.73,2170070
2017-05-03,1123.73,1124.73,1107.72,1118.73,2157520
2017-05-04,1117.73,1119.73,1104.72,1108.72,1839990
2017-05-05,1112.73,1113.73,1104.72,1110.72,2465900
2017-05-08,1111.73,1141.74,1111.73,1129.74,2482580
2017-05-09,1127.74,1137.74,1126.73,1133.74,1501340
2017-05-10,1131.74,1136.74,1128.74,1128.74,1543370
2017-05-11,1126.73,1133.74,1119.73,1129.74,2977510
2017-05-12,1128.74,1132.74,1127.74,1132.74,1809470
2017-05-15,1132.74,1134.74,1127.74,1131.74,1630390
2017-05-16,1133.74,1133.74,1128.1,1131.74,1791560
2017-05-17,1132.74,1133.74,1109.72,1117.73,3491830
2017-05-18,1116.73,1117.73,1085.71,1092.71,3079720
2017-05-19,1086.71,1091.71,1066.7,1069.7,3537980
2017-05-22,1063.69,1083.71,1062.69,1077.7,2750260
2017-05-23,1073.7,1079.01,1064.69,1075.7,2856840
2017-05-24,1075.7,1083.41,1072.7,1075.7,3064920
2017-05-25,1078.7,1083.71,1067.7,1071.7,1793180
2017-05-26,1072.7,1076.7,1070.7,1075.7,2401380
2017-05-30,1073.7,1076.7,1064.69,1074.7,1849180
2017-05-31,1081.71,1086.71,1069.0,1070.7,3598880
2017-06-01,1084.71,1093.71,1077.7,1081.71,2736130
2017-06-02,1090.71,1090.71,1068.7,1074.7,2416440
2017-06-05,1074.7,1081.71,1061.69,1067.7,1390660
2017-06-06,1069.7,1074.0,1060.69,1063.69,1724010
2017-06-07,1066.7,1070.7,1056.29,1067.7,2786240
2017-06-08,1071.7,1082.71,1062.69,1069.7,3664180
2017-06-09,1050.69,1060.69,1030.77,1060.69,3339610
2017-06-12,1058.69,1068.7,1052.69,1064.69,2130550
2017-06-13,1070.7,1077.7,1062.69,1066.7,2710170
2017-06-14,1070.7,1087.71,1067.48,1083.71,2349320
2017-06-15,1080.7,1082.71,1053.69,1060.69,3118250
2017-06-16,1063.69,1071.7,1057.69,1067.7,6295970
2017-06-19,1068.7,1072.7,1054.69,1057.69,1629070
2017-06-20,1055.69,1070.7,1047.68,1047.68,3123570
2017-06-21,1046.68,1051.69,1034.67,1035.68,3144800
2017-06-22,1024.67,1024.67,1015.66,1017.66,3149030
2017-06-23,1017.66,1034.67,1013.66,1029.67,2083420
2017-06-26,1032.67,1040.68,1028.67,1028.67,2368590
2017-06-27,1028.67,1030.67,1017.66,1019.67,2299260
2017-06-28,1015.66,1021.67,1006.66,1006.66,2504270
2017-06-29,1010.66,1016.66,1007.66,1010.66,2744770
2017-06-30,1010.66,1020.67,1005.66,1013.66,3242460
2017-07-03,1012.66,1020.67,1003.65,1006.66,2464240
2017-07-04,1006.66,1015.66,1004.66,1012.66,1693010
2017-07-05,1012.66,1015.66,1007.66,1015.66,2911190
2017-07-06,1015.66,1022.67,1011.66,1014.66,2729940
2017-07-07,1015.66,1015.66,1008.66,1014.66,1924120
2017-07-10,1014.66,1026.67,1014.66,1020.67,1911000
2017-07-11,1020.67,1022.67,999.65,1002.65,1848930
2017-07-12,1004.66,1016.66,1001.65,1013.66,2096180
2017-07-13,1013.66,1017.66,1009.66,1015.66,1231560
2017-07-14,1016.66,1022.67,1010.66,1018.66,1387810
2017-07-17,1022.67,1022.67,1010.58,1010.66,927540
2017-07-18,1015.66,1033.67,1014.66,1026.67,2271380
2017-07-19,1029.67,1034.67,1022.67,1027.67,1694780
2017-07-20,1031.67,1034.98,1026.67,1032.67,1447470
2017-07-21,1034.67,1034.67,1020.67,1023.67,1486540
2017-07-24,1021.67,1024.67,1001.65,1005.66,2399140
2017-07-25,1007.66,1011.66,1001.65,1001.65,1912620
2017-07-26,1000.65,1008.96,1000.15,1001.65,1421590
2017-07-27,1003.65,1031.67,1003.65,1028.67,3400310
2017-07-28,1029.67,1029.67,1013.57,1015.66,2168660
2017-07-31,1014.66,1025.67,1012.66,1021.67,2477860
2017-08-01,1028.67,1031.67,1018.66,1019.67,2229420
2017-08-02,1018.66,1020.67,1010.66,1012.66,1638510
2017-08-03,1015.66,1028.67,1014.66,1026.67,1798180
2017-08-04,1024.67,1029.67,1017.66,1019.67,1436050
2017-08-07,1022.67,1022.67,1015.96,1021.67,1141680
2017-08-08,1021.67,1024.67,1016.66,1023.67,1206410
2017-08-09,1016.66,1025.67,1016.66,1022.67,1469230
2017-08-10,1021.67,1024.67,1010.66,1011.66,1236690
2017-08-11,1012.66,1015.66,1001.65,1004.66,1675570
2017-08-14,1005.66,1019.67,1002.65,1016.66,1471910
2017-08-15,1025.67,1027.67,1015.66,1020.67,1331070
2017-08-16,1026.67,1033.67,1024.67,1029.67,1598040
2017-08-17,1032.67,1032.67,1023.67,1023.67,1121650
2017-08-18,1020.67,1020.67,1002.65,1002.65,1779450
2017-08-21,1000.65,1006.66,999.15,1005.66,1244120
2017-08-22,1008.66,1016.66,1006.66,1013.66,1424120
2017-08-23,1012.66,1014.66,1002.65,1005.66,1804540
2017-08-24,1005.66,1015.66,1002.65,1007.66,1177860
2017-08-25,1010.66,1010.66,988.14,989.15,2856720
2017-08-29,982.14,994.65,981.14,991.15,2328990
2017-08-30,997.65,1003.65,993.65,1000.15,1303240
2017-08-31,1000.65,1013.66,995.15,1010.66,3319380
2017-09-01,1011.66,1014.96,996.15,996.65,1628680
2017-09-04,995.15,1003.65,993.15,998.65,966830
2017-09-05,996.65,1010.66,994.15,996.65,2772600
2017-09-06,986.64,1009.66,985.64,1006.66,5243100
2017-09-07,997.65,1004.66,992.86,1000.15,2443370
2017-09-08,997.65,1005.66,995.15,998.65,1544440
2017-09-11,1004.66,1016.66,998.56,1006.66,2053420
2017-09-12,1009.66,1010.66,998.65,1001.65,2124580
2017-09-13,1000.15,1001.65,989.15,989.15,2152490
2017-09-14,987.14,1001.65,987.14,990.65,2606160
2017-09-15,990.65,991.65,975.44,975.64,5113010
2017-09-18,977.64,982.39,971.63,971.63,1410280
2017-09-19,970.63,977.72,969.13,973.13,1257710
2017-09-20,974.14,977.14,965.13,967.13,2012820
2017-09-21,965.13,967.13,960.13,961.63,1780740
2017-09-22,961.13,966.63,956.12,963.13,1992130
2017-09-25,963.13,977.64,959.13,976.64,2235620
2017-09-26,974.64,987.64,972.13,977.14,2082910
2017-09-27,984.64,984.64,968.63,970.13,2560780
2017-09-28,975.5,981.0,964.5,968.0,3586100
2017-09-29,972.0,978.0,966.5,972.5,2518670
2017-10-02,976.0,979.5,968.6,979.5,0
2017-10-03,979.5,990.5,977.0,985.0,3402370
2017-10-04,984.0,996.5,980.61,984.5,2557470
2017-10-05,987.5,988.0,972.5,977.0,2152880
2017-10-06,976.0,982.0,974.0,980.0,2394760
2017-10-09,981.5,989.0,979.85,982.0,2046230
2017-10-10,984.0,990.5,979.5,990.5,2083310
2017-10-11,992.0,997.85,990.0,993.0,5951210
2017-10-12,996.0,997.5,988.0,993.0,2126860
2017-10-13,990.0,993.0,985.0,986.5,2384900
2017-10-16,988.5,991.5,973.5,976.5,2979070
2017-10-17,978.5,989.5,975.15,986.5,2505120
2017-10-18,993.0,1001.0,985.28,1000.0,1787800
2017-10-19,1002.0,1002.0,985.5,988.0,2979580
2017-10-20,992.5,997.0,974.0,975.0,3154160
2017-10-23,975.0,975.0,961.0,967.0,2079220
2017-10-24,965.0,970.0,961.5,962.5,1995710
2017-10-25,963.0,963.0,950.0,952.5,2811870
2017-10-26,955.0,957.5,950.5,950.5,2850720
2017-10-27,951.5,957.5,945.5,955.5,3542770
2017-10-30,956.5,962.0,952.0,957.0,2033680
2017-10-31,954.5,968.0,951.43,966.0,1891940
2017-11-01,964.5,967.5,950.5,952.5,6994030
2017-11-02,950.0,965.5,950.0,960.5,3163450
2017-11-03,963.5,966.5,955.0,958.0,1720590
2017-11-06,954.0,960.0,952.0,960.0,1539040
2017-11-07,963.5,963.5,946.0,949.0,2692800
2017-11-08,947.5,957.0,947.5,953.0,2107300
2017-11-09,954.0,957.0,944.5,949.5,2893240
2017-11-10,950.5,952.53,935.5,937.5,2781890
2017-11-13,936.5,944.5,936.5,940.5,2601940
2017-11-14,935.0,954.0,918.5,921.0,3208110
2017-11-15,916.0,924.0,912.0,922.5,2826270
2017-11-16,924.5,937.5,923.5,937.0,3852640
2017-11-17,936.5,937.5,924.5,932.5,3159960
2017-11-20,930.5,938.0,927.0,928.5,2899270
2017-11-21,931.0,931.0,923.5,925.0,2249140
2017-11-22,923.0,936.92,918.0,923.5,2403860
2017-11-23,923.0,926.5,915.5,921.0,1343910
2017-11-24,922.0,922.0,915.0,917.0,1316290
2017-11-27,918.0,923.0,915.71,922.0,2330790
2017-11-28,919.0,936.92,913.0,923.0,3115660
2017-11-29,926.0,937.5,915.0,930.0,5743080
2017-11-30,921.0,935.0,912.5,934.0,9109190
2017-12-01,935.0,939.0,913.0,920.0,4281050
2017-12-04,926.5,939.5,919.0,933.5,4115140
2017-12-05,928.5,939.0,919.26,936.5,2555690
2017-12-06,936.5,950.0,919.26,938.0,5121220
2017-12-07,939.0,947.13,930.5,937.5,5535890
2017-12-08,936.0,960.5,934.0,958.5,3783660
2017-12-11,959.5,961.5,946.25,954.0,3733970
2017-12-12,950.5,953.5,941.5,950.0,4148690
2017-12-13,953.5,961.24,919.26,948.0,6014730
2017-12-14,948.0,981.5,947.0,978.5,7439960
2017-12-15,980.0,984.09,969.0,984.0,7339600
2017-12-18,987.0,994.85,985.0,994.0,3407430
2017-12-19,994.0,995.5,987.0,990.5,2792110
2017-12-20,990.5,993.5,987.26,987.5,2500070
2017-12-21,986.0,995.25,978.5,991.5,2013510
2017-12-22,992.5,993.5,987.0,987.0,890920
2017-12-27,990.5,999.0,984.0,999.0,1514970
2017-12-28,998.0,1009.0,995.0,1007.0,2004290
2017-12-29,1007.0,1012.0,1002.0,1008.0,1464320
2018-01-02,1010.0,1010.0,989.4,995.0,2926660
2018-01-03,995.5,996.3,986.5,994.9,2048310
2018-01-04,998.7,999.0,965.7,971.3,2936540
2018-01-05,974.0,985.6,970.6,985.6,3090150
2018-01-08,982.7,1003.4,981.1,998.7,2676190
2018-01-09,1002.0,1003.0,993.1,997.0,1489200
2018-01-10,995.0,999.5,983.4,983.4,1614180
2018-01-11,982.3,985.0,969.5,972.4,1968060
2018-01-12,973.1,983.9,967.88,974.4,3954520
2018-01-15,980.5,987.0,975.8,979.1,1754300
2018-01-16,982.3,998.0,977.7,996.7,3147450
2018-01-17,998.0,1008.6,992.4,1005.6,3310460
2018-01-18,1005.6,1010.8,978.83,993.0,2939940
2018-01-19,994.6,996.1,986.6,990.2,2687870
2018-01-22,986.0,997.7,986.0,990.3,1861220
2018-01-23,991.0,1004.6,988.05,1003.6,2457400
2018-01-24,1005.2,1007.8,996.64,1003.0,3818340
2018-01-25,1003.0,1008.8,994.3,994.5,3092510
2018-01-26,998.1,1017.33,993.8,1010.4,2249280
2018-01-29,1011.2,1011.4,999.7,1001.0,2217680
2018-01-30,997.8,1005.0,995.1,995.2,3230640
2018-01-31,999.0,1001.8,993.8,1001.8,3862990
2018-02-01,1005.2,1013.8,990.2,993.1,3127210
2018-02-02,992.4,995.0,985.6,986.4,1795360
2018-02-05,981.0,981.0,957.5,962.8,3224480
2018-02-06,931.7,953.29,927.5,937.5,4350570
2018-02-07,946.0,955.4,935.3,951.3,2530310
2018-02-08,949.5,950.2,932.6,936.5,2295090
2018-02-09,931.3,945.2,925.4,936.9,1821420
2018-02-12,945.3,948.0,933.9,937.7,1795510
2018-02-13,944.9,945.5,933.2,933.8,1825500
2018-02-14,944.3,950.4,930.7,930.7,2538890
2018-02-15,936.3,936.3,926.4,929.7,1767150
2018-02-16,933.0,947.1,930.8,943.8,2332610
2018-02-19,943.2,943.82,930.6,934.5,1072050
2018-02-20,938.4,944.8,932.95,938.5,1279640
2018-02-21,940.3,940.3,928.7,933.1,1918890
2018-02-22,928.5,940.2,920.4,937.3,3207530
2018-02-23,937.0,953.4,936.9,947.1,1607810
2018-02-26,954.5,956.6,937.8,943.2,1591140
2018-02-27,943.5,948.0,927.5,927.5,4398200
2018-02-28,924.7,933.9,915.7,927.0,3375950
2018-03-01,927.3,932.1,919.4,920.0,2034940
2018-03-02,915.9,931.1,912.9,913.0,2397010
2018-03-05,914.4,922.5,911.4,921.4,2039640
2018-03-06,926.9,931.6,909.3,916.6,1446100
2018-03-07,916.0,924.8,915.0,923.5,2015470
2018-03-08,915.9,926.9,910.6,926.3,2839860
2018-03-09,927.4,932.85,914.9,917.1,1438470
2018-03-12,920.9,924.9,915.4,921.4,1303580
2018-03-13,920.9,925.7,910.6,913.2,1304520
2018-03-14,915.2,923.6,913.27,917.3,1372130
2018-03-15,907.6,913.7,900.2,909.1,2307240
2018-03-16,906.9,912.4,904.1,906.8,3516390
2018-03-19,908.4,942.0,908.4,936.8,3084580
2018-03-20,941.3,953.0,934.2,947.2,2562600
2018-03-21,947.7,947.7,930.6,938.4,2105290
2018-03-22,935.0,940.6,929.2,931.0,2136680
2018-03-23,924.4,930.8,920.1,924.7,2541190
2018-03-26,923.6,930.0,913.4,917.2,2368910
2018-03-27,926.8,932.6,920.7,929.0,1693160
2018-03-28,924.1,935.0,916.1,935.0,1798660
2018-03-29,933.9,947.7,933.9,937.1,2378690
2018-04-03,931.3,943.3,923.16,936.8,1797230
2018-04-04,936.8,948.2,929.1,947.0,1910100
2018-04-05,955.6,955.7,942.3,952.1,2104230
2018-04-06,950.0,961.7,949.4,953.7,2598870
2018-04-09,958.8,962.1,951.9,953.1,2284270
2018-04-10,955.0,955.0,944.4,949.5,1890370
2018-04-11,946.9,951.96,945.0,948.2,1910540
2018-04-12,947.1,948.6,938.3,944.6,1858960
2018-04-13,943.9,955.6,939.5,955.0,1442240
2018-04-16,954.5,957.1,946.2,948.1,1519480
2018-04-17,947.4,958.9,947.1,957.0,1888870
2018-04-18,958.4,963.3,952.9,959.7,1792970
2018-04-19,956.4,961.5,951.6,960.5,1604620
2018-04-20,960.6,972.3,957.6,971.8,1750840
2018-04-23,973.1,974.3,963.2,968.1,1325260
2018-04-24,970.0,976.3,968.1,969.9,1016400
2018-04-25,965.8,975.3,964.5,965.8,1426380
2018-04-26,971.9,973.7,965.0,972.1,1489870
2018-04-27,974.6,986.4,974.6,986.4,1561810
2018-04-30,988.2,996.1,986.7,988.4,1690090
2018-05-01,965.0,999.9,965.0,989.5,1577560
2018-05-02,992.7,993.0,977.8,981.7,1901290
2018-05-03,984.1,987.9,977.6,982.8,1664200
2018-05-04,982.8,991.4,977.7,980.0,2891990
2018-05-08,983.5,992.1,979.0,984.4,1703510
2018-05-09,982.9,989.1,976.4,981.6,1900760
2018-05-10,985.0,987.6,975.1,976.1,2308040
2018-05-11,977.6,985.5,974.7,977.7,2258590
2018-05-14,973.8,977.0,968.7,968.7,1914150
2018-05-15,978.3,979.25,948.6,950.0,4537780
2018-05-16,954.8,957.2,946.7,948.6,2176650
2018-05-17,948.6,957.96,946.8,953.2,2208620
2018-05-18,958.0,958.9,951.3,957.5,2867850
2018-05-21,964.2,964.2,956.5,959.7,2022000
2018-05-22,960.1,961.9,954.0,954.0,1989280
2018-05-23,955.7,959.9,943.4,944.3,2476230
2018-05-24,947.9,953.2,942.9,944.8,2134080
2018-05-25,950.5,955.1,949.0,952.0,1772430
2018-05-29,949.7,955.5,933.4,935.0,2593060
2018-05-30,936.6,943.4,928.2,933.7,2277460
2018-05-31,933.9,941.8,925.2,929.6,3075960
2018-06-01,938.2,939.1,929.6,935.0,1695710
2018-06-04,938.6,948.1,937.2,939.4,2641770
2018-06-05,938.5,939.3,932.7,935.1,1434100
2018-06-06,937.4,948.1,934.07,944.4,2265130
2018-06-07,963.0,963.0,936.5,936.9,1911380
2018-06-08,935.0,943.6,930.5,939.3,1622410
2018-06-11,943.0,948.3,939.0,942.8,1574190
2018-06-12,944.3,949.1,936.1,946.4,1500660
2018-06-13,946.5,952.7,943.7,945.7,1883910
2018-06-14,942.7,956.6,939.0,953.7,3106350
2018-06-15,953.9,960.0,949.0,960.0,4456370
2018-06-18,959.1,960.0,944.7,951.0,1672400
2018-06-19,947.2,953.7,944.1,947.6,2067060
2018-06-20,953.2,967.1,947.6,965.1,2348090
2018-06-21,953.4,963.75,938.5,943.2,2228900
2018-06-22,942.3,956.65,939.8,952.5,1904090
2018-06-25,951.1,953.9,942.8,950.3,2029670
2018-06-26,950.1,952.8,942.0,951.2,1786700
2018-06-27,950.2,961.4,947.2,954.5,2113010
2018-06-28,950.1,960.2,948.8,959.0,1547650
2018-06-29,961.9,962.2,954.1,956.9,2468550
2018-07-02,950.0,956.7,947.9,953.7,1783430
2018-07-03,955.4,962.3,954.5,956.1,1988250
2018-07-04,956.1,965.4,955.0,960.0,1277790
2018-07-05,961.2,961.2,940.2,942.7,2815060
2018-07-06,944.7,953.8,944.4,949.7,1291990
2018-07-09,952.2,956.9,948.1,952.9,1639180
2018-07-10,956.0,957.21,950.3,955.1,1921090
2018-07-11,954.1,954.1,943.9,949.2,1784660
2018-07-12,953.0,953.0,944.1,946.8,1405230
2018-07-13,952.0,952.6,946.3,946.3,1399860
2018-07-16,945.3,948.4,934.7,935.6,1305610
2018-07-17,935.0,937.5,924.3,924.3,2396440
2018-07-18,925.2,932.4,925.2,932.4,2072680
2018-07-19,928.6,937.6,923.1,923.1,1615630
2018-07-20,923.4,927.1,914.5,925.0,1780100
2018-07-23,920.0,923.5,913.2,915.0,1774580
2018-07-24,916.6,926.6,914.5,920.0,2593710
2018-07-25,921.1,933.4,920.75,928.0,2519860
2018-07-26,927.2,927.3,917.4,922.8,1435740
2018-07-27,922.9,927.2,921.0,923.0,1516380
2018-07-30,920.2,931.7,917.4,931.7,1654080
2018-07-31,933.2,946.9,929.1,942.8,2263010
2018-08-01,941.7,944.52,932.1,939.0,2508950
2018-08-02,935.2,939.4,925.8,930.9,1599920
2018-08-03,935.0,943.6,930.0,943.6,1288110
2018-08-06,946.5,946.5,933.3,937.7,967180
2018-08-07,938.8,942.6,934.5,939.6,1467780
2018-08-08,938.0,942.7,934.7,942.7,1284470
2018-08-09,942.6,942.6,934.9,938.0,1012250
2018-08-10,937.7,938.8,931.77,935.0,1108390
2018-08-13,936.0,936.0,924.76,927.5,907680
2018-08-14,929.0,932.0,918.5,920.0,1359110
2018-08-15,924.5,924.5,914.5,915.5,1141200
2018-08-16,916.0,923.5,916.0,923.0,1235450
2018-08-17,919.5,923.5,917.0,923.5,1108130
2018-08-20,924.0,929.0,921.5,926.0,846290
2018-08-21,921.5,926.76,916.0,920.0,897980
2018-08-22,917.0,921.0,914.0,914.0,949370
2018-08-23,918.0,920.0,913.0,919.5,1001640
2018-08-24,920.0,922.5,914.5,920.0,810420
2018-08-28,930.0,930.0,919.05,926.5,1380790
2018-08-29,928.0,939.5,928.0,939.5,1888780
2018-08-30,939.0,939.0,918.5,923.5,1281340
2018-08-31,925.0,926.0,916.5,916.5,1823670
2018-09-03,919.5,927.0,911.5,911.5,1063180
2018-09-04,913.5,916.0,906.0,910.0,1424270
2018-09-05,906.0,909.5,899.5,908.5,1584380
2018-09-06,897.5,901.0,887.0,887.0,1945910
2018-09-07,886.0,889.5,880.0,883.0,1175470
2018-09-10,885.0,895.0,880.89,891.0,1237400
2018-09-11,889.0,894.5,885.0,893.0,1504440
2018-09-12,887.5,892.5,884.87,889.5,1443860
2018-09-13,886.0,893.0,882.5,886.0,1136380
2018-09-14,888.5,890.5,882.0,887.5,1110220
2018-09-17,887.5,892.5,883.5,888.0,1124820
2018-09-18,886.0,894.0,883.5,890.5,1360340
2018-09-19,892.0,894.0,883.5,886.5,1474510
2018-09-20,885.5,889.5,884.0,887.5,1180550
2018-09-21,888.0,900.0,888.0,895.0,3763460
2018-09-24,891.0,896.5,886.5,889.0,867180
2018-09-25,887.4,891.0,881.88,883.0,769040
2018-09-26,887.0,890.65,882.4,889.2,920550
2018-09-27,886.0,891.6,884.6,887.4,1433500
2018-09-28,886.8,888.2,882.0,883.4,1856700
2018-10-01,887.6,895.8,884.6,887.6,1667810
2018-10-02,884.2,885.6,879.0,879.2,1491820
2018-10-03,880.8,881.4,872.6,874.4,1991660
2018-10-04,872.4,872.4,840.2,840.2,2324950
2018-10-05,858.4,875.2,848.6,848.6,3241680
2018-10-08,852.2,858.6,846.4,846.4,1894980
2018-10-09,849.0,861.4,846.0,857.4,2294540
2018-10-10,857.0,860.8,843.6,843.6,1791130
2018-10-11,836.4,842.42,829.4,832.4,2869940
2018-10-12,834.4,838.4,820.4,820.4,2000500
2018-10-15,818.0,819.6,810.2,811.0,1358050
2018-10-16,813.2,827.8,802.4,822.4,3160880
2018-10-17,824.0,826.0,817.0,823.8,1765440
2018-10-18,823.4,838.6,822.8,835.0,1625310
2018-10-19,838.0,843.0,832.0,840.0,1294610
2018-10-22,843.4,844.77,835.0,841.6,1312790
2018-10-23,835.4,838.0,826.2,832.6,2103960
2018-10-24,835.2,844.6,834.7,836.6,1331360
2018-10-25,838.6,843.6,833.8,840.2,2222140
2018-10-26,836.8,846.0,831.2,842.4,1472650
2018-10-29,845.0,865.0,843.4,857.0,1876370
2018-10-30,854.2,863.4,850.2,859.0,1715830
2018-10-31,863.2,863.6,853.2,853.2,2333320
2018-11-01,850.0,869.2,849.4,860.8,1955400
2018-11-02,863.4,870.4,855.6,856.2,1841590
2018-11-05,852.6,862.0,852.6,857.6,1731300
2018-11-06,858.4,859.2,851.2,854.0,2270820
2018-11-07,850.0,855.6,845.2,855.4,3176520
2018-11-08,859.8,866.8,850.4,866.8,1720130
2018-11-09,862.0,870.2,858.8,862.2,1776080
2018-11-12,865.0,865.0,844.6,852.8,1962070
2018-11-13,860.0,869.8,853.4,864.6,2795130
2018-11-14,867.2,896.0,858.2,879.8,3339360
2018-11-15,881.6,889.0,833.2,839.6,3726250
2018-11-16,840.0,850.4,825.8,842.4,2030390
2018-11-19,840.0,849.4,839.4,841.2,1527490
2018-11-20,838.2,847.6,828.4,837.6,3632800
2018-11-21,841.2,862.0,838.6,859.8,3665370
2018-11-22,857.6,866.2,848.8,852.8,2823030
2018-11-23,857.0,861.4,852.8,860.8,1221220
2018-11-26,866.0,878.8,865.6,874.6,1932250
2018-11-27,878.2,880.8,867.4,872.0,1963590
2018-11-28,877.8,881.7,871.2,875.4,2345230
2018-11-29,855.0,858.2,832.2,832.4,2628820
2018-11-30,833.0,833.0,811.0,813.2,4171420
2018-12-03,820.0,830.2,805.8,806.6,2479570
2018-12-04,807.8,821.6,807.8,814.6,2405410
2018-12-05,810.6,832.2,810.0,823.6,2345440
2018-12-06,819.0,819.2,801.0,806.4,3877120
2018-12-07,816.2,835.4,811.14,822.4,2214380
2018-12-10,829.0,830.4,817.0,818.4,2540310
2018-12-11,823.8,825.4,809.6,816.6,1974260
2018-12-12,818.2,835.0,817.6,831.2,1842440
2018-12-13,830.6,834.4,821.4,832.0,1738640
2018-12-14,824.8,841.8,816.0,840.6,2837770
2018-12-17,840.0,841.5,824.42,827.6,2617950
2018-12-18,820.8,831.6,816.8,826.4,2791930
2018-12-19,824.0,831.0,819.6,830.6,2124410
2018-12-20,823.2,830.0,817.4,827.2,2010190
2018-12-21,821.2,831.4,809.8,814.0,4301170
2018-12-24,811.0,819.4,806.6,808.6,494680
2018-12-27,809.0,814.6,790.6,791.8,1926690
2018-12-28,795.0,805.6,793.2,802.6,1249420
2018-12-31,806.4,808.6,795.4,804.4,544800
2019-01-02,799.4,800.4,784.14,799.0,1473310
2019-01-03,798.4,805.6,794.8,801.4,1464270
2019-01-04,808.2,813.0,804.0,810.4,2065870
2019-01-07,809.6,817.6,807.0,815.0,1317480
2019-01-08,817.2,834.8,814.41,829.8,1598360
2019-01-09,833.2,833.2,818.8,826.0,2684820
2019-01-10,821.6,830.0,820.8,823.0,1577740
2019-01-11,825.8,838.8,822.2,833.2,2397320
2019-01-14,825.0,857.6,825.0,850.4,3824120
2019-01-15,852.0,867.6,850.4,867.0,2909340
2019-01-16,870.6,873.0,860.0,864.8,2554460
2019-01-17,858.8,862.4,852.4,853.6,1462800
2019-01-18,857.4,861.8,854.0,858.4,4119600
2019-01-21,862.0,864.0,840.2,845.2,2530840
2019-01-22,846.8,849.6,832.4,835.8,2426480
2019-01-23,835.4,849.23,830.0,842.6,2020320
2019-01-24,845.4,850.8,843.0,846.2,1541710
2019-01-25,846.2,857.8,828.4,853.6,2227320
2019-01-28,850.8,864.2,850.8,863.2,1615940
2019-01-29,862.6,877.0,862.28,873.4,2503810
2019-01-30,869.0,884.6,867.4,880.8,2034680
2019-01-31,876.8,885.0,860.8,865.2,2696110
2019-02-01,864.2,869.6,855.8,865.0,1790740
2019-02-04,865.0,871.8,863.6,869.0,1218000
2019-02-05,870.6,872.4,862.48,870.6,1582000
2019-02-06,869.0,876.4,867.4,876.4,1405260
2019-02-07,871.0,883.6,869.4,879.8,1920400
2019-02-08,879.8,886.2,876.2,877.8,949660
2019-02-11,880.4,888.8,878.6,885.0,1435770
2019-02-12,889.2,894.4,883.8,890.6,1760580
2019-02-13,891.0,893.0,880.8,886.0,2315750
2019-02-14,883.8,889.0,880.2,885.0,1407600
2019-02-15,886.8,895.2,884.4,888.4,1607390
2019-02-18,888.8,888.8,881.2,886.0,1702080
2019-02-19,886.0,890.26,879.6,881.4,2097390
2019-02-20,878.0,880.8,866.2,869.2,2143230
2019-02-21,870.8,881.2,862.0,879.4,2153120
2019-02-22,878.6,880.2,873.6,875.4,1227430
2019-02-25,874.0,877.83,870.4,873.8,1588500
2019-02-26,870.6,884.6,866.0,880.0,1881440
2019-02-27,880.2,891.95,876.8,887.0,2025270
2019-02-28,882.8,905.2,881.0,899.6,2711770
2019-03-01,906.0,908.8,899.6,904.6,1848370
2019-03-04,910.0,911.6,900.48,903.0,1111270
2019-03-05,905.0,912.32,901.6,909.0,1470830
2019-03-06,908.0,910.0,902.68,906.2,2360900
2019-03-07,907.0,908.2,900.6,905.4,1411340
2019-03-08,902.4,906.2,899.8,900.8,1599280
2019-03-11,905.2,907.16,893.6,896.4,1530980
2019-03-12,900.6,909.6,898.0,902.0,3678130
2019-03-13,900.2,908.4,899.4,908.4,3067880
2019-03-14,895.6,908.4,893.2,904.2,2157320
2019-03-15,906.0,919.0,902.0,919.0,6512560
2019-03-18,921.0,925.0,917.8,925.0,1871630
2019-03-19,925.0,930.0,919.8,930.0,1718010
2019-03-20,928.0,936.6,926.2,927.0,2003900
2019-03-21,926.0,929.0,920.6,927.6,1599050
2019-03-22,929.0,930.4,912.2,913.4,1711980
2019-03-25,915.4,917.0,906.4,909.0,1362690
2019-03-26,912.4,912.6,907.6,909.6,1723900
2019-03-27,910.8,915.0,902.2,911.4,1504330
2019-03-28,911.4,915.8,907.4,908.0,1264810
2019-03-29,914.8,919.0,909.0,913.4,2061380
2019-04-01,914.4,918.6,909.4,912.4,1950710
2019-04-02,916.4,923.2,913.0,922.0,1490850
2019-04-03,926.0,929.4,919.4,922.2,2227820
2019-04-04,918.6,921.4,911.4,919.8,1524130
2019-04-05,917.4,919.01,911.6,912.0,1194610
2019-04-08,915.6,915.6,904.6,907.8,1077710
2019-04-09,907.8,910.2,897.6,897.6,1261300
2019-04-10,899.8,915.0,899.23,913.8,1585380
2019-04-11,911.8,932.4,910.8,927.2,1761240
2019-04-12,930.0,933.0,921.6,926.0,1704400
2019-04-15,926.4,930.6,923.2,926.8,815970
2019-04-16,924.6,937.4,923.2,933.2,1224580
2019-04-17,935.8,936.7,914.6,915.4,1875700
2019-04-18,918.0,920.4,908.0,911.0,1255470
2019-04-23,911.0,912.6,900.6,908.2,1892670
2019-04-24,922.4,937.8,912.4,935.6,2411350
2019-04-25,940.0,940.2,932.2,933.2,1632210
2019-04-26,937.4,939.8,928.4,936.0,1458710
2019-04-29,933.2,937.4,929.0,935.2,1612620
2019-04-30,933.2,938.0,923.0,923.0,1714430
2019-05-01,927.8,930.0,921.8,923.2,428600
2019-05-02,914.8,937.4,914.0,930.6,1714180
2019-05-03,934.6,934.6,922.4,926.2,1001370
2019-05-07,930.0,937.4,920.6,921.0,1589640
2019-05-08,917.8,920.8,909.0,911.0,1513960
2019-05-09,907.0,915.8,903.0,912.8,6223070
2019-05-10,908.8,910.0,895.6,903.2,1901360
2019-05-13,901.0,904.0,887.8,892.2,1685530
2019-05-14,895.0,898.75,871.0,879.6,3006490
2019-05-15,879.8,885.36,876.6,883.0,3891340
2019-05-16,881.0,898.0,874.4,898.0,2708280
2019-05-17,895.6,896.8,881.6,884.2,2390430
2019-05-20,872.4,887.8,867.8,869.2,1783650
2019-05-21,869.6,869.6,859.0,866.6,2923320
2019-05-22,866.6,866.6,848.4,848.4,2057960
2019-05-23,846.4,850.2,828.2,830.2,2378690
2019-05-24,831.4,835.8,828.6,833.0,2614300
2019-05-28,840.6,840.6,824.24,831.0,4120180
2019-05-29,827.6,833.4,825.2,826.2,2260880
2019-05-30,826.8,829.2,821.0,826.8,1391830
2019-05-31,823.4,832.6,817.6,828.6,4948750
2019-06-03,831.0,832.2,821.0,830.4,1787190
2019-06-04,826.8,839.4,826.8,833.0,1414260
2019-06-05,836.2,845.8,831.2,845.8,1799320
2019-06-06,844.2,850.84,840.6,843.0,1685900
2019-06-07,845.2,854.4,839.6,849.4,2045770
2019-06-10,852.2,853.44,846.0,849.2,1043450
2019-06-11,852.2,854.6,845.4,851.2,1311340
2019-06-12,849.8,852.8,835.8,843.4,4050880
2019-06-13,843.0,857.0,836.4,853.8,2023610
2019-06-14,852.2,855.0,841.4,841.6,1961200
2019-06-17,846.8,852.0,842.6,842.6,2432770
2019-06-18,843.8,853.4,837.0,845.0,2354760
2019-06-19,849.0,849.0,836.6,836.6,2204460
2019-06-20,833.4,834.8,826.4,826.8,2020850
2019-06-21,831.8,841.85,821.6,832.6,5589560
2019-06-24,833.0,834.0,819.6,819.6,2309340
2019-06-25,819.4,835.2,817.4,835.2,3000200
2019-06-26,834.4,835.8,823.8,824.4,2034470
2019-06-27,825.2,826.6,813.4,818.0,1650740
2019-06-28,820.4,833.2,820.4,833.2,2634900
2019-07-01,836.6,846.2,835.0,844.0,1662460
2019-07-02,846.2,850.8,837.8,849.6,1814630
2019-07-03,850.8,857.4,846.8,850.2,3477840
2019-07-04,853.6,860.8,852.7,858.2,5269230
2019-07-05,860.6,867.4,854.2,854.2,1223700
2019-07-08,857.0,857.0,848.0,852.4,1221170
2019-07-09,849.6,857.6,849.6,852.8,1069560
2019-07-10,854.6,855.6,837.57,837.8,1112520
2019-07-11,837.2,847.2,832.8,832.8,1482850
2019-07-12,831.0,843.0,829.4,837.8,1304220
2019-07-15,835.8,839.4,831.4,837.8,840570
2019-07-16,837.8,841.2,826.6,838.4,1619830
2019-07-17,838.6,847.0,833.4,843.4,1477570
2019-07-18,841.6,847.2,838.8,842.6,1107400
2019-07-19,842.2,845.8,834.9,845.4,1528490
2019-07-22,844.6,846.2,830.0,835.0,1434760
2019-07-23,834.2,839.77,832.46,839.2,1104750
2019-07-24,840.2,856.6,840.0,844.2,1382450
2019-07-25,844.2,847.6,834.6,843.6,1737590
2019-07-26,848.0,849.2,838.4,841.0,814680
2019-07-29,840.2,849.0,840.2,845.2,1424080
2019-07-30,845.0,845.8,825.4,825.4,1696540
2019-07-31,826.0,830.9,796.2,796.2,2905120
2019-08-01,796.8,802.4,785.8,791.0,1572910
2019-08-02,790.2,809.0,782.4,795.2,4372450
2019-08-05,789.2,791.2,765.6,774.2,1834110
2019-08-06,774.0,782.6,764.9,772.2,2099960
2019-08-07,771.6,777.8,767.6,777.8,1320730
2019-08-08,780.0,786.0,774.39,780.4,1226660
2019-08-09,782.4,784.0,766.6,771.8,4262320
2019-08-12,778.2,785.6,757.8,757.8,1681870
2019-08-13,760.0,763.4,751.2,755.4,1384300
2019-08-14,757.4,757.8,745.4,746.0,2246640
2019-08-15,749.0,750.6,731.8,735.4,2167840
2019-08-16,735.0,747.8,735.0,743.6,2405710
2019-08-19,748.0,752.6,745.38,751.4,1664850
2019-08-20,753.8,757.4,737.4,740.0,2246650
2019-08-21,741.4,753.6,735.8,753.0,1660550
2019-08-22,751.8,759.8,747.79,756.6,2049970
2019-08-23,761.2,777.0,759.8,759.8,2613110
2019-08-27,762.6,784.6,760.6,784.6,3839320
2019-08-28,781.6,781.6,771.8,771.8,2338130
2019-08-29,771.2,777.8,769.8,775.2,1304210
2019-08-30,777.6,782.4,773.0,775.4,1532070
2019-09-02,780.0,784.14,774.4,778.6,967370
2019-09-03,778.6,783.4,771.6,776.0,2437690
2019-09-04,779.0,788.2,775.2,775.2,1972480
2019-09-05,771.8,775.8,761.8,764.4,2494620
2019-09-06,765.6,781.2,762.4,775.8,2192880
2019-09-09,778.0,781.6,773.4,775.8,1289020
2019-09-10,775.6,801.2,773.8,801.2,2265250
2019-09-11,802.0,823.8,802.0,823.4,2816990
2019-09-12,825.6,828.0,804.2,806.4,2778680
2019-09-13,806.6,836.4,806.6,832.4,2043710
2019-09-16,828.8,831.0,819.8,820.6,2614970
2019-09-17,825.0,836.0,819.8,832.2,1798120
2019-09-18,831.8,843.0,828.64,841.0,2135100
2019-09-19,844.4,863.8,838.6,840.0,2004630
2019-09-20,841.0,853.0,839.0,846.8,7507070
2019-09-23,838.6,841.0,826.77,840.0,1909120
2019-09-24,840.6,848.6,830.2,830.2,2238510
2019-09-25,831.0,840.4,827.05,839.8,1213200
2019-09-26,841.8,859.05,838.6,854.8,2932010
2019-09-27,855.8,857.8,849.2,855.8,1572510
2019-09-30,857.4,859.6,848.2,856.4,1759930
2019-10-01,856.4,862.6,852.2,859.8,5368980
2019-10-02,853.0,854.8,831.8,831.8,2447580
2019-10-03,825.2,836.8,823.8,831.4,1614830
2019-10-04,836.4,841.4,829.6,836.6,1887220
2019-10-07,838.6,843.0,829.4,843.0,1117040
2019-10-08,837.2,842.6,820.6,820.6,2130880
2019-10-09,820.6,834.4,820.6,827.8,1492770
2019-10-10,835.2,839.2,821.6,839.2,1602050
2019-10-11,838.4,898.28,838.4,895.6,3578010
2019-10-14,890.0,894.6,877.4,891.8,2116020
2019-10-15,898.2,950.2,895.8,946.0,6648800
2019-10-16,937.8,952.65,919.2,950.2,4868370
2019-10-17,940.4,983.2,935.8,948.2,4162780
2019-10-18,950.2,969.0,947.44,960.8,3614030
2019-10-21,966.2,969.6,950.0,950.0,3097267
2019-10-22,946.6,967.6,946.6,963.0,2999664
2019-10-23,958.0,960.2,947.6,954.0,2337162
2019-10-24,955.6,960.0,941.0,941.0,2724760
2019-10-25,943.0,948.0,916.8,929.8,3692219
2019-10-28,929.8,938.2,926.4,937.4,1397084
2019-10-29,938.0,945.0,926.8,941.4,2808583
2019-10-30,942.0,946.8,935.2,942.8,2937083
2019-10-31,947.4,955.4,939.4,940.0,2293459
2019-11-01,943.8,945.4,929.6,932.2,3469159
2019-11-04,927.4,940.0,914.0,914.0,2827967
2019-11-05,915.6,919.2,911.8,916.6,1990110
2019-11-06,920.0,920.0,898.4,907.8,2181923
2019-11-07,910.6,912.4,890.2,890.4,2526983
2019-11-08,888.4,894.8,881.4,882.0,1749875
2019-11-11,878.2,892.8,873.0,892.0,2157893
2019-11-12,885.2,897.0,882.27,895.4,2677759
2019-11-13,871.6,891.8,871.0,885.0,2916717
2019-11-14,886.0,903.8,883.8,900.0,2526220
2019-11-15,901.6,918.0,894.4,913.8,2096703
2019-11-18,911.6,928.46,911.6,917.4,1689750
2019-11-19,920.6,926.4,911.8,922.6,1401868
2019-11-20,922.8,923.02,910.4,910.4,1303588
2019-11-21,909.4,911.69,897.8,905.0,1364284
2019-11-22,908.8,917.2,902.4,915.4,1894998
2019-11-25,917.0,936.0,911.8,933.2,1831947
2019-11-26,937.0,952.0,929.4,950.6,7102289
2019-11-27,954.6,955.8,944.2,948.4,2364113
2019-11-28,950.0,966.0,950.0,964.2,2776551
2019-11-29,961.4,977.0,958.4,958.4,2334994
2019-12-02,952.0,957.8,942.8,946.6,2861785
2019-12-03,947.8,955.4,930.0,933.2,4072870
2019-12-04,931.8,943.6,931.8,934.8,2703141
2019-12-05,931.4,947.6,931.4,940.4,1620259
2019-12-06,944.4,953.2,939.8,953.2,1616809
2019-12-09,949.0,957.0,948.2,955.0,1325238
2019-12-10,950.0,958.0,943.4,947.0,2013420
2019-12-11,950.0,950.4,919.6,939.4,2589581
2019-12-12,938.0,942.2,927.2,932.0,2105287
2019-12-13,982.0,1019.5,980.4,1001.5,5452241
2019-12-16,1006.5,1016.0,1000.0,1001.0,2390495
2019-12-17,997.0,1000.0,956.8,965.8,3188227
2019-12-18,962.4,964.0,949.0,954.4,2196846
2019-12-19,956.4,965.2,953.8,962.8,1512512
2019-12-20,964.4,965.46,942.6,942.6,8709527
2019-12-23,948.4,964.8,944.0,961.8,1343881
2019-12-24,956.8,972.6,956.8,969.6,343816
2019-12-27,972.0,983.2,971.6,981.4,1210404
2019-12-30,984.0,989.2,978.8,989.0,1847772
2019-12-31,982.0,990.0,982.0,990.0,611797
2020-01-02,992.0,1001.0,990.0,994.0,1695907
2020-01-03,990.0,992.2,983.6,989.4,2221609
2020-01-06,986.4,986.4,975.2,983.0,1951201
2020-01-07,992.4,996.8,984.4,993.2,1517382
2020-01-08,993.8,994.6,970.2,978.8,2099980
2020-01-09,981.2,991.8,960.6,963.8,1903477
2020-01-10,972.0,973.2,956.4,956.8,1410705
2020-01-13,957.8,964.5,952.6,953.2,1536529
2020-01-14,966.0,969.8,957.4,959.8,1633501
2020-01-15,959.0,963.8,951.0,963.8,1761229
2020-01-16,969.8,972.2,962.4,965.2,1753416
2020-01-17,972.6,988.6,965.8,980.2,1625209
2020-01-20,982.6,983.55,970.8,971.4,863267
2020-01-21,970.4,973.89,962.0,966.0,1236459
2020-01-22,970.0,970.0,953.4,957.6,1630253
2020-01-23,959.0,971.6,955.2,958.8,1498955
2020-01-24,964.2,974.6,960.8,970.0,1584248
2020-01-27,966.4,966.4,947.8,949.0,1251418
2020-01-28,960.0,961.2,948.6,961.0,1305293
2020-01-29,961.8,969.2,958.2,965.4,1583672
2020-01-30,962.6,964.6,943.6,950.0,1733973
2020-01-31,949.0,953.0,937.0,938.0,1647217
2020-02-03,939.8,947.8,936.4,945.6,1901152
2020-02-04,948.0,958.2,946.5,955.6,1456371
2020-02-05,955.8,962.2,950.8,955.4,3101215
2020-02-06,961.0,964.2,943.8,943.8,1373338
2020-02-07,947.6,949.2,934.48,940.8,1675536
2020-02-10,937.0,957.4,933.8,956.2,1422491
2020-02-11,960.0,974.4,959.2,972.6,1597603
2020-02-12,976.8,988.2,969.2,984.8,1843221
2020-02-13,981.2,985.54,967.6,971.0,1818226
2020-02-14,975.6,997.0,973.0,995.8,1606342
2020-02-17,997.2,997.2,976.0,982.0,1114103
2020-02-18,976.4,989.4,970.0,970.0,3607231
2020-02-19,978.2,979.8,968.8,970.0,1561212
2020-02-20,968.2,972.0,964.4,967.6,1083550
2020-02-21,967.6,975.6,953.6,961.2,2429566
2020-02-24,942.8,949.4,936.0,945.2,1406880
2020-02-25,943.6,960.6,915.2,920.0,1920713
2020-02-26,915.2,921.0,897.4,907.8,2511149
2020-02-27,897.6,900.8,853.6,863.6,2495843
2020-02-28,838.2,849.2,812.4,834.6,4422409
2020-03-02,834.2,843.4,803.8,821.0,5593836
2020-03-03,833.8,851.2,824.0,830.8,2874130
2020-03-04,835.0,840.0,817.2,833.0,2340341
2020-03-05,835.2,839.86,807.8,813.4,2500761
2020-03-06,805.0,805.0,780.0,796.8,3175245
2020-03-09,762.0,779.6,738.4,756.2,3999203
2020-03-10,765.0,789.4,752.4,761.6,4680586
2020-03-11,772.8,791.8,765.6,771.0,5003458
2020-03-12,732.0,741.8,682.4,693.2,6164479
2020-03-13,730.8,733.6,683.4,693.8,5063215
2020-03-16,666.4,672.8,609.4,646.6,4862428
2020-03-17,660.4,661.6,596.5,631.8,5276891
2020-03-18,613.0,649.8,600.0,622.0,4294470
2020-03-19,627.2,640.4,586.0,607.2,5863532
2020-03-20,642.8,642.8,591.0,611.8,5624633
2020-03-23,575.0,615.8,571.8,576.6,2912172
2020-03-24,592.2,612.8,572.8,612.8,3214992
2020-03-25,631.8,631.8,571.2,600.4,5309106
2020-03-26,581.2,600.44,552.2,587.0,4073226
2020-03-27,573.8,582.0,554.4,575.0,2839574
2020-03-30,578.0,581.8,530.8,547.0,3106825
2020-03-31,553.8,564.0,545.8,556.8,4177097
2020-04-01,541.8,545.0,520.2,526.8,4220822
2020-04-02,542.2,554.8,522.6,537.6,4241060
2020-04-03,531.8,531.8,514.6,514.6,3210149
2020-04-06,525.2,555.6,520.4,545.0,3006450
2020-04-07,558.8,615.4,554.8,598.2,5836240
2020-04-08,589.4,632.0,589.4,629.0,4231989
2020-04-09,637.6,683.2,637.6,677.0,3467208
2020-04-14,679.0,685.0,640.4,659.6,3725184
2020-04-15,661.6,667.4,619.0,621.0,4832404
2020-04-16,620.8,633.2,596.8,606.0,5255770
2020-04-17,622.4,650.2,621.6,640.4,4906664
2020-04-20,648.4,653.2,623.0,632.8,3415513
2020-04-21,623.2,636.4,609.8,625.8,4746842
2020-04-22,637.8,647.8,627.0,633.8,1657348
2020-04-23,628.8,647.4,626.2,639.8,1682946
2020-04-24,630.6,642.0,625.0,629.2,1550335
2020-04-27,633.6,650.8,628.6,632.8,1236027
2020-04-28,637.0,662.0,632.0,659.0,1604006
2020-04-29,659.0,703.6,659.0,693.4,2935947
2020-04-30,699.2,700.0,657.0,662.0,2808867
2020-05-01,648.6,659.4,637.4,645.4,2202704
2020-05-04,640.8,652.2,630.2,649.4,3728748
2020-05-05,657.8,660.2,638.8,648.8,2667342
2020-05-06,650.6,656.2,625.19,630.0,3578040
2020-05-07,625.6,644.0,620.0,643.8,2125616
2020-05-11,654.2,659.4,622.0,632.4,2565116
2020-05-12,557.0,598.2,534.0,551.8,8739625
2020-05-13,556.6,565.0,534.0,544.4,5065715
2020-05-14,536.0,540.23,499.5,521.0,5194460
2020-05-15,530.2,536.63,516.59,523.4,3795050
2020-05-18,532.4,553.8,529.4,552.2,3221396
2020-05-19,556.8,574.21,551.2,562.2,3761322
2020-05-20,558.6,561.27,530.2,537.0,2660922
2020-05-21,542.0,560.6,525.68,554.2,2506105
2020-05-22,548.0,555.4,535.0,544.2,1892321
2020-05-26,560.4,585.8,558.2,584.0,3721322
2020-05-27,588.8,605.8,586.48,590.2,3927065
2020-05-28,599.6,608.6,572.47,601.0,3937834
2020-05-29,597.6,610.2,587.2,605.8,5046857
2020-06-01,609.6,619.4,595.2,618.2,3285897
2020-06-02,622.6,656.6,615.4,655.4,3293475
2020-06-03,666.0,678.0,647.6,671.4,4640389
2020-06-04,665.0,676.8,649.8,671.6,3203956
2020-06-05,667.6,691.8,667.6,691.8,2154697
2020-06-08,688.4,703.0,676.0,698.8,2785681
2020-06-09,698.6,699.6,648.0,656.2,2956198
2020-06-10,655.8,669.2,622.0,626.2,3104789
2020-06-11,612.4,618.4,592.6,592.6,3001960
2020-06-12,587.6,627.6,584.62,619.6,3064167
2020-06-15,603.0,612.8,593.8,603.0,2483382
2020-06-16,620.4,633.2,608.4,626.0,3028993
2020-06-17,627.0,650.4,619.8,631.6,2375052
2020-06-18,631.6,634.0,617.6,623.0,1824576
2020-06-19,636.4,636.4,605.8,605.8,6313733
2020-06-22,604.8,612.6,595.0,604.8,1597836
2020-06-23,611.2,616.2,590.6,594.8,2441159
2020-06-24,595.0,600.2,565.0,566.0,3100967
2020-06-25,558.2,573.8,550.0,567.0,1941310
2020-06-26,574.2,577.0,552.0,554.2,2507670
2020-06-29,550.2,559.6,539.8,551.2,3050084
2020-06-30,552.0,557.4,539.4,553.0,2231382
2020-07-01,553.4,565.0,542.0,561.0,2080605
2020-07-02,566.2,585.6,565.8,575.0,1745031
2020-07-03,589.8,591.4,576.4,578.0,2308535
2020-07-06,578.0,604.2,578.0,587.8,2503330
2020-07-07,588.0,592.0,563.8,566.0,1437141
2020-07-08,555.4,568.8,551.8,566.8,1723184
2020-07-09,571.6,581.2,545.0,545.0,2482728
2020-07-10,550.0,551.4,540.0,551.4,3071261
2020-07-13,557.4,563.0,555.0,560.6,1296853
2020-07-14,558.8,564.8,548.6,555.6,1116325
2020-07-15,559.4,563.26,546.2,549.4,1349116
2020-07-16,544.8,554.4,543.06,545.0,1053333
2020-07-17,545.0,551.2,536.6,550.0,1293966
2020-07-20,543.8,554.8,540.92,549.2,1221645
2020-07-21,556.8,562.8,552.0,559.0,1288975
2020-07-22,556.4,564.8,547.2,558.6,1190045
2020-07-23,561.2,564.85,547.2,547.2,988271
2020-07-24,543.0,547.7,536.4,543.6,963246
2020-07-27,544.4,545.23,529.6,532.2,1481206
2020-07-28,537.8,549.8,534.6,549.8,1691201
2020-07-29,551.8,571.2,549.75,561.0,2552088
2020-07-30,566.4,568.6,544.2,558.8,2988291
2020-07-31,563.2,584.4,553.09,576.6,4506285
2020-08-03,579.8,587.4,558.0,584.0,3559592
2020-08-04,585.0,605.0,583.8,598.2,2495600
2020-08-05,604.0,614.2,595.8,610.0,2744581
2020-08-06,612.4,623.0,575.0,579.8,3006021
2020-08-07,578.6,588.0,558.0,580.0,3162494
2020-08-10,580.0,589.4,574.4,585.2,1593465
2020-08-11,586.6,593.6,583.0,585.6,1943688
2020-08-12,584.6,589.6,568.4,573.8,2162403
2020-08-13,573.4,586.0,567.8,567.8,1648455
2020-08-14,570.4,576.4,554.0,570.0,2118171
2020-08-17,567.0,574.8,554.4,564.2,1549651
2020-08-18,563.0,571.4,555.0,555.0,1286481
2020-08-19,556.4,558.2,542.4,548.0,1872926
2020-08-20,544.8,558.8,540.2,558.0,1307587
2020-08-21,558.0,575.0,554.4,570.8,2807462
2020-08-24,576.4,577.4,564.6,573.6,1932771
2020-08-25,578.0,586.3,571.9,573.0,2550896
2020-08-26,575.0,586.0,567.0,580.0,1511471
2020-08-27,583.2,583.7,572.3,582.2,1688536
2020-08-28,582.0,583.7,576.1,578.1,2275685
2020-09-01,578.6,578.6,556.0,562.0,2348020
2020-09-02,571.6,574.0,560.1,565.5,2224726
2020-09-03,560.1,576.3,554.4,559.1,3018997
2020-09-04,555.4,556.8,540.0,544.1,2591105
2020-09-07,545.5,556.6,544.7,546.5,1363444
2020-09-08,547.2,556.5,537.7,544.6,2118309
2020-09-09,543.7,552.7,537.4,546.2,1847167
2020-09-10,549.4,552.0,538.4,538.8,1706259
2020-09-11,540.0,546.46,529.8,529.8,1633311
2020-09-14,531.7,544.6,528.3,543.9,4669775
2020-09-15,545.1,546.7,538.7,542.8,1634952
2020-09-16,543.0,557.6,540.9,557.6,2835413
2020-09-17,555.3,562.9,543.9,558.7,2594184
2020-09-18,558.5,560.4,533.2,537.8,5055283
2020-09-21,533.1,534.6,507.8,512.6,3134330
2020-09-22,511.0,512.3,500.2,505.9,2530510
2020-09-23,510.1,512.5,496.15,499.95,2268251
2020-09-24,496.8,507.0,488.7,489.05,2361385
2020-09-25,492.9,493.75,474.75,490.4,2853783
2020-09-28,499.1,536.1,498.7,528.9,3444313
2020-09-29,531.5,531.5,508.2,512.4,1667148
2020-09-30,512.4,528.0,503.5,522.5,1876027
2020-10-01,529.0,532.1,519.8,525.0,2374887
2020-10-02,520.7,537.3,518.3,537.3,1816944
2020-10-05,536.2,542.4,534.7,539.4,1283060
2020-10-06,542.5,552.8,538.7,552.8,3041444
2020-10-07,548.4,555.2,540.5,544.3,1907286
2020-10-08,548.2,564.0,542.83,551.6,2178943
2020-10-09,555.0,575.8,555.0,563.6,2183414
2020-10-12,564.2,567.71,554.6,558.5,1104191
2020-10-13,557.6,563.0,529.0,536.1,2313169
2020-10-14,537.6,544.7,527.4,536.2,1313403
2020-10-15,535.2,540.5,522.4,540.5,1748285
2020-10-16,540.7,544.5,524.5,525.2,1743270
2020-10-19,523.5,536.8,523.5,531.9,1108767
2020-10-20,527.5,547.1,517.1,539.8,1590463
2020-10-21,545.7,546.2,531.7,540.7,2679941
2020-10-22,537.9,548.0,519.5,542.5,3555801
2020-10-23,540.4,562.4,540.4,555.2,2101945
2020-10-26,547.0,562.0,546.4,550.3,1825690
2020-10-27,548.3,551.7,525.0,526.2,2568600
2020-10-28,516.4,517.9,497.8,513.5,2817283
2020-10-29,512.0,517.5,498.1,505.0,1637754
2020-10-30,497.0,509.3,496.3,509.3,1964886
2020-11-02,507.9,508.8,496.25,508.7,2038341
2020-11-03,511.5,528.9,511.5,527.5,1811536
2020-11-04,523.9,537.5,514.9,535.5,2238381
2020-11-05,538.6,549.9,534.1,546.2,1909255
2020-11-06,543.3,552.48,533.5,533.5,3546842
2020-11-09,538.8,649.4,538.8,643.4,6906172
2020-11-10,622.4,699.0,622.4,669.2,5287298
2020-11-11,671.0,697.3,664.5,686.3,3410326
2020-11-12,677.6,686.4,667.8,680.0,2663777
2020-11-13,672.6,681.5,668.6,676.5,1930370
2020-11-16,681.9,718.7,676.8,708.9,3467994
2020-11-17,708.8,720.3,689.8,717.2,2265949
2020-11-18,713.1,714.7,703.2,705.9,2983382
2020-11-19,694.4,700.0,677.0,683.5,2535811
2020-11-20,684.5,686.9,673.2,676.8,2710687
2020-11-23,679.4,694.0,677.9,690.0,2157315
2020-11-24,690.5,714.9,687.2,714.9,2406934
2020-11-25,724.8,724.8,684.9,693.9,1823393
2020-11-26,684.2,692.6,664.5,677.5,1598276
2020-11-27,677.3,682.1,659.78,665.1,2659548
2020-11-30,665.0,676.1,657.6,657.6,3304088
2020-12-01,659.5,691.7,654.95,689.6,1178892
2020-12-02,686.6,704.3,682.6,698.7,1726431
2020-12-03,695.9,712.1,690.4,712.1,1642155
2020-12-04,705.5,732.8,694.1,725.6,2467178
2020-12-07,721.7,726.4,688.3,705.8,2349605
2020-12-08,698.5,711.9,695.97,703.5,1309944
2020-12-09,709.2,723.8,709.2,719.9,2201381
2020-12-10,718.0,722.7,703.15,710.0,1691071
2020-12-11,704.4,705.8,682.1,690.0,4560222
2020-12-14,700.0,715.4,696.4,698.0,2134250
2020-12-15,700.1,712.4,685.3,710.6,1589223
2020-12-16,713.4,729.1,710.6,710.8,1531520
2020-12-17,718.8,719.6,706.5,709.7,1386187
2020-12-18,700.4,708.1,663.6,667.0,3845088
2020-12-21,649.5,656.9,619.1,655.6,2822894
2020-12-22,651.0,669.3,648.1,668.5,1490991
2020-12-23,660.0,688.9,660.0,684.4,1344110
2020-12-24,691.1,702.9,679.31,692.2,451023
2020-12-29,703.9,711.6,692.0,698.1,1615381
2020-12-30,695.7,704.5,688.3,689.7,625867
2020-12-31,679.2,679.4,668.2,673.8,643289
2021-01-04,689.1,693.6,662.08,664.8,2318076
2021-01-05,647.2,675.9,643.7,666.8,1727799
2021-01-06,673.0,697.4,667.3,693.1,1896060
2021-01-07,699.1,699.1,681.2,687.9,1336368
2021-01-08,695.6,699.8,675.2,683.1,1232878
2021-01-11,682.5,687.2,656.5,658.1,1648232
2021-01-12,661.2,663.07,645.8,647.6,4225680
2021-01-13,645.9,656.7,645.9,652.5,909755
2021-01-14,655.3,674.2,653.3,665.4,1271998
2021-01-15,660.2,668.2,650.0,657.7,951486
2021-01-18,673.5,674.3,656.4,664.0,1123305
2021-01-19,665.7,672.5,652.0,654.8,1892460
2021-01-20,658.0,661.0,646.2,653.7,1121361
2021-01-21,655.3,664.6,638.09,638.4,1147952
2021-01-22,643.6,645.1,631.1,634.3,1779210
2021-01-25,634.9,638.2,612.0,613.1,3049815
2021-01-26,613.9,624.3,600.09,622.0,2712682
2021-01-27,621.3,642.6,618.3,638.9,3966453
2021-01-28,628.3,636.5,618.9,630.0,3193710
2021-01-29,623.1,633.3,611.7,614.7,2431535
2021-02-01,614.1,629.8,612.6,621.0,3294465
2021-02-02,625.5,632.2,612.1,622.5,3406104
2021-02-03,633.6,636.7,617.3,618.0,1750768
2021-02-04,618.2,622.5,611.86,615.2,1476262
2021-02-05,615.4,634.5,614.4,628.6,2664921
2021-02-08,630.6,639.6,613.4,619.2,1909809
2021-02-09,616.1,624.2,614.7,623.0,1373515
2021-02-10,629.3,634.3,622.2,624.0,2120600
2021-02-11,622.5,622.5,606.7,610.6,2102333
2021-02-12,610.9,615.7,605.2,607.0,981465
2021-02-15,613.1,636.5,609.8,634.6,1716013
2021-02-16,635.0,641.5,627.14,635.7,2708974
2021-02-17,641.7,643.2,632.8,636.2,3336151
2021-02-18,633.0,636.0,615.3,617.1,1414291
2021-02-19,618.8,622.3,608.8,616.0,1887353
2021-02-22,608.9,628.5,604.4,627.6,1334687
2021-02-23,627.7,665.3,627.7,655.5,3048809
2021-02-24,647.1,682.6,647.1,682.6,3201148
2021-02-25,693.2,695.0,678.1,690.0,3678057
2021-02-26,675.6,680.8,658.5,665.0,3275598
2021-03-01,668.5,692.9,668.5,687.5,3804539
2021-03-02,684.8,694.4,683.1,683.5,3239227
2021-03-03,692.2,701.2,683.3,699.0,2277152
2021-03-04,693.9,707.1,692.8,701.5,2216720
2021-03-05,694.5,701.4,679.4,680.0,1587825
2021-03-08,679.3,691.1,671.6,686.6,1798919
2021-03-09,685.9,705.8,683.3,692.2,3066439
2021-03-10,689.3,697.3,674.0,676.8,2057725
2021-03-11,680.1,683.2,669.1,680.2,1240011
2021-03-12,675.0,683.8,674.3,683.0,42272
